Generate the report at 2025-06-26T07:14:50, GitVersion: aa25008b3778a76ae1975c839d4cc459f7f7b3b7.
+-------------------------------------------------------------------------------------------------+--------------------------+------------+------------+---------------+-------+-------+-----------+
| Endpoint                                                                                        | Clock Group              | Delay Type | Path Delay | Path Required | CPPR  | Slack | Freq(MHz) |
+-------------------------------------------------------------------------------------------------+--------------------------+------------+------------+---------------+-------+-------+-----------+
| u_sa_enhanced.pe_row_gen[13].pe_col_gen[1].u_pe_inst.mul_result_reg_$_DFFE_PN0P__Q_1:D          | clk                      | max        | 1.055f     | 1.058         | 0.000 | 0.003 | 911.679   |
| u_sa_enhanced.pe_row_gen[13].pe_col_gen[1].u_pe_inst.mul_result_reg_$_DFFE_PN0P__Q_1:D          | clk                      | max        | 1.055f     | 1.058         | 0.000 | 0.003 | 911.679   |
| u_sa_enhanced.pe_row_gen[10].pe_col_gen[3].u_pe_inst.mul_result_reg_$_DFFE_PN0P__Q_1:D          | clk                      | max        | 1.053f     | 1.058         | 0.000 | 0.006 | 913.835   |
| u_sa_enhanced.pe_row_gen[7].pe_col_gen[6].u_pe_inst.mul_result_reg_$_DFFE_PN0P__Q_1:D           | clk                      | max        | 1.053f     | 1.058         | 0.000 | 0.006 | 913.835   |
| u_sa_enhanced.pe_row_gen[7].pe_col_gen[6].u_pe_inst.mul_result_reg_$_DFFE_PN0P__Q_1:D           | clk                      | max        | 1.053f     | 1.058         | 0.000 | 0.006 | 913.835   |
| _403592_:E                                                                                      | **clock_gating_default** | max        | 0.812r     | 1.051         | 0.000 | 0.238 | NA        |
| _403333_:E                                                                                      | **clock_gating_default** | max        | 0.606f     | 1.056         | 0.000 | 0.450 | NA        |
| _403594_:E                                                                                      | **clock_gating_default** | max        | 0.565r     | 1.046         | 0.000 | 0.481 | NA        |
| _403523_:E                                                                                      | **clock_gating_default** | max        | 0.524f     | 1.055         | 0.000 | 0.531 | NA        |
| _403517_:E                                                                                      | **clock_gating_default** | max        | 0.524f     | 1.055         | 0.000 | 0.531 | NA        |
| u_sa_enhanced.pe_row_gen[2].pe_col_gen[1].u_pe_inst.pe_calculation_done_latch_$_DFFE_PN0P__Q:D  | clk                      | min        | 0.084f     | 0.003         | 0.000 | 0.082 | NA        |
| u_sa_enhanced.pe_row_gen[14].pe_col_gen[0].u_pe_inst.pe_calculation_done_latch_$_DFFE_PN0P__Q:D | clk                      | min        | 0.084f     | 0.003         | 0.000 | 0.082 | NA        |
| u_sa_enhanced.pe_row_gen[14].pe_col_gen[0].u_pe_inst.pe_calculation_done_latch_$_DFFE_PN0P__Q:D | clk                      | min        | 0.084f     | 0.003         | 0.000 | 0.082 | NA        |
| u_sa_enhanced.pe_row_gen[15].pe_col_gen[1].u_pe_inst.pe_calculation_done_latch_$_DFFE_PN0P__Q:D | clk                      | min        | 0.084f     | 0.003         | 0.000 | 0.082 | NA        |
| u_sa_enhanced.pe_row_gen[15].pe_col_gen[1].u_pe_inst.pe_calculation_done_latch_$_DFFE_PN0P__Q:D | clk                      | min        | 0.084f     | 0.003         | 0.000 | 0.082 | NA        |
| _403330_:E                                                                                      | **clock_gating_default** | min        | 0.077f     | -0.016        | 0.000 | 0.093 | NA        |
| _403330_:E                                                                                      | **clock_gating_default** | min        | 0.095r     | -0.001        | 0.000 | 0.095 | NA        |
| _403557_:E                                                                                      | **clock_gating_default** | min        | 0.109r     | 0.001         | 0.000 | 0.108 | NA        |
| _403470_:E                                                                                      | **clock_gating_default** | min        | 0.109r     | 0.001         | 0.000 | 0.108 | NA        |
| _403566_:E                                                                                      | **clock_gating_default** | min        | 0.109r     | 0.001         | 0.000 | 0.108 | NA        |
+-------------------------------------------------------------------------------------------------+--------------------------+------------+------------+---------------+-------+-------+-----------+
+-------+------------+-------+
| Clock | Delay Type | TNS   |
+-------+------------+-------+
| clk   | max        | 0.000 |
| clk   | min        | 0.000 |
+-------+------------+-------+
+---------------------------------------------------------------------------------------------------+--------+-------------+------------+------------+-------------+--------+-----------------+
| Point                                                                                             | Fanout | Capacitance | Resistance | Transition | Delta Delay | Incr   | Path            |
+---------------------------------------------------------------------------------------------------+--------+-------------+------------+------------+-------------+--------+-----------------+
| clk (port)                                                                                        |        | 1.177       | 0.000      | 0.000      |             | 0.000  | 0.000r          |
| clk (clock net)                                                                                   | 964    |             |            |            | NA          |        |                 |
| _403591_:CK (CLKGATE_X1)                                                                          |        | 0.002       | 0.000      | 0.000      |             | 0.000  | 0.000r          |
| _403591_:GCK (CLKGATE_X1)                                                                         |        | 8.234       | 0.000      | 0.000      |             | 0.000  | 0.000r          |
| _180029_ (clock net)                                                                              | 8432   |             |            |            | NA          |        |                 |
| u_sa_enhanced.pe_row_gen[13].pe_col_gen[1].u_pe_inst.b_reg_$_DFFE_PN0P__Q:CK (DFFR_X1)            |        | 0.001       | 0.000      | 0.000      |             | 0.000  | 0.000r          |
| clock clk (rise edge)                                                                             |        |             |            |            |             | 0      | 0               |
| clock network delay (ideal)                                                                       |        |             |            |            |             | 0.000  | 0.000           |
| u_sa_enhanced.pe_row_gen[13].pe_col_gen[1].u_pe_inst.b_reg_$_DFFE_PN0P__Q:CK (DFFR_X1)            |        | 0.001       | 0.000      | 0.000      |             | 0.000  | 0.000r          |
| u_sa_enhanced.pe_row_gen[13].pe_col_gen[1].u_pe_inst.b_reg_$_DFFE_PN0P__Q:Q (DFFR_X1)             |        | 0.044       | 0.000      | 0.104      |             | 0.199  | 0.199r          |
| u_sa_enhanced.b_data_wires[46][7] (net)                                                           | 15     |             |            |            | 0.000       |        |                 |
| _304578_:A2 (NAND2_X1)                                                                            |        | 0.002       | 0.000      | 0.104      |             | 0.000  | 0.199r          |
| _304578_:ZN (NAND2_X1)                                                                            |        | 0.002       | 0.000      | 0.021      |             | 0.027  | 0.226f          |
| _015108_ (net)                                                                                    | 1      |             |            |            | 0.000       |        |                 |
| _304580_:A (XNOR2_X1)                                                                             |        | 0.002       | 0.000      | 0.021      |             | 0.000  | 0.226f          |
| _304580_:ZN (XNOR2_X1)                                                                            |        | 0.003       | 0.000      | 0.030      |             | 0.044  | 0.269r          |
| _015110_ (net)                                                                                    | 2      |             |            |            | 0.000       |        |                 |
| _304613_:A (XOR2_X1)                                                                              |        | 0.002       | 0.000      | 0.030      |             | 0.000  | 0.269r          |
| _304613_:Z (XOR2_X1)                                                                              |        | 0.004       | 0.000      | 0.037      |             | 0.068  | 0.337r          |
| _015143_ (net)                                                                                    | 2      |             |            |            | 0.000       |        |                 |
| _304614_:B (XOR2_X1)                                                                              |        | 0.002       | 0.000      | 0.037      |             | 0.000  | 0.337r          |
| _304614_:Z (XOR2_X1)                                                                              |        | 0.004       | 0.000      | 0.032      |             | 0.063  | 0.400r          |
| _015144_ (net)                                                                                    | 2      |             |            |            | 0.000       |        |                 |
| _304639_:A (XOR2_X1)                                                                              |        | 0.002       | 0.000      | 0.032      |             | 0.000  | 0.400r          |
| _304639_:Z (XOR2_X1)                                                                              |        | 0.004       | 0.000      | 0.032      |             | 0.063  | 0.463r          |
| _015169_ (net)                                                                                    | 2      |             |            |            | 0.000       |        |                 |
| _304655_:A (XOR2_X1)                                                                              |        | 0.002       | 0.000      | 0.032      |             | 0.000  | 0.463r          |
| _304655_:Z (XOR2_X1)                                                                              |        | 0.004       | 0.000      | 0.032      |             | 0.063  | 0.526r          |
| _015185_ (net)                                                                                    | 2      |             |            |            | 0.000       |        |                 |
| _304796_:A (XOR2_X1)                                                                              |        | 0.002       | 0.000      | 0.032      |             | 0.000  | 0.526r          |
| _304796_:Z (XOR2_X1)                                                                              |        | 0.004       | 0.000      | 0.032      |             | 0.063  | 0.589r          |
| _015326_ (net)                                                                                    | 2      |             |            |            | 0.000       |        |                 |
| _304800_:A (XOR2_X1)                                                                              |        | 0.002       | 0.000      | 0.032      |             | 0.000  | 0.589r          |
| _304800_:Z (XOR2_X1)                                                                              |        | 0.004       | 0.000      | 0.032      |             | 0.063  | 0.652r          |
| _015330_ (net)                                                                                    | 2      |             |            |            | 0.000       |        |                 |
| _304804_:A (XOR2_X1)                                                                              |        | 0.002       | 0.000      | 0.032      |             | 0.000  | 0.652r          |
| _304804_:Z (XOR2_X1)                                                                              |        | 0.005       | 0.000      | 0.037      |             | 0.068  | 0.720r          |
| _015334_ (net)                                                                                    | 3      |             |            |            | 0.000       |        |                 |
| _304808_:A1 (AND2_X1)                                                                             |        | 0.001       | 0.000      | 0.037      |             | 0.000  | 0.720r          |
| _304808_:ZN (AND2_X1)                                                                             |        | 0.007       | 0.000      | 0.020      |             | 0.054  | 0.773r          |
| _015338_ (net)                                                                                    | 2      |             |            |            | 0.000       |        |                 |
| _304810_:A2 (NOR3_X2)                                                                             |        | 0.003       | 0.000      | 0.020      |             | 0.000  | 0.773r          |
| _304810_:ZN (NOR3_X2)                                                                             |        | 0.003       | 0.000      | 0.010      |             | 0.013  | 0.786f          |
| _015340_ (net)                                                                                    | 1      |             |            |            | 0.000       |        |                 |
| _304811_:A1 (NOR2_X2)                                                                             |        | 0.003       | 0.000      | 0.010      |             | 0.000  | 0.786f          |
| _304811_:ZN (NOR2_X2)                                                                             |        | 0.004       | 0.000      | 0.017      |             | 0.025  | 0.811r          |
| _015341_ (net)                                                                                    | 2      |             |            |            | 0.000       |        |                 |
| _304812_:A (INV_X1)                                                                               |        | 0.002       | 0.000      | 0.017      |             | 0.000  | 0.811r          |
| _304812_:ZN (INV_X1)                                                                              |        | 0.002       | 0.000      | 0.006      |             | 0.010  | 0.821f          |
| _015342_ (net)                                                                                    | 1      |             |            |            | 0.000       |        |                 |
| _304818_:A1 (AND2_X2)                                                                             |        | 0.002       | 0.000      | 0.006      |             | 0.000  | 0.821f          |
| _304818_:ZN (AND2_X2)                                                                             |        | 0.004       | 0.000      | 0.007      |             | 0.027  | 0.849f          |
| _015348_ (net)                                                                                    | 2      |             |            |            | 0.000       |        |                 |
| _304820_:B1 (OAI21_X2)                                                                            |        | 0.003       | 0.000      | 0.007      |             | 0.000  | 0.849f          |
| _304820_:ZN (OAI21_X2)                                                                            |        | 0.003       | 0.000      | 0.020      |             | 0.027  | 0.876r          |
| _015350_ (net)                                                                                    | 1      |             |            |            | 0.000       |        |                 |
| _304821_:A (INV_X2)                                                                               |        | 0.003       | 0.000      | 0.020      |             | 0.000  | 0.876r          |
| _304821_:ZN (INV_X2)                                                                              |        | 0.003       | 0.000      | 0.006      |             | 0.009  | 0.885f          |
| _015351_ (net)                                                                                    | 2      |             |            |            | 0.000       |        |                 |
| _304823_:B1 (OAI21_X1)                                                                            |        | 0.002       | 0.000      | 0.006      |             | 0.000  | 0.885f          |
| _304823_:ZN (OAI21_X1)                                                                            |        | 0.002       | 0.000      | 0.020      |             | 0.027  | 0.912r          |
| _015353_ (net)                                                                                    | 1      |             |            |            | 0.000       |        |                 |
| _304825_:A1 (NAND2_X1)                                                                            |        | 0.002       | 0.000      | 0.020      |             | 0.000  | 0.912r          |
| _304825_:ZN (NAND2_X1)                                                                            |        | 0.005       | 0.000      | 0.015      |             | 0.026  | 0.938f          |
| _015355_ (net)                                                                                    | 2      |             |            |            | 0.000       |        |                 |
| _304837_:A1 (NAND2_X2)                                                                            |        | 0.003       | 0.000      | 0.015      |             | 0.000  | 0.938f          |
| _304837_:ZN (NAND2_X2)                                                                            |        | 0.003       | 0.000      | 0.011      |             | 0.018  | 0.956r          |
| _015367_ (net)                                                                                    | 1      |             |            |            | 0.000       |        |                 |
| _304839_:A1 (NAND2_X2)                                                                            |        | 0.003       | 0.000      | 0.011      |             | 0.000  | 0.956r          |
| _304839_:ZN (NAND2_X2)                                                                            |        | 0.004       | 0.000      | 0.008      |             | 0.014  | 0.970f          |
| _015369_ (net)                                                                                    | 2      |             |            |            | 0.000       |        |                 |
| _304845_:A1 (NAND2_X1)                                                                            |        | 0.002       | 0.000      | 0.008      |             | 0.000  | 0.970f          |
| _304845_:ZN (NAND2_X1)                                                                            |        | 0.003       | 0.000      | 0.015      |             | 0.020  | 0.990r          |
| _015375_ (net)                                                                                    | 1      |             |            |            | 0.000       |        |                 |
| _304847_:A1 (NAND2_X2)                                                                            |        | 0.003       | 0.000      | 0.015      |             | 0.000  | 0.990r          |
| _304847_:ZN (NAND2_X2)                                                                            |        | 0.004       | 0.000      | 0.008      |             | 0.015  | 1.005f          |
| _015377_ (net)                                                                                    | 2      |             |            |            | 0.000       |        |                 |
| _304850_:A (XOR2_X1)                                                                              |        | 0.002       | 0.000      | 0.008      |             | 0.000  | 1.005f          |
| _304850_:Z (XOR2_X1)                                                                              |        | 0.001       | 0.000      | 0.012      |             | 0.050  | 1.055f          |
| u_sa_enhanced.pe_row_gen[13].pe_col_gen[1].u_pe_inst.mul_output_data[14] (net)                    | 1      |             |            |            | 0.000       |        |                 |
| u_sa_enhanced.pe_row_gen[13].pe_col_gen[1].u_pe_inst.mul_result_reg_$_DFFE_PN0P__Q_1:D (DFFR_X1)  |        | 0.001       | 0.000      | 0.012      |             | 0.000  | 1.055f          |
|                                                                                                   |        |             |            |            |             |        |                 |
| clk (port)                                                                                        |        | 1.177       | 0.000      | 0.000      |             | 0.000  | 0.000r          |
| clk (clock net)                                                                                   | 964    |             |            |            | NA          |        |                 |
| _403591_:CK (CLKGATE_X1)                                                                          |        | 0.002       | 0.000      | 0.000      |             | 0.000  | 0.000r          |
| _403591_:GCK (CLKGATE_X1)                                                                         |        | 8.234       | 0.000      | 0.000      |             | 0.000  | 0.000r          |
| _180029_ (clock net)                                                                              | 8432   |             |            |            | NA          |        |                 |
| u_sa_enhanced.pe_row_gen[13].pe_col_gen[1].u_pe_inst.mul_result_reg_$_DFFE_PN0P__Q_1:CK (DFFR_X1) |        | 0.001       | 0.000      | 0.000      |             | 0.000  | 0.000r          |
| clock clk (rise edge)                                                                             |        |             |            |            |             | 1.1    | 1.1             |
| clock network delay (ideal)                                                                       |        |             |            |            |             | 0.000  | 1.100           |
| u_sa_enhanced.pe_row_gen[13].pe_col_gen[1].u_pe_inst.mul_result_reg_$_DFFE_PN0P__Q_1:CK (DFFR_X1) |        |             |            |            |             |        | 1.100r          |
| library setup time                                                                                |        |             |            |            |             | -0.042 | 1.058           |
| clock reconvergence pessimism                                                                     |        |             |            |            |             | 0.000  | 1.058           |
|                                                                                                   |        |             |            |            |             |        |                 |
| path cell delay                                                                                   |        |             |            |            |             |        | 1.055(100.000%) |
| path net delay                                                                                    |        |             |            |            |             |        | 0.000(0.000%)   |
|                                                                                                   |        |             |            |            |             |        |                 |
| data require time                                                                                 |        |             |            |            |             |        | 1.058           |
| data arrival time                                                                                 |        |             |            |            |             |        | 1.055           |
| slack (MET)                                                                                       |        |             |            |            |             |        | 0.003           |
+---------------------------------------------------------------------------------------------------+--------+-------------+------------+------------+-------------+--------+-----------------+
+---------------------------------------------------------------------------------------------------+--------+-------------+------------+------------+-------------+--------+-----------------+
| Point                                                                                             | Fanout | Capacitance | Resistance | Transition | Delta Delay | Incr   | Path            |
+---------------------------------------------------------------------------------------------------+--------+-------------+------------+------------+-------------+--------+-----------------+
| clk (port)                                                                                        |        | 1.177       | 0.000      | 0.000      |             | 0.000  | 0.000r          |
| clk (clock net)                                                                                   | 964    |             |            |            | NA          |        |                 |
| _403591_:CK (CLKGATE_X1)                                                                          |        | 0.002       | 0.000      | 0.000      |             | 0.000  | 0.000r          |
| _403591_:GCK (CLKGATE_X1)                                                                         |        | 8.234       | 0.000      | 0.000      |             | 0.000  | 0.000r          |
| _180029_ (clock net)                                                                              | 8432   |             |            |            | NA          |        |                 |
| u_sa_enhanced.pe_row_gen[13].pe_col_gen[1].u_pe_inst.b_reg_$_DFFE_PN0P__Q:CK (DFFR_X1)            |        | 0.001       | 0.000      | 0.000      |             | 0.000  | 0.000r          |
| clock clk (rise edge)                                                                             |        |             |            |            |             | 0      | 0               |
| clock network delay (ideal)                                                                       |        |             |            |            |             | 0.000  | 0.000           |
| u_sa_enhanced.pe_row_gen[13].pe_col_gen[1].u_pe_inst.b_reg_$_DFFE_PN0P__Q:CK (DFFR_X1)            |        | 0.001       | 0.000      | 0.000      |             | 0.000  | 0.000r          |
| u_sa_enhanced.pe_row_gen[13].pe_col_gen[1].u_pe_inst.b_reg_$_DFFE_PN0P__Q:Q (DFFR_X1)             |        | 0.044       | 0.000      | 0.104      |             | 0.199  | 0.199r          |
| u_sa_enhanced.b_data_wires[46][7] (net)                                                           | 15     |             |            |            | 0.000       |        |                 |
| _304578_:A2 (NAND2_X1)                                                                            |        | 0.002       | 0.000      | 0.104      |             | 0.000  | 0.199r          |
| _304578_:ZN (NAND2_X1)                                                                            |        | 0.002       | 0.000      | 0.021      |             | 0.027  | 0.226f          |
| _015108_ (net)                                                                                    | 1      |             |            |            | 0.000       |        |                 |
| _304580_:A (XNOR2_X1)                                                                             |        | 0.002       | 0.000      | 0.021      |             | 0.000  | 0.226f          |
| _304580_:ZN (XNOR2_X1)                                                                            |        | 0.003       | 0.000      | 0.030      |             | 0.044  | 0.269r          |
| _015110_ (net)                                                                                    | 2      |             |            |            | 0.000       |        |                 |
| _304613_:A (XOR2_X1)                                                                              |        | 0.002       | 0.000      | 0.030      |             | 0.000  | 0.269r          |
| _304613_:Z (XOR2_X1)                                                                              |        | 0.004       | 0.000      | 0.037      |             | 0.068  | 0.337r          |
| _015143_ (net)                                                                                    | 2      |             |            |            | 0.000       |        |                 |
| _304614_:B (XOR2_X1)                                                                              |        | 0.002       | 0.000      | 0.037      |             | 0.000  | 0.337r          |
| _304614_:Z (XOR2_X1)                                                                              |        | 0.004       | 0.000      | 0.032      |             | 0.063  | 0.400r          |
| _015144_ (net)                                                                                    | 2      |             |            |            | 0.000       |        |                 |
| _304639_:A (XOR2_X1)                                                                              |        | 0.002       | 0.000      | 0.032      |             | 0.000  | 0.400r          |
| _304639_:Z (XOR2_X1)                                                                              |        | 0.004       | 0.000      | 0.032      |             | 0.063  | 0.463r          |
| _015169_ (net)                                                                                    | 2      |             |            |            | 0.000       |        |                 |
| _304655_:A (XOR2_X1)                                                                              |        | 0.002       | 0.000      | 0.032      |             | 0.000  | 0.463r          |
| _304655_:Z (XOR2_X1)                                                                              |        | 0.004       | 0.000      | 0.032      |             | 0.063  | 0.526r          |
| _015185_ (net)                                                                                    | 2      |             |            |            | 0.000       |        |                 |
| _304796_:A (XOR2_X1)                                                                              |        | 0.002       | 0.000      | 0.032      |             | 0.000  | 0.526r          |
| _304796_:Z (XOR2_X1)                                                                              |        | 0.004       | 0.000      | 0.032      |             | 0.063  | 0.589r          |
| _015326_ (net)                                                                                    | 2      |             |            |            | 0.000       |        |                 |
| _304800_:A (XOR2_X1)                                                                              |        | 0.002       | 0.000      | 0.032      |             | 0.000  | 0.589r          |
| _304800_:Z (XOR2_X1)                                                                              |        | 0.004       | 0.000      | 0.032      |             | 0.063  | 0.652r          |
| _015330_ (net)                                                                                    | 2      |             |            |            | 0.000       |        |                 |
| _304804_:A (XOR2_X1)                                                                              |        | 0.002       | 0.000      | 0.032      |             | 0.000  | 0.652r          |
| _304804_:Z (XOR2_X1)                                                                              |        | 0.005       | 0.000      | 0.037      |             | 0.068  | 0.720r          |
| _015334_ (net)                                                                                    | 3      |             |            |            | 0.000       |        |                 |
| _304808_:A1 (AND2_X1)                                                                             |        | 0.001       | 0.000      | 0.037      |             | 0.000  | 0.720r          |
| _304808_:ZN (AND2_X1)                                                                             |        | 0.007       | 0.000      | 0.020      |             | 0.054  | 0.773r          |
| _015338_ (net)                                                                                    | 2      |             |            |            | 0.000       |        |                 |
| _304810_:A2 (NOR3_X2)                                                                             |        | 0.003       | 0.000      | 0.020      |             | 0.000  | 0.773r          |
| _304810_:ZN (NOR3_X2)                                                                             |        | 0.003       | 0.000      | 0.010      |             | 0.013  | 0.786f          |
| _015340_ (net)                                                                                    | 1      |             |            |            | 0.000       |        |                 |
| _304811_:A1 (NOR2_X2)                                                                             |        | 0.003       | 0.000      | 0.010      |             | 0.000  | 0.786f          |
| _304811_:ZN (NOR2_X2)                                                                             |        | 0.004       | 0.000      | 0.017      |             | 0.025  | 0.811r          |
| _015341_ (net)                                                                                    | 2      |             |            |            | 0.000       |        |                 |
| _304812_:A (INV_X1)                                                                               |        | 0.002       | 0.000      | 0.017      |             | 0.000  | 0.811r          |
| _304812_:ZN (INV_X1)                                                                              |        | 0.002       | 0.000      | 0.006      |             | 0.010  | 0.821f          |
| _015342_ (net)                                                                                    | 1      |             |            |            | 0.000       |        |                 |
| _304818_:A1 (AND2_X2)                                                                             |        | 0.002       | 0.000      | 0.006      |             | 0.000  | 0.821f          |
| _304818_:ZN (AND2_X2)                                                                             |        | 0.004       | 0.000      | 0.007      |             | 0.027  | 0.849f          |
| _015348_ (net)                                                                                    | 2      |             |            |            | 0.000       |        |                 |
| _304820_:B1 (OAI21_X2)                                                                            |        | 0.003       | 0.000      | 0.007      |             | 0.000  | 0.849f          |
| _304820_:ZN (OAI21_X2)                                                                            |        | 0.003       | 0.000      | 0.020      |             | 0.027  | 0.876r          |
| _015350_ (net)                                                                                    | 1      |             |            |            | 0.000       |        |                 |
| _304821_:A (INV_X2)                                                                               |        | 0.003       | 0.000      | 0.020      |             | 0.000  | 0.876r          |
| _304821_:ZN (INV_X2)                                                                              |        | 0.003       | 0.000      | 0.006      |             | 0.009  | 0.885f          |
| _015351_ (net)                                                                                    | 2      |             |            |            | 0.000       |        |                 |
| _304823_:B1 (OAI21_X1)                                                                            |        | 0.002       | 0.000      | 0.006      |             | 0.000  | 0.885f          |
| _304823_:ZN (OAI21_X1)                                                                            |        | 0.002       | 0.000      | 0.020      |             | 0.027  | 0.912r          |
| _015353_ (net)                                                                                    | 1      |             |            |            | 0.000       |        |                 |
| _304825_:A1 (NAND2_X1)                                                                            |        | 0.002       | 0.000      | 0.020      |             | 0.000  | 0.912r          |
| _304825_:ZN (NAND2_X1)                                                                            |        | 0.005       | 0.000      | 0.015      |             | 0.026  | 0.938f          |
| _015355_ (net)                                                                                    | 2      |             |            |            | 0.000       |        |                 |
| _304837_:A1 (NAND2_X2)                                                                            |        | 0.003       | 0.000      | 0.015      |             | 0.000  | 0.938f          |
| _304837_:ZN (NAND2_X2)                                                                            |        | 0.003       | 0.000      | 0.011      |             | 0.018  | 0.956r          |
| _015367_ (net)                                                                                    | 1      |             |            |            | 0.000       |        |                 |
| _304839_:A1 (NAND2_X2)                                                                            |        | 0.003       | 0.000      | 0.011      |             | 0.000  | 0.956r          |
| _304839_:ZN (NAND2_X2)                                                                            |        | 0.004       | 0.000      | 0.008      |             | 0.014  | 0.970f          |
| _015369_ (net)                                                                                    | 2      |             |            |            | 0.000       |        |                 |
| _304845_:A1 (NAND2_X1)                                                                            |        | 0.002       | 0.000      | 0.008      |             | 0.000  | 0.970f          |
| _304845_:ZN (NAND2_X1)                                                                            |        | 0.003       | 0.000      | 0.015      |             | 0.020  | 0.990r          |
| _015375_ (net)                                                                                    | 1      |             |            |            | 0.000       |        |                 |
| _304847_:A1 (NAND2_X2)                                                                            |        | 0.003       | 0.000      | 0.015      |             | 0.000  | 0.990r          |
| _304847_:ZN (NAND2_X2)                                                                            |        | 0.004       | 0.000      | 0.008      |             | 0.015  | 1.005f          |
| _015377_ (net)                                                                                    | 2      |             |            |            | 0.000       |        |                 |
| _304850_:A (XOR2_X1)                                                                              |        | 0.002       | 0.000      | 0.008      |             | 0.000  | 1.005f          |
| _304850_:Z (XOR2_X1)                                                                              |        | 0.001       | 0.000      | 0.012      |             | 0.050  | 1.055f          |
| u_sa_enhanced.pe_row_gen[13].pe_col_gen[1].u_pe_inst.mul_output_data[14] (net)                    | 1      |             |            |            | 0.000       |        |                 |
| u_sa_enhanced.pe_row_gen[13].pe_col_gen[1].u_pe_inst.mul_result_reg_$_DFFE_PN0P__Q_1:D (DFFR_X1)  |        | 0.001       | 0.000      | 0.012      |             | 0.000  | 1.055f          |
|                                                                                                   |        |             |            |            |             |        |                 |
| clk (port)                                                                                        |        | 1.177       | 0.000      | 0.000      |             | 0.000  | 0.000r          |
| clk (clock net)                                                                                   | 964    |             |            |            | NA          |        |                 |
| _403591_:CK (CLKGATE_X1)                                                                          |        | 0.002       | 0.000      | 0.000      |             | 0.000  | 0.000r          |
| _403591_:GCK (CLKGATE_X1)                                                                         |        | 8.234       | 0.000      | 0.000      |             | 0.000  | 0.000r          |
| _180029_ (clock net)                                                                              | 8432   |             |            |            | NA          |        |                 |
| u_sa_enhanced.pe_row_gen[13].pe_col_gen[1].u_pe_inst.mul_result_reg_$_DFFE_PN0P__Q_1:CK (DFFR_X1) |        | 0.001       | 0.000      | 0.000      |             | 0.000  | 0.000r          |
| clock clk (rise edge)                                                                             |        |             |            |            |             | 1.1    | 1.1             |
| clock network delay (ideal)                                                                       |        |             |            |            |             | 0.000  | 1.100           |
| u_sa_enhanced.pe_row_gen[13].pe_col_gen[1].u_pe_inst.mul_result_reg_$_DFFE_PN0P__Q_1:CK (DFFR_X1) |        |             |            |            |             |        | 1.100r          |
| library setup time                                                                                |        |             |            |            |             | -0.042 | 1.058           |
| clock reconvergence pessimism                                                                     |        |             |            |            |             | 0.000  | 1.058           |
|                                                                                                   |        |             |            |            |             |        |                 |
| path cell delay                                                                                   |        |             |            |            |             |        | 1.055(100.000%) |
| path net delay                                                                                    |        |             |            |            |             |        | 0.000(0.000%)   |
|                                                                                                   |        |             |            |            |             |        |                 |
| data require time                                                                                 |        |             |            |            |             |        | 1.058           |
| data arrival time                                                                                 |        |             |            |            |             |        | 1.055           |
| slack (MET)                                                                                       |        |             |            |            |             |        | 0.003           |
+---------------------------------------------------------------------------------------------------+--------+-------------+------------+------------+-------------+--------+-----------------+
+---------------------------------------------------------------------------------------------------+--------+-------------+------------+------------+-------------+--------+-----------------+
| Point                                                                                             | Fanout | Capacitance | Resistance | Transition | Delta Delay | Incr   | Path            |
+---------------------------------------------------------------------------------------------------+--------+-------------+------------+------------+-------------+--------+-----------------+
| clk (port)                                                                                        |        | 1.177       | 0.000      | 0.000      |             | 0.000  | 0.000r          |
| clk (clock net)                                                                                   | 964    |             |            |            | NA          |        |                 |
| _403591_:CK (CLKGATE_X1)                                                                          |        | 0.002       | 0.000      | 0.000      |             | 0.000  | 0.000r          |
| _403591_:GCK (CLKGATE_X1)                                                                         |        | 8.234       | 0.000      | 0.000      |             | 0.000  | 0.000r          |
| _180029_ (clock net)                                                                              | 8432   |             |            |            | NA          |        |                 |
| u_sa_enhanced.pe_row_gen[10].pe_col_gen[3].u_pe_inst.b_reg_$_DFFE_PN0P__Q:CK (DFFR_X1)            |        | 0.001       | 0.000      | 0.000      |             | 0.000  | 0.000r          |
| clock clk (rise edge)                                                                             |        |             |            |            |             | 0      | 0               |
| clock network delay (ideal)                                                                       |        |             |            |            |             | 0.000  | 0.000           |
| u_sa_enhanced.pe_row_gen[10].pe_col_gen[3].u_pe_inst.b_reg_$_DFFE_PN0P__Q:CK (DFFR_X1)            |        | 0.001       | 0.000      | 0.000      |             | 0.000  | 0.000r          |
| u_sa_enhanced.pe_row_gen[10].pe_col_gen[3].u_pe_inst.b_reg_$_DFFE_PN0P__Q:Q (DFFR_X1)             |        | 0.042       | 0.000      | 0.101      |             | 0.196  | 0.196r          |
| u_sa_enhanced.b_data_wires[92][7] (net)                                                           | 14     |             |            |            | 0.000       |        |                 |
| _272245_:A2 (NAND2_X1)                                                                            |        | 0.002       | 0.000      | 0.101      |             | 0.000  | 0.196r          |
| _272245_:ZN (NAND2_X1)                                                                            |        | 0.002       | 0.000      | 0.020      |             | 0.027  | 0.223f          |
| _165125_ (net)                                                                                    | 1      |             |            |            | 0.000       |        |                 |
| _272247_:A (XNOR2_X1)                                                                             |        | 0.002       | 0.000      | 0.020      |             | 0.000  | 0.223f          |
| _272247_:ZN (XNOR2_X1)                                                                            |        | 0.003       | 0.000      | 0.030      |             | 0.043  | 0.267r          |
| _165127_ (net)                                                                                    | 2      |             |            |            | 0.000       |        |                 |
| _272280_:A (XOR2_X1)                                                                              |        | 0.002       | 0.000      | 0.030      |             | 0.000  | 0.267r          |
| _272280_:Z (XOR2_X1)                                                                              |        | 0.004       | 0.000      | 0.037      |             | 0.068  | 0.334r          |
| _165160_ (net)                                                                                    | 2      |             |            |            | 0.000       |        |                 |
| _272281_:B (XOR2_X1)                                                                              |        | 0.002       | 0.000      | 0.037      |             | 0.000  | 0.334r          |
| _272281_:Z (XOR2_X1)                                                                              |        | 0.004       | 0.000      | 0.032      |             | 0.063  | 0.397r          |
| _165161_ (net)                                                                                    | 2      |             |            |            | 0.000       |        |                 |
| _272306_:A (XOR2_X1)                                                                              |        | 0.002       | 0.000      | 0.032      |             | 0.000  | 0.397r          |
| _272306_:Z (XOR2_X1)                                                                              |        | 0.004       | 0.000      | 0.032      |             | 0.063  | 0.460r          |
| _165186_ (net)                                                                                    | 2      |             |            |            | 0.000       |        |                 |
| _272321_:A (XOR2_X1)                                                                              |        | 0.002       | 0.000      | 0.032      |             | 0.000  | 0.460r          |
| _272321_:Z (XOR2_X1)                                                                              |        | 0.004       | 0.000      | 0.032      |             | 0.063  | 0.523r          |
| _165201_ (net)                                                                                    | 2      |             |            |            | 0.000       |        |                 |
| _272463_:A (XOR2_X1)                                                                              |        | 0.002       | 0.000      | 0.032      |             | 0.000  | 0.523r          |
| _272463_:Z (XOR2_X1)                                                                              |        | 0.004       | 0.000      | 0.032      |             | 0.063  | 0.586r          |
| _165343_ (net)                                                                                    | 2      |             |            |            | 0.000       |        |                 |
| _272467_:A (XOR2_X1)                                                                              |        | 0.002       | 0.000      | 0.032      |             | 0.000  | 0.586r          |
| _272467_:Z (XOR2_X1)                                                                              |        | 0.004       | 0.000      | 0.032      |             | 0.063  | 0.649r          |
| _165347_ (net)                                                                                    | 2      |             |            |            | 0.000       |        |                 |
| _272471_:A (XOR2_X1)                                                                              |        | 0.002       | 0.000      | 0.032      |             | 0.000  | 0.649r          |
| _272471_:Z (XOR2_X1)                                                                              |        | 0.005       | 0.000      | 0.037      |             | 0.068  | 0.717r          |
| _165351_ (net)                                                                                    | 3      |             |            |            | 0.000       |        |                 |
| _272475_:A1 (AND2_X1)                                                                             |        | 0.001       | 0.000      | 0.037      |             | 0.000  | 0.717r          |
| _272475_:ZN (AND2_X1)                                                                             |        | 0.007       | 0.000      | 0.020      |             | 0.054  | 0.771r          |
| _165355_ (net)                                                                                    | 2      |             |            |            | 0.000       |        |                 |
| _272477_:A2 (NOR3_X2)                                                                             |        | 0.003       | 0.000      | 0.020      |             | 0.000  | 0.771r          |
| _272477_:ZN (NOR3_X2)                                                                             |        | 0.003       | 0.000      | 0.010      |             | 0.013  | 0.784f          |
| _165357_ (net)                                                                                    | 1      |             |            |            | 0.000       |        |                 |
| _272478_:A1 (NOR2_X2)                                                                             |        | 0.003       | 0.000      | 0.010      |             | 0.000  | 0.784f          |
| _272478_:ZN (NOR2_X2)                                                                             |        | 0.004       | 0.000      | 0.017      |             | 0.025  | 0.809r          |
| _165358_ (net)                                                                                    | 2      |             |            |            | 0.000       |        |                 |
| _272479_:A (INV_X1)                                                                               |        | 0.002       | 0.000      | 0.017      |             | 0.000  | 0.809r          |
| _272479_:ZN (INV_X1)                                                                              |        | 0.002       | 0.000      | 0.006      |             | 0.010  | 0.819f          |
| _165359_ (net)                                                                                    | 1      |             |            |            | 0.000       |        |                 |
| _272485_:A1 (AND2_X2)                                                                             |        | 0.002       | 0.000      | 0.006      |             | 0.000  | 0.819f          |
| _272485_:ZN (AND2_X2)                                                                             |        | 0.004       | 0.000      | 0.007      |             | 0.027  | 0.846f          |
| _165365_ (net)                                                                                    | 2      |             |            |            | 0.000       |        |                 |
| _272487_:B1 (OAI21_X2)                                                                            |        | 0.003       | 0.000      | 0.007      |             | 0.000  | 0.846f          |
| _272487_:ZN (OAI21_X2)                                                                            |        | 0.003       | 0.000      | 0.020      |             | 0.027  | 0.874r          |
| _165367_ (net)                                                                                    | 1      |             |            |            | 0.000       |        |                 |
| _272488_:A (INV_X2)                                                                               |        | 0.003       | 0.000      | 0.020      |             | 0.000  | 0.874r          |
| _272488_:ZN (INV_X2)                                                                              |        | 0.003       | 0.000      | 0.006      |             | 0.009  | 0.882f          |
| _165368_ (net)                                                                                    | 2      |             |            |            | 0.000       |        |                 |
| _272490_:B1 (OAI21_X1)                                                                            |        | 0.002       | 0.000      | 0.006      |             | 0.000  | 0.882f          |
| _272490_:ZN (OAI21_X1)                                                                            |        | 0.002       | 0.000      | 0.020      |             | 0.027  | 0.910r          |
| _165370_ (net)                                                                                    | 1      |             |            |            | 0.000       |        |                 |
| _272492_:A1 (NAND2_X1)                                                                            |        | 0.002       | 0.000      | 0.020      |             | 0.000  | 0.910r          |
| _272492_:ZN (NAND2_X1)                                                                            |        | 0.005       | 0.000      | 0.015      |             | 0.026  | 0.935f          |
| _165372_ (net)                                                                                    | 2      |             |            |            | 0.000       |        |                 |
| _272504_:A1 (NAND2_X2)                                                                            |        | 0.003       | 0.000      | 0.015      |             | 0.000  | 0.935f          |
| _272504_:ZN (NAND2_X2)                                                                            |        | 0.003       | 0.000      | 0.011      |             | 0.018  | 0.954r          |
| _165384_ (net)                                                                                    | 1      |             |            |            | 0.000       |        |                 |
| _272506_:A1 (NAND2_X2)                                                                            |        | 0.003       | 0.000      | 0.011      |             | 0.000  | 0.954r          |
| _272506_:ZN (NAND2_X2)                                                                            |        | 0.004       | 0.000      | 0.008      |             | 0.014  | 0.968f          |
| _165386_ (net)                                                                                    | 2      |             |            |            | 0.000       |        |                 |
| _272512_:A1 (NAND2_X1)                                                                            |        | 0.002       | 0.000      | 0.008      |             | 0.000  | 0.968f          |
| _272512_:ZN (NAND2_X1)                                                                            |        | 0.003       | 0.000      | 0.015      |             | 0.020  | 0.987r          |
| _165392_ (net)                                                                                    | 1      |             |            |            | 0.000       |        |                 |
| _272514_:A1 (NAND2_X2)                                                                            |        | 0.003       | 0.000      | 0.015      |             | 0.000  | 0.987r          |
| _272514_:ZN (NAND2_X2)                                                                            |        | 0.004       | 0.000      | 0.008      |             | 0.015  | 1.002f          |
| _165394_ (net)                                                                                    | 2      |             |            |            | 0.000       |        |                 |
| _272517_:A (XOR2_X1)                                                                              |        | 0.002       | 0.000      | 0.008      |             | 0.000  | 1.002f          |
| _272517_:Z (XOR2_X1)                                                                              |        | 0.001       | 0.000      | 0.012      |             | 0.050  | 1.053f          |
| u_sa_enhanced.pe_row_gen[10].pe_col_gen[3].u_pe_inst.mul_output_data[14] (net)                    | 1      |             |            |            | 0.000       |        |                 |
| u_sa_enhanced.pe_row_gen[10].pe_col_gen[3].u_pe_inst.mul_result_reg_$_DFFE_PN0P__Q_1:D (DFFR_X1)  |        | 0.001       | 0.000      | 0.012      |             | 0.000  | 1.053f          |
|                                                                                                   |        |             |            |            |             |        |                 |
| clk (port)                                                                                        |        | 1.177       | 0.000      | 0.000      |             | 0.000  | 0.000r          |
| clk (clock net)                                                                                   | 964    |             |            |            | NA          |        |                 |
| _403591_:CK (CLKGATE_X1)                                                                          |        | 0.002       | 0.000      | 0.000      |             | 0.000  | 0.000r          |
| _403591_:GCK (CLKGATE_X1)                                                                         |        | 8.234       | 0.000      | 0.000      |             | 0.000  | 0.000r          |
| _180029_ (clock net)                                                                              | 8432   |             |            |            | NA          |        |                 |
| u_sa_enhanced.pe_row_gen[10].pe_col_gen[3].u_pe_inst.mul_result_reg_$_DFFE_PN0P__Q_1:CK (DFFR_X1) |        | 0.001       | 0.000      | 0.000      |             | 0.000  | 0.000r          |
| clock clk (rise edge)                                                                             |        |             |            |            |             | 1.1    | 1.1             |
| clock network delay (ideal)                                                                       |        |             |            |            |             | 0.000  | 1.100           |
| u_sa_enhanced.pe_row_gen[10].pe_col_gen[3].u_pe_inst.mul_result_reg_$_DFFE_PN0P__Q_1:CK (DFFR_X1) |        |             |            |            |             |        | 1.100r          |
| library setup time                                                                                |        |             |            |            |             | -0.042 | 1.058           |
| clock reconvergence pessimism                                                                     |        |             |            |            |             | 0.000  | 1.058           |
|                                                                                                   |        |             |            |            |             |        |                 |
| path cell delay                                                                                   |        |             |            |            |             |        | 1.053(100.000%) |
| path net delay                                                                                    |        |             |            |            |             |        | 0.000(0.000%)   |
|                                                                                                   |        |             |            |            |             |        |                 |
| data require time                                                                                 |        |             |            |            |             |        | 1.058           |
| data arrival time                                                                                 |        |             |            |            |             |        | 1.053           |
| slack (MET)                                                                                       |        |             |            |            |             |        | 0.006           |
+---------------------------------------------------------------------------------------------------+--------+-------------+------------+------------+-------------+--------+-----------------+
+--------------------------------------------------------------------------------------------------+--------+-------------+------------+------------+-------------+--------+-----------------+
| Point                                                                                            | Fanout | Capacitance | Resistance | Transition | Delta Delay | Incr   | Path            |
+--------------------------------------------------------------------------------------------------+--------+-------------+------------+------------+-------------+--------+-----------------+
| clk (port)                                                                                       |        | 1.177       | 0.000      | 0.000      |             | 0.000  | 0.000r          |
| clk (clock net)                                                                                  | 964    |             |            |            | NA          |        |                 |
| _403591_:CK (CLKGATE_X1)                                                                         |        | 0.002       | 0.000      | 0.000      |             | 0.000  | 0.000r          |
| _403591_:GCK (CLKGATE_X1)                                                                        |        | 8.234       | 0.000      | 0.000      |             | 0.000  | 0.000r          |
| _180029_ (clock net)                                                                             | 8432   |             |            |            | NA          |        |                 |
| u_sa_enhanced.pe_row_gen[7].pe_col_gen[6].u_pe_inst.b_reg_$_DFFE_PN0P__Q:CK (DFFR_X1)            |        | 0.001       | 0.000      | 0.000      |             | 0.000  | 0.000r          |
| clock clk (rise edge)                                                                            |        |             |            |            |             | 0      | 0               |
| clock network delay (ideal)                                                                      |        |             |            |            |             | 0.000  | 0.000           |
| u_sa_enhanced.pe_row_gen[7].pe_col_gen[6].u_pe_inst.b_reg_$_DFFE_PN0P__Q:CK (DFFR_X1)            |        | 0.001       | 0.000      | 0.000      |             | 0.000  | 0.000r          |
| u_sa_enhanced.pe_row_gen[7].pe_col_gen[6].u_pe_inst.b_reg_$_DFFE_PN0P__Q:Q (DFFR_X1)             |        | 0.042       | 0.000      | 0.101      |             | 0.196  | 0.196r          |
| u_sa_enhanced.b_data_wires[137][7] (net)                                                         | 14     |             |            |            | 0.000       |        |                 |
| _211200_:A2 (NAND2_X1)                                                                           |        | 0.002       | 0.000      | 0.101      |             | 0.000  | 0.196r          |
| _211200_:ZN (NAND2_X1)                                                                           |        | 0.002       | 0.000      | 0.020      |             | 0.027  | 0.223f          |
| _109935_ (net)                                                                                   | 1      |             |            |            | 0.000       |        |                 |
| _211202_:A (XNOR2_X1)                                                                            |        | 0.002       | 0.000      | 0.020      |             | 0.000  | 0.223f          |
| _211202_:ZN (XNOR2_X1)                                                                           |        | 0.003       | 0.000      | 0.030      |             | 0.043  | 0.267r          |
| _109937_ (net)                                                                                   | 2      |             |            |            | 0.000       |        |                 |
| _211235_:A (XOR2_X1)                                                                             |        | 0.002       | 0.000      | 0.030      |             | 0.000  | 0.267r          |
| _211235_:Z (XOR2_X1)                                                                             |        | 0.004       | 0.000      | 0.037      |             | 0.068  | 0.334r          |
| _109970_ (net)                                                                                   | 2      |             |            |            | 0.000       |        |                 |
| _211236_:B (XOR2_X1)                                                                             |        | 0.002       | 0.000      | 0.037      |             | 0.000  | 0.334r          |
| _211236_:Z (XOR2_X1)                                                                             |        | 0.004       | 0.000      | 0.032      |             | 0.063  | 0.397r          |
| _109971_ (net)                                                                                   | 2      |             |            |            | 0.000       |        |                 |
| _211261_:A (XOR2_X1)                                                                             |        | 0.002       | 0.000      | 0.032      |             | 0.000  | 0.397r          |
| _211261_:Z (XOR2_X1)                                                                             |        | 0.004       | 0.000      | 0.032      |             | 0.063  | 0.460r          |
| _109996_ (net)                                                                                   | 2      |             |            |            | 0.000       |        |                 |
| _211277_:A (XOR2_X1)                                                                             |        | 0.002       | 0.000      | 0.032      |             | 0.000  | 0.460r          |
| _211277_:Z (XOR2_X1)                                                                             |        | 0.004       | 0.000      | 0.032      |             | 0.063  | 0.523r          |
| _110012_ (net)                                                                                   | 2      |             |            |            | 0.000       |        |                 |
| _211402_:A (XOR2_X1)                                                                             |        | 0.002       | 0.000      | 0.032      |             | 0.000  | 0.523r          |
| _211402_:Z (XOR2_X1)                                                                             |        | 0.004       | 0.000      | 0.032      |             | 0.063  | 0.586r          |
| _110137_ (net)                                                                                   | 2      |             |            |            | 0.000       |        |                 |
| _211406_:A (XOR2_X1)                                                                             |        | 0.002       | 0.000      | 0.032      |             | 0.000  | 0.586r          |
| _211406_:Z (XOR2_X1)                                                                             |        | 0.004       | 0.000      | 0.032      |             | 0.063  | 0.649r          |
| _110141_ (net)                                                                                   | 2      |             |            |            | 0.000       |        |                 |
| _211410_:A (XOR2_X1)                                                                             |        | 0.002       | 0.000      | 0.032      |             | 0.000  | 0.649r          |
| _211410_:Z (XOR2_X1)                                                                             |        | 0.005       | 0.000      | 0.037      |             | 0.068  | 0.717r          |
| _110145_ (net)                                                                                   | 3      |             |            |            | 0.000       |        |                 |
| _211414_:A1 (AND2_X1)                                                                            |        | 0.001       | 0.000      | 0.037      |             | 0.000  | 0.717r          |
| _211414_:ZN (AND2_X1)                                                                            |        | 0.007       | 0.000      | 0.020      |             | 0.054  | 0.771r          |
| _110149_ (net)                                                                                   | 2      |             |            |            | 0.000       |        |                 |
| _211416_:A2 (NOR3_X2)                                                                            |        | 0.003       | 0.000      | 0.020      |             | 0.000  | 0.771r          |
| _211416_:ZN (NOR3_X2)                                                                            |        | 0.003       | 0.000      | 0.010      |             | 0.013  | 0.784f          |
| _110151_ (net)                                                                                   | 1      |             |            |            | 0.000       |        |                 |
| _211417_:A1 (NOR2_X2)                                                                            |        | 0.003       | 0.000      | 0.010      |             | 0.000  | 0.784f          |
| _211417_:ZN (NOR2_X2)                                                                            |        | 0.004       | 0.000      | 0.017      |             | 0.025  | 0.809r          |
| _110152_ (net)                                                                                   | 2      |             |            |            | 0.000       |        |                 |
| _211418_:A (INV_X1)                                                                              |        | 0.002       | 0.000      | 0.017      |             | 0.000  | 0.809r          |
| _211418_:ZN (INV_X1)                                                                             |        | 0.002       | 0.000      | 0.006      |             | 0.010  | 0.819f          |
| _110153_ (net)                                                                                   | 1      |             |            |            | 0.000       |        |                 |
| _211424_:A1 (AND2_X2)                                                                            |        | 0.002       | 0.000      | 0.006      |             | 0.000  | 0.819f          |
| _211424_:ZN (AND2_X2)                                                                            |        | 0.004       | 0.000      | 0.007      |             | 0.027  | 0.846f          |
| _110159_ (net)                                                                                   | 2      |             |            |            | 0.000       |        |                 |
| _211426_:B1 (OAI21_X2)                                                                           |        | 0.003       | 0.000      | 0.007      |             | 0.000  | 0.846f          |
| _211426_:ZN (OAI21_X2)                                                                           |        | 0.003       | 0.000      | 0.020      |             | 0.027  | 0.874r          |
| _110161_ (net)                                                                                   | 1      |             |            |            | 0.000       |        |                 |
| _211427_:A (INV_X2)                                                                              |        | 0.003       | 0.000      | 0.020      |             | 0.000  | 0.874r          |
| _211427_:ZN (INV_X2)                                                                             |        | 0.003       | 0.000      | 0.006      |             | 0.009  | 0.882f          |
| _110162_ (net)                                                                                   | 2      |             |            |            | 0.000       |        |                 |
| _211429_:B1 (OAI21_X1)                                                                           |        | 0.002       | 0.000      | 0.006      |             | 0.000  | 0.882f          |
| _211429_:ZN (OAI21_X1)                                                                           |        | 0.002       | 0.000      | 0.020      |             | 0.027  | 0.910r          |
| _110164_ (net)                                                                                   | 1      |             |            |            | 0.000       |        |                 |
| _211431_:A1 (NAND2_X1)                                                                           |        | 0.002       | 0.000      | 0.020      |             | 0.000  | 0.910r          |
| _211431_:ZN (NAND2_X1)                                                                           |        | 0.005       | 0.000      | 0.015      |             | 0.026  | 0.935f          |
| _110166_ (net)                                                                                   | 2      |             |            |            | 0.000       |        |                 |
| _211443_:A1 (NAND2_X2)                                                                           |        | 0.003       | 0.000      | 0.015      |             | 0.000  | 0.935f          |
| _211443_:ZN (NAND2_X2)                                                                           |        | 0.003       | 0.000      | 0.011      |             | 0.018  | 0.954r          |
| _110178_ (net)                                                                                   | 1      |             |            |            | 0.000       |        |                 |
| _211445_:A1 (NAND2_X2)                                                                           |        | 0.003       | 0.000      | 0.011      |             | 0.000  | 0.954r          |
| _211445_:ZN (NAND2_X2)                                                                           |        | 0.004       | 0.000      | 0.008      |             | 0.014  | 0.968f          |
| _110180_ (net)                                                                                   | 2      |             |            |            | 0.000       |        |                 |
| _211451_:A1 (NAND2_X1)                                                                           |        | 0.002       | 0.000      | 0.008      |             | 0.000  | 0.968f          |
| _211451_:ZN (NAND2_X1)                                                                           |        | 0.003       | 0.000      | 0.015      |             | 0.020  | 0.987r          |
| _110186_ (net)                                                                                   | 1      |             |            |            | 0.000       |        |                 |
| _211453_:A1 (NAND2_X2)                                                                           |        | 0.003       | 0.000      | 0.015      |             | 0.000  | 0.987r          |
| _211453_:ZN (NAND2_X2)                                                                           |        | 0.004       | 0.000      | 0.008      |             | 0.015  | 1.002f          |
| _110188_ (net)                                                                                   | 2      |             |            |            | 0.000       |        |                 |
| _211459_:A (XOR2_X1)                                                                             |        | 0.002       | 0.000      | 0.008      |             | 0.000  | 1.002f          |
| _211459_:Z (XOR2_X1)                                                                             |        | 0.001       | 0.000      | 0.012      |             | 0.050  | 1.053f          |
| u_sa_enhanced.pe_row_gen[7].pe_col_gen[6].u_pe_inst.mul_output_data[14] (net)                    | 1      |             |            |            | 0.000       |        |                 |
| u_sa_enhanced.pe_row_gen[7].pe_col_gen[6].u_pe_inst.mul_result_reg_$_DFFE_PN0P__Q_1:D (DFFR_X1)  |        | 0.001       | 0.000      | 0.012      |             | 0.000  | 1.053f          |
|                                                                                                  |        |             |            |            |             |        |                 |
| clk (port)                                                                                       |        | 1.177       | 0.000      | 0.000      |             | 0.000  | 0.000r          |
| clk (clock net)                                                                                  | 964    |             |            |            | NA          |        |                 |
| _403591_:CK (CLKGATE_X1)                                                                         |        | 0.002       | 0.000      | 0.000      |             | 0.000  | 0.000r          |
| _403591_:GCK (CLKGATE_X1)                                                                        |        | 8.234       | 0.000      | 0.000      |             | 0.000  | 0.000r          |
| _180029_ (clock net)                                                                             | 8432   |             |            |            | NA          |        |                 |
| u_sa_enhanced.pe_row_gen[7].pe_col_gen[6].u_pe_inst.mul_result_reg_$_DFFE_PN0P__Q_1:CK (DFFR_X1) |        | 0.001       | 0.000      | 0.000      |             | 0.000  | 0.000r          |
| clock clk (rise edge)                                                                            |        |             |            |            |             | 1.1    | 1.1             |
| clock network delay (ideal)                                                                      |        |             |            |            |             | 0.000  | 1.100           |
| u_sa_enhanced.pe_row_gen[7].pe_col_gen[6].u_pe_inst.mul_result_reg_$_DFFE_PN0P__Q_1:CK (DFFR_X1) |        |             |            |            |             |        | 1.100r          |
| library setup time                                                                               |        |             |            |            |             | -0.042 | 1.058           |
| clock reconvergence pessimism                                                                    |        |             |            |            |             | 0.000  | 1.058           |
|                                                                                                  |        |             |            |            |             |        |                 |
| path cell delay                                                                                  |        |             |            |            |             |        | 1.053(100.000%) |
| path net delay                                                                                   |        |             |            |            |             |        | 0.000(0.000%)   |
|                                                                                                  |        |             |            |            |             |        |                 |
| data require time                                                                                |        |             |            |            |             |        | 1.058           |
| data arrival time                                                                                |        |             |            |            |             |        | 1.053           |
| slack (MET)                                                                                      |        |             |            |            |             |        | 0.006           |
+--------------------------------------------------------------------------------------------------+--------+-------------+------------+------------+-------------+--------+-----------------+
+--------------------------------------------------------------------------------------------------+--------+-------------+------------+------------+-------------+--------+-----------------+
| Point                                                                                            | Fanout | Capacitance | Resistance | Transition | Delta Delay | Incr   | Path            |
+--------------------------------------------------------------------------------------------------+--------+-------------+------------+------------+-------------+--------+-----------------+
| clk (port)                                                                                       |        | 1.177       | 0.000      | 0.000      |             | 0.000  | 0.000r          |
| clk (clock net)                                                                                  | 964    |             |            |            | NA          |        |                 |
| _403591_:CK (CLKGATE_X1)                                                                         |        | 0.002       | 0.000      | 0.000      |             | 0.000  | 0.000r          |
| _403591_:GCK (CLKGATE_X1)                                                                        |        | 8.234       | 0.000      | 0.000      |             | 0.000  | 0.000r          |
| _180029_ (clock net)                                                                             | 8432   |             |            |            | NA          |        |                 |
| u_sa_enhanced.pe_row_gen[7].pe_col_gen[6].u_pe_inst.b_reg_$_DFFE_PN0P__Q:CK (DFFR_X1)            |        | 0.001       | 0.000      | 0.000      |             | 0.000  | 0.000r          |
| clock clk (rise edge)                                                                            |        |             |            |            |             | 0      | 0               |
| clock network delay (ideal)                                                                      |        |             |            |            |             | 0.000  | 0.000           |
| u_sa_enhanced.pe_row_gen[7].pe_col_gen[6].u_pe_inst.b_reg_$_DFFE_PN0P__Q:CK (DFFR_X1)            |        | 0.001       | 0.000      | 0.000      |             | 0.000  | 0.000r          |
| u_sa_enhanced.pe_row_gen[7].pe_col_gen[6].u_pe_inst.b_reg_$_DFFE_PN0P__Q:Q (DFFR_X1)             |        | 0.042       | 0.000      | 0.101      |             | 0.196  | 0.196r          |
| u_sa_enhanced.b_data_wires[137][7] (net)                                                         | 14     |             |            |            | 0.000       |        |                 |
| _211200_:A2 (NAND2_X1)                                                                           |        | 0.002       | 0.000      | 0.101      |             | 0.000  | 0.196r          |
| _211200_:ZN (NAND2_X1)                                                                           |        | 0.002       | 0.000      | 0.020      |             | 0.027  | 0.223f          |
| _109935_ (net)                                                                                   | 1      |             |            |            | 0.000       |        |                 |
| _211202_:A (XNOR2_X1)                                                                            |        | 0.002       | 0.000      | 0.020      |             | 0.000  | 0.223f          |
| _211202_:ZN (XNOR2_X1)                                                                           |        | 0.003       | 0.000      | 0.030      |             | 0.043  | 0.267r          |
| _109937_ (net)                                                                                   | 2      |             |            |            | 0.000       |        |                 |
| _211235_:A (XOR2_X1)                                                                             |        | 0.002       | 0.000      | 0.030      |             | 0.000  | 0.267r          |
| _211235_:Z (XOR2_X1)                                                                             |        | 0.004       | 0.000      | 0.037      |             | 0.068  | 0.334r          |
| _109970_ (net)                                                                                   | 2      |             |            |            | 0.000       |        |                 |
| _211236_:B (XOR2_X1)                                                                             |        | 0.002       | 0.000      | 0.037      |             | 0.000  | 0.334r          |
| _211236_:Z (XOR2_X1)                                                                             |        | 0.004       | 0.000      | 0.032      |             | 0.063  | 0.397r          |
| _109971_ (net)                                                                                   | 2      |             |            |            | 0.000       |        |                 |
| _211261_:A (XOR2_X1)                                                                             |        | 0.002       | 0.000      | 0.032      |             | 0.000  | 0.397r          |
| _211261_:Z (XOR2_X1)                                                                             |        | 0.004       | 0.000      | 0.032      |             | 0.063  | 0.460r          |
| _109996_ (net)                                                                                   | 2      |             |            |            | 0.000       |        |                 |
| _211277_:A (XOR2_X1)                                                                             |        | 0.002       | 0.000      | 0.032      |             | 0.000  | 0.460r          |
| _211277_:Z (XOR2_X1)                                                                             |        | 0.004       | 0.000      | 0.032      |             | 0.063  | 0.523r          |
| _110012_ (net)                                                                                   | 2      |             |            |            | 0.000       |        |                 |
| _211402_:A (XOR2_X1)                                                                             |        | 0.002       | 0.000      | 0.032      |             | 0.000  | 0.523r          |
| _211402_:Z (XOR2_X1)                                                                             |        | 0.004       | 0.000      | 0.032      |             | 0.063  | 0.586r          |
| _110137_ (net)                                                                                   | 2      |             |            |            | 0.000       |        |                 |
| _211406_:A (XOR2_X1)                                                                             |        | 0.002       | 0.000      | 0.032      |             | 0.000  | 0.586r          |
| _211406_:Z (XOR2_X1)                                                                             |        | 0.004       | 0.000      | 0.032      |             | 0.063  | 0.649r          |
| _110141_ (net)                                                                                   | 2      |             |            |            | 0.000       |        |                 |
| _211410_:A (XOR2_X1)                                                                             |        | 0.002       | 0.000      | 0.032      |             | 0.000  | 0.649r          |
| _211410_:Z (XOR2_X1)                                                                             |        | 0.005       | 0.000      | 0.037      |             | 0.068  | 0.717r          |
| _110145_ (net)                                                                                   | 3      |             |            |            | 0.000       |        |                 |
| _211414_:A1 (AND2_X1)                                                                            |        | 0.001       | 0.000      | 0.037      |             | 0.000  | 0.717r          |
| _211414_:ZN (AND2_X1)                                                                            |        | 0.007       | 0.000      | 0.020      |             | 0.054  | 0.771r          |
| _110149_ (net)                                                                                   | 2      |             |            |            | 0.000       |        |                 |
| _211416_:A2 (NOR3_X2)                                                                            |        | 0.003       | 0.000      | 0.020      |             | 0.000  | 0.771r          |
| _211416_:ZN (NOR3_X2)                                                                            |        | 0.003       | 0.000      | 0.010      |             | 0.013  | 0.784f          |
| _110151_ (net)                                                                                   | 1      |             |            |            | 0.000       |        |                 |
| _211417_:A1 (NOR2_X2)                                                                            |        | 0.003       | 0.000      | 0.010      |             | 0.000  | 0.784f          |
| _211417_:ZN (NOR2_X2)                                                                            |        | 0.004       | 0.000      | 0.017      |             | 0.025  | 0.809r          |
| _110152_ (net)                                                                                   | 2      |             |            |            | 0.000       |        |                 |
| _211418_:A (INV_X1)                                                                              |        | 0.002       | 0.000      | 0.017      |             | 0.000  | 0.809r          |
| _211418_:ZN (INV_X1)                                                                             |        | 0.002       | 0.000      | 0.006      |             | 0.010  | 0.819f          |
| _110153_ (net)                                                                                   | 1      |             |            |            | 0.000       |        |                 |
| _211424_:A1 (AND2_X2)                                                                            |        | 0.002       | 0.000      | 0.006      |             | 0.000  | 0.819f          |
| _211424_:ZN (AND2_X2)                                                                            |        | 0.004       | 0.000      | 0.007      |             | 0.027  | 0.846f          |
| _110159_ (net)                                                                                   | 2      |             |            |            | 0.000       |        |                 |
| _211426_:B1 (OAI21_X2)                                                                           |        | 0.003       | 0.000      | 0.007      |             | 0.000  | 0.846f          |
| _211426_:ZN (OAI21_X2)                                                                           |        | 0.003       | 0.000      | 0.020      |             | 0.027  | 0.874r          |
| _110161_ (net)                                                                                   | 1      |             |            |            | 0.000       |        |                 |
| _211427_:A (INV_X2)                                                                              |        | 0.003       | 0.000      | 0.020      |             | 0.000  | 0.874r          |
| _211427_:ZN (INV_X2)                                                                             |        | 0.003       | 0.000      | 0.006      |             | 0.009  | 0.882f          |
| _110162_ (net)                                                                                   | 2      |             |            |            | 0.000       |        |                 |
| _211429_:B1 (OAI21_X1)                                                                           |        | 0.002       | 0.000      | 0.006      |             | 0.000  | 0.882f          |
| _211429_:ZN (OAI21_X1)                                                                           |        | 0.002       | 0.000      | 0.020      |             | 0.027  | 0.910r          |
| _110164_ (net)                                                                                   | 1      |             |            |            | 0.000       |        |                 |
| _211431_:A1 (NAND2_X1)                                                                           |        | 0.002       | 0.000      | 0.020      |             | 0.000  | 0.910r          |
| _211431_:ZN (NAND2_X1)                                                                           |        | 0.005       | 0.000      | 0.015      |             | 0.026  | 0.935f          |
| _110166_ (net)                                                                                   | 2      |             |            |            | 0.000       |        |                 |
| _211443_:A1 (NAND2_X2)                                                                           |        | 0.003       | 0.000      | 0.015      |             | 0.000  | 0.935f          |
| _211443_:ZN (NAND2_X2)                                                                           |        | 0.003       | 0.000      | 0.011      |             | 0.018  | 0.954r          |
| _110178_ (net)                                                                                   | 1      |             |            |            | 0.000       |        |                 |
| _211445_:A1 (NAND2_X2)                                                                           |        | 0.003       | 0.000      | 0.011      |             | 0.000  | 0.954r          |
| _211445_:ZN (NAND2_X2)                                                                           |        | 0.004       | 0.000      | 0.008      |             | 0.014  | 0.968f          |
| _110180_ (net)                                                                                   | 2      |             |            |            | 0.000       |        |                 |
| _211451_:A1 (NAND2_X1)                                                                           |        | 0.002       | 0.000      | 0.008      |             | 0.000  | 0.968f          |
| _211451_:ZN (NAND2_X1)                                                                           |        | 0.003       | 0.000      | 0.015      |             | 0.020  | 0.987r          |
| _110186_ (net)                                                                                   | 1      |             |            |            | 0.000       |        |                 |
| _211453_:A1 (NAND2_X2)                                                                           |        | 0.003       | 0.000      | 0.015      |             | 0.000  | 0.987r          |
| _211453_:ZN (NAND2_X2)                                                                           |        | 0.004       | 0.000      | 0.008      |             | 0.015  | 1.002f          |
| _110188_ (net)                                                                                   | 2      |             |            |            | 0.000       |        |                 |
| _211459_:A (XOR2_X1)                                                                             |        | 0.002       | 0.000      | 0.008      |             | 0.000  | 1.002f          |
| _211459_:Z (XOR2_X1)                                                                             |        | 0.001       | 0.000      | 0.012      |             | 0.050  | 1.053f          |
| u_sa_enhanced.pe_row_gen[7].pe_col_gen[6].u_pe_inst.mul_output_data[14] (net)                    | 1      |             |            |            | 0.000       |        |                 |
| u_sa_enhanced.pe_row_gen[7].pe_col_gen[6].u_pe_inst.mul_result_reg_$_DFFE_PN0P__Q_1:D (DFFR_X1)  |        | 0.001       | 0.000      | 0.012      |             | 0.000  | 1.053f          |
|                                                                                                  |        |             |            |            |             |        |                 |
| clk (port)                                                                                       |        | 1.177       | 0.000      | 0.000      |             | 0.000  | 0.000r          |
| clk (clock net)                                                                                  | 964    |             |            |            | NA          |        |                 |
| _403591_:CK (CLKGATE_X1)                                                                         |        | 0.002       | 0.000      | 0.000      |             | 0.000  | 0.000r          |
| _403591_:GCK (CLKGATE_X1)                                                                        |        | 8.234       | 0.000      | 0.000      |             | 0.000  | 0.000r          |
| _180029_ (clock net)                                                                             | 8432   |             |            |            | NA          |        |                 |
| u_sa_enhanced.pe_row_gen[7].pe_col_gen[6].u_pe_inst.mul_result_reg_$_DFFE_PN0P__Q_1:CK (DFFR_X1) |        | 0.001       | 0.000      | 0.000      |             | 0.000  | 0.000r          |
| clock clk (rise edge)                                                                            |        |             |            |            |             | 1.1    | 1.1             |
| clock network delay (ideal)                                                                      |        |             |            |            |             | 0.000  | 1.100           |
| u_sa_enhanced.pe_row_gen[7].pe_col_gen[6].u_pe_inst.mul_result_reg_$_DFFE_PN0P__Q_1:CK (DFFR_X1) |        |             |            |            |             |        | 1.100r          |
| library setup time                                                                               |        |             |            |            |             | -0.042 | 1.058           |
| clock reconvergence pessimism                                                                    |        |             |            |            |             | 0.000  | 1.058           |
|                                                                                                  |        |             |            |            |             |        |                 |
| path cell delay                                                                                  |        |             |            |            |             |        | 1.053(100.000%) |
| path net delay                                                                                   |        |             |            |            |             |        | 0.000(0.000%)   |
|                                                                                                  |        |             |            |            |             |        |                 |
| data require time                                                                                |        |             |            |            |             |        | 1.058           |
| data arrival time                                                                                |        |             |            |            |             |        | 1.053           |
| slack (MET)                                                                                      |        |             |            |            |             |        | 0.006           |
+--------------------------------------------------------------------------------------------------+--------+-------------+------------+------------+-------------+--------+-----------------+
+-----------------------------------------------------------------------------------------------------------+--------+-------------+------------+------------+-------------+--------+-----------------+
| Point                                                                                                     | Fanout | Capacitance | Resistance | Transition | Delta Delay | Incr   | Path            |
+-----------------------------------------------------------------------------------------------------------+--------+-------------+------------+------------+-------------+--------+-----------------+
| clk (port)                                                                                                |        | 1.177       | 0.000      | 0.000      |             | 0.000  | 0.000r          |
| clk (clock net)                                                                                           | 964    |             |            |            | NA          |        |                 |
| _403590_:CK (CLKGATE_X1)                                                                                  |        | 0.002       | 0.000      | 0.000      |             | 0.000  | 0.000r          |
| _403590_:GCK (CLKGATE_X1)                                                                                 |        | 0.383       | 0.000      | 0.000      |             | 0.000  | 0.000r          |
| _180028_ (clock net)                                                                                      | 392    |             |            |            | NA          |        |                 |
| u_sa_enhanced.pe_row_gen[3].pe_col_gen[1].u_pe_inst.pe_calculation_done_latch_$_DFFE_PN0P__Q:CK (DFFR_X1) |        | 0.001       | 0.000      | 0.000      |             | 0.000  | 0.000r          |
| clock clk (rise edge)                                                                                     |        |             |            |            |             | 0      | 0               |
| clock network delay (ideal)                                                                               |        |             |            |            |             | 0.000  | 0.000           |
| u_sa_enhanced.pe_row_gen[3].pe_col_gen[1].u_pe_inst.pe_calculation_done_latch_$_DFFE_PN0P__Q:CK (DFFR_X1) |        | 0.001       | 0.000      | 0.000      |             | 0.000  | 0.000r          |
| u_sa_enhanced.pe_row_gen[3].pe_col_gen[1].u_pe_inst.pe_calculation_done_latch_$_DFFE_PN0P__Q:Q (DFFR_X1)  |        | 0.003       | 0.000      | 0.014      |             | 0.105  | 0.105r          |
| u_sa_enhanced.pe_row_gen[3].pe_col_gen[1].u_pe_inst.pe_calculation_done_latch (net)                       | 2      |             |            |            | 0.000       |        |                 |
| _254237_:A (INV_X1)                                                                                       |        | 0.002       | 0.000      | 0.014      |             | 0.000  | 0.105r          |
| _254237_:ZN (INV_X1)                                                                                      |        | 0.004       | 0.000      | 0.007      |             | 0.013  | 0.118f          |
| _148570_ (net)                                                                                            | 4      |             |            |            | 0.000       |        |                 |
| _254238_:A2 (OR4_X1)                                                                                      |        | 0.001       | 0.000      | 0.007      |             | 0.000  | 0.118f          |
| _254238_:ZN (OR4_X1)                                                                                      |        | 0.001       | 0.000      | 0.016      |             | 0.098  | 0.216f          |
| _148571_ (net)                                                                                            | 1      |             |            |            | 0.000       |        |                 |
| _254239_:A2 (OR4_X1)                                                                                      |        | 0.001       | 0.000      | 0.016      |             | 0.000  | 0.216f          |
| _254239_:ZN (OR4_X1)                                                                                      |        | 0.001       | 0.000      | 0.016      |             | 0.101  | 0.317f          |
| _148572_ (net)                                                                                            | 1      |             |            |            | 0.000       |        |                 |
| _254240_:A2 (OR4_X1)                                                                                      |        | 0.001       | 0.000      | 0.016      |             | 0.000  | 0.317f          |
| _254240_:ZN (OR4_X1)                                                                                      |        | 0.001       | 0.000      | 0.016      |             | 0.101  | 0.418f          |
| _148573_ (net)                                                                                            | 1      |             |            |            | 0.000       |        |                 |
| _254241_:A2 (OR4_X1)                                                                                      |        | 0.001       | 0.000      | 0.016      |             | 0.000  | 0.418f          |
| _254241_:ZN (OR4_X1)                                                                                      |        | 0.001       | 0.000      | 0.018      |             | 0.105  | 0.523f          |
| _148574_ (net)                                                                                            | 1      |             |            |            | 0.000       |        |                 |
| _254242_:A1 (NOR4_X1)                                                                                     |        | 0.002       | 0.000      | 0.018      |             | 0.000  | 0.523f          |
| _254242_:ZN (NOR4_X1)                                                                                     |        | 0.001       | 0.000      | 0.036      |             | 0.042  | 0.565r          |
| _148575_ (net)                                                                                            | 1      |             |            |            | 0.000       |        |                 |
| _254243_:A4 (AND4_X1)                                                                                     |        | 0.001       | 0.000      | 0.036      |             | 0.000  | 0.565r          |
| _254243_:ZN (AND4_X1)                                                                                     |        | 0.002       | 0.000      | 0.013      |             | 0.062  | 0.627r          |
| _148576_ (net)                                                                                            | 1      |             |            |            | 0.000       |        |                 |
| _254265_:A1 (NAND4_X1)                                                                                    |        | 0.002       | 0.000      | 0.013      |             | 0.000  | 0.627r          |
| _254265_:ZN (NAND4_X1)                                                                                    |        | 0.001       | 0.000      | 0.020      |             | 0.026  | 0.653f          |
| _148598_ (net)                                                                                            | 1      |             |            |            | 0.000       |        |                 |
| _254280_:A1 (NOR3_X1)                                                                                     |        | 0.002       | 0.000      | 0.020      |             | 0.000  | 0.653f          |
| _254280_:ZN (NOR3_X1)                                                                                     |        | 0.002       | 0.000      | 0.029      |             | 0.040  | 0.693r          |
| _148613_ (net)                                                                                            | 1      |             |            |            | 0.000       |        |                 |
| _254302_:A1 (NAND4_X1)                                                                                    |        | 0.002       | 0.000      | 0.029      |             | 0.000  | 0.693r          |
| _254302_:ZN (NAND4_X1)                                                                                    |        | 0.001       | 0.000      | 0.020      |             | 0.031  | 0.724f          |
| _148635_ (net)                                                                                            | 1      |             |            |            | 0.000       |        |                 |
| _254317_:A1 (NOR3_X1)                                                                                     |        | 0.002       | 0.000      | 0.020      |             | 0.000  | 0.724f          |
| _254317_:ZN (NOR3_X1)                                                                                     |        | 0.002       | 0.000      | 0.029      |             | 0.040  | 0.764r          |
| _148650_ (net)                                                                                            | 1      |             |            |            | 0.000       |        |                 |
| _254332_:A1 (NAND4_X1)                                                                                    |        | 0.002       | 0.000      | 0.029      |             | 0.000  | 0.764r          |
| _254332_:ZN (NAND4_X1)                                                                                    |        | 0.002       | 0.000      | 0.019      |             | 0.031  | 0.795f          |
| _148665_ (net)                                                                                            | 1      |             |            |            | 0.000       |        |                 |
| _254333_:A1 (NAND2_X1)                                                                                    |        | 0.002       | 0.000      | 0.019      |             | 0.000  | 0.795f          |
| _254333_:ZN (NAND2_X1)                                                                                    |        | 0.001       | 0.000      | 0.009      |             | 0.017  | 0.812r          |
| u_sa_enhanced.pe_calculation_phase_complete_q_$_DFFE_PN0P__Q_E (net)                                      | 1      |             |            |            | 0.000       |        |                 |
| _403592_:E (CLKGATE_X1)                                                                                   |        | 0.001       | 0.000      | 0.009      |             | 0.000  | 0.812r          |
|                                                                                                           |        |             |            |            |             |        |                 |
| clk (port)                                                                                                |        | 1.177       | 0.000      | 0.000      |             | 0.000  | 0.000r          |
| clk (clock net)                                                                                           | 964    |             |            |            | NA          |        |                 |
| _403592_:CK (CLKGATE_X1)                                                                                  |        | 0.002       | 0.000      | 0.000      |             | 0.000  | 0.000r          |
| clock clk (rise edge)                                                                                     |        |             |            |            |             | 1.1    | 1.1             |
| clock network delay (ideal)                                                                               |        |             |            |            |             | 0.000  | 1.100           |
| _403592_:CK (CLKGATE_X1)                                                                                  |        |             |            |            |             |        | 1.100r          |
| library setup time                                                                                        |        |             |            |            |             | -0.049 | 1.051           |
| clock reconvergence pessimism                                                                             |        |             |            |            |             | 0.000  | 1.051           |
|                                                                                                           |        |             |            |            |             |        |                 |
| path cell delay                                                                                           |        |             |            |            |             |        | 0.812(100.000%) |
| path net delay                                                                                            |        |             |            |            |             |        | 0.000(0.000%)   |
|                                                                                                           |        |             |            |            |             |        |                 |
| data require time                                                                                         |        |             |            |            |             |        | 1.051           |
| data arrival time                                                                                         |        |             |            |            |             |        | 0.812           |
| slack (MET)                                                                                               |        |             |            |            |             |        | 0.238           |
+-----------------------------------------------------------------------------------------------------------+--------+-------------+------------+------------+-------------+--------+-----------------+
+-------------------------------------------------------------------------------------+--------+-------------+------------+------------+-------------+--------+-----------------+
| Point                                                                               | Fanout | Capacitance | Resistance | Transition | Delta Delay | Incr   | Path            |
+-------------------------------------------------------------------------------------+--------+-------------+------------+------------+-------------+--------+-----------------+
| clk (port)                                                                          |        | 1.177       | 0.000      | 0.000      |             | 0.000  | 0.000r          |
| clk (clock net)                                                                     | 964    |             |            |            | NA          |        |                 |
| u_sa_enhanced.accum_pipe_state_q_$_DFF_PN0__Q_1:CK (DFFR_X1)                        |        | 0.001       | 0.000      | 0.000      |             | 0.000  | 0.000r          |
| clock clk (rise edge)                                                               |        |             |            |            |             | 0      | 0               |
| clock network delay (ideal)                                                         |        |             |            |            |             | 0.000  | 0.000           |
| u_sa_enhanced.accum_pipe_state_q_$_DFF_PN0__Q_1:CK (DFFR_X1)                        |        | 0.001       | 0.000      | 0.000      |             | 0.000  | 0.000r          |
| u_sa_enhanced.accum_pipe_state_q_$_DFF_PN0__Q_1:Q (DFFR_X1)                         |        | 0.109       | 0.000      | 0.252      |             | 0.354  | 0.354r          |
| u_sa_enhanced.accum_pipe_state_q[1] (net)                                           | 18     |             |            |            | 0.000       |        |                 |
| fanout_buf_705:A (BUF_X8)                                                           |        | 0.007       | 0.000      | 0.252      |             | 0.000  | 0.354r          |
| fanout_buf_705:Z (BUF_X8)                                                           |        | 0.050       | 0.000      | 0.023      |             | 0.044  | 0.398r          |
| fanout_net_705 (net)                                                                | 30     |             |            |            | 0.000       |        |                 |
| _236779_:A (INV_X1)                                                                 |        | 0.002       | 0.000      | 0.023      |             | 0.000  | 0.398r          |
| _236779_:ZN (INV_X1)                                                                |        | 0.006       | 0.000      | 0.011      |             | 0.018  | 0.416f          |
| _132705_ (net)                                                                      | 4      |             |            |            | 0.000       |        |                 |
| _236780_:A1 (NOR2_X1)                                                               |        | 0.002       | 0.000      | 0.011      |             | 0.000  | 0.416f          |
| _236780_:ZN (NOR2_X1)                                                               |        | 0.003       | 0.000      | 0.026      |             | 0.036  | 0.451r          |
| _132706_ (net)                                                                      | 2      |             |            |            | 0.000       |        |                 |
| _237162_:A (INV_X1)                                                                 |        | 0.002       | 0.000      | 0.026      |             | 0.000  | 0.451r          |
| _237162_:ZN (INV_X1)                                                                |        | 0.004       | 0.000      | 0.010      |             | 0.015  | 0.466f          |
| _133056_ (net)                                                                      | 2      |             |            |            | 0.000       |        |                 |
| _254206_:A3 (OR3_X1)                                                                |        | 0.001       | 0.000      | 0.010      |             | 0.000  | 0.466f          |
| _254206_:ZN (OR3_X1)                                                                |        | 0.002       | 0.000      | 0.014      |             | 0.082  | 0.548f          |
| _148543_ (net)                                                                      | 1      |             |            |            | 0.000       |        |                 |
| _254208_:A1 (NAND3_X1)                                                              |        | 0.002       | 0.000      | 0.014      |             | 0.000  | 0.548f          |
| _254208_:ZN (NAND3_X1)                                                              |        | 0.003       | 0.000      | 0.015      |             | 0.021  | 0.569r          |
| u_sa_enhanced.accum_pipe_state_d[0] (net)                                           | 2      |             |            |            | 0.000       |        |                 |
| _254209_:A1 (NOR3_X1)                                                               |        | 0.002       | 0.000      | 0.015      |             | 0.000  | 0.569r          |
| _254209_:ZN (NOR3_X1)                                                               |        | 0.001       | 0.000      | 0.010      |             | 0.009  | 0.578f          |
| _148545_ (net)                                                                      | 1      |             |            |            | 0.000       |        |                 |
| _254210_:A1 (AND2_X1)                                                               |        | 0.001       | 0.000      | 0.010      |             | 0.000  | 0.578f          |
| _254210_:ZN (AND2_X1)                                                               |        | 0.001       | 0.000      | 0.005      |             | 0.028  | 0.606f          |
| u_sa_enhanced.accum_pipe_state_d_$_NOT__Y_A_$_OR__B_Y_$_OR__A_Y_$_ANDNOT__B_Y (net) | 1      |             |            |            | 0.000       |        |                 |
| _403333_:E (CLKGATE_X1)                                                             |        | 0.001       | 0.000      | 0.005      |             | 0.000  | 0.606f          |
|                                                                                     |        |             |            |            |             |        |                 |
| clk (port)                                                                          |        | 1.177       | 0.000      | 0.000      |             | 0.000  | 0.000r          |
| clk (clock net)                                                                     | 964    |             |            |            | NA          |        |                 |
| _403333_:CK (CLKGATE_X1)                                                            |        | 0.002       | 0.000      | 0.000      |             | 0.000  | 0.000r          |
| clock clk (rise edge)                                                               |        |             |            |            |             | 1.1    | 1.1             |
| clock network delay (ideal)                                                         |        |             |            |            |             | 0.000  | 1.100           |
| _403333_:CK (CLKGATE_X1)                                                            |        |             |            |            |             |        | 1.100r          |
| library setup time                                                                  |        |             |            |            |             | -0.044 | 1.056           |
| clock reconvergence pessimism                                                       |        |             |            |            |             | 0.000  | 1.056           |
|                                                                                     |        |             |            |            |             |        |                 |
| path cell delay                                                                     |        |             |            |            |             |        | 0.606(100.000%) |
| path net delay                                                                      |        |             |            |            |             |        | 0.000(0.000%)   |
|                                                                                     |        |             |            |            |             |        |                 |
| data require time                                                                   |        |             |            |            |             |        | 1.056           |
| data arrival time                                                                   |        |             |            |            |             |        | 0.606           |
| slack (MET)                                                                         |        |             |            |            |             |        | 0.450           |
+-------------------------------------------------------------------------------------+--------+-------------+------------+------------+-------------+--------+-----------------+
+---------------------------------------------------------------------------+--------+-------------+------------+------------+-------------+--------+-----------------+
| Point                                                                     | Fanout | Capacitance | Resistance | Transition | Delta Delay | Incr   | Path            |
+---------------------------------------------------------------------------+--------+-------------+------------+------------+-------------+--------+-----------------+
| clk (port)                                                                |        | 1.177       | 0.000      | 0.000      |             | 0.000  | 0.000r          |
| clk (clock net)                                                           | 964    |             |            |            | NA          |        |                 |
| u_sa_enhanced.accum_pipe_state_q_$_DFF_PN0__Q_1:CK (DFFR_X1)              |        | 0.001       | 0.000      | 0.000      |             | 0.000  | 0.000r          |
| clock clk (rise edge)                                                     |        |             |            |            |             | 0      | 0               |
| clock network delay (ideal)                                               |        |             |            |            |             | 0.000  | 0.000           |
| u_sa_enhanced.accum_pipe_state_q_$_DFF_PN0__Q_1:CK (DFFR_X1)              |        | 0.001       | 0.000      | 0.000      |             | 0.000  | 0.000r          |
| u_sa_enhanced.accum_pipe_state_q_$_DFF_PN0__Q_1:Q (DFFR_X1)               |        | 0.109       | 0.000      | 0.252      |             | 0.354  | 0.354r          |
| u_sa_enhanced.accum_pipe_state_q[1] (net)                                 | 18     |             |            |            | 0.000       |        |                 |
| fanout_buf_705:A (BUF_X8)                                                 |        | 0.007       | 0.000      | 0.252      |             | 0.000  | 0.354r          |
| fanout_buf_705:Z (BUF_X8)                                                 |        | 0.050       | 0.000      | 0.023      |             | 0.044  | 0.398r          |
| fanout_net_705 (net)                                                      | 30     |             |            |            | 0.000       |        |                 |
| _236779_:A (INV_X1)                                                       |        | 0.002       | 0.000      | 0.023      |             | 0.000  | 0.398r          |
| _236779_:ZN (INV_X1)                                                      |        | 0.006       | 0.000      | 0.011      |             | 0.018  | 0.416f          |
| _132705_ (net)                                                            | 4      |             |            |            | 0.000       |        |                 |
| _236780_:A1 (NOR2_X1)                                                     |        | 0.002       | 0.000      | 0.011      |             | 0.000  | 0.416f          |
| _236780_:ZN (NOR2_X1)                                                     |        | 0.003       | 0.000      | 0.026      |             | 0.036  | 0.451r          |
| _132706_ (net)                                                            | 2      |             |            |            | 0.000       |        |                 |
| _236781_:A1 (AND2_X2)                                                     |        | 0.002       | 0.000      | 0.026      |             | 0.000  | 0.451r          |
| _236781_:ZN (AND2_X2)                                                     |        | 0.017       | 0.000      | 0.023      |             | 0.053  | 0.504r          |
| _132707_ (net)                                                            | 8      |             |            |            | 0.000       |        |                 |
| _245586_:A1 (NAND2_X1)                                                    |        | 0.002       | 0.000      | 0.023      |             | 0.000  | 0.504r          |
| _245586_:ZN (NAND2_X1)                                                    |        | 0.003       | 0.000      | 0.013      |             | 0.022  | 0.526f          |
| _140441_ (net)                                                            | 2      |             |            |            | 0.000       |        |                 |
| _245587_:B2 (OAI22_X1)                                                    |        | 0.002       | 0.000      | 0.013      |             | 0.000  | 0.526f          |
| _245587_:ZN (OAI22_X1)                                                    |        | 0.001       | 0.000      | 0.026      |             | 0.039  | 0.565r          |
| u_sa_enhanced.accum_all_rows_done_for_current_pk_q_$_DFFE_PN0P__Q_E (net) | 1      |             |            |            | 0.000       |        |                 |
| _403594_:E (CLKGATE_X1)                                                   |        | 0.001       | 0.000      | 0.026      |             | 0.000  | 0.565r          |
|                                                                           |        |             |            |            |             |        |                 |
| clk (port)                                                                |        | 1.177       | 0.000      | 0.000      |             | 0.000  | 0.000r          |
| clk (clock net)                                                           | 964    |             |            |            | NA          |        |                 |
| _403594_:CK (CLKGATE_X1)                                                  |        | 0.002       | 0.000      | 0.000      |             | 0.000  | 0.000r          |
| clock clk (rise edge)                                                     |        |             |            |            |             | 1.1    | 1.1             |
| clock network delay (ideal)                                               |        |             |            |            |             | 0.000  | 1.100           |
| _403594_:CK (CLKGATE_X1)                                                  |        |             |            |            |             |        | 1.100r          |
| library setup time                                                        |        |             |            |            |             | -0.054 | 1.046           |
| clock reconvergence pessimism                                             |        |             |            |            |             | 0.000  | 1.046           |
|                                                                           |        |             |            |            |             |        |                 |
| path cell delay                                                           |        |             |            |            |             |        | 0.565(100.000%) |
| path net delay                                                            |        |             |            |            |             |        | 0.000(0.000%)   |
|                                                                           |        |             |            |            |             |        |                 |
| data require time                                                         |        |             |            |            |             |        | 1.046           |
| data arrival time                                                         |        |             |            |            |             |        | 0.565           |
| slack (MET)                                                               |        |             |            |            |             |        | 0.481           |
+---------------------------------------------------------------------------+--------+-------------+------------+------------+-------------+--------+-----------------+
+-----------------------------------------------------------------------------------------------------------------------------+--------+-------------+------------+------------+-------------+--------+-----------------+
| Point                                                                                                                       | Fanout | Capacitance | Resistance | Transition | Delta Delay | Incr   | Path            |
+-----------------------------------------------------------------------------------------------------------------------------+--------+-------------+------------+------------+-------------+--------+-----------------+
| clk (port)                                                                                                                  |        | 1.177       | 0.000      | 0.000      |             | 0.000  | 0.000r          |
| clk (clock net)                                                                                                             | 964    |             |            |            | NA          |        |                 |
| _403604_:CK (CLKGATE_X1)                                                                                                    |        | 0.002       | 0.000      | 0.000      |             | 0.000  | 0.000r          |
| _403604_:GCK (CLKGATE_X1)                                                                                                   |        | 0.004       | 0.000      | 0.000      |             | 0.000  | 0.000r          |
| _180042_ (clock net)                                                                                                        | 4      |             |            |            | NA          |        |                 |
| current_state_q_$_DFFE_PN0P__Q:CK (DFFR_X1)                                                                                 |        | 0.001       | 0.000      | 0.000      |             | 0.000  | 0.000r          |
| clock clk (rise edge)                                                                                                       |        |             |            |            |             | 0      | 0               |
| clock network delay (ideal)                                                                                                 |        |             |            |            |             | 0.000  | 0.000           |
| current_state_q_$_DFFE_PN0P__Q:CK (DFFR_X1)                                                                                 |        | 0.001       | 0.000      | 0.000      |             | 0.000  | 0.000r          |
| current_state_q_$_DFFE_PN0P__Q:Q (DFFR_X1)                                                                                  |        | 0.050       | 0.000      | 0.120      |             | 0.215  | 0.215r          |
| current_state_q[3] (net)                                                                                                    | 24     |             |            |            | 0.000       |        |                 |
| fanout_buf_26:A (BUF_X8)                                                                                                    |        | 0.007       | 0.000      | 0.120      |             | 0.000  | 0.215r          |
| fanout_buf_26:Z (BUF_X8)                                                                                                    |        | 0.049       | 0.000      | 0.019      |             | 0.044  | 0.260r          |
| fanout_net_26 (net)                                                                                                         | 30     |             |            |            | 0.000       |        |                 |
| _236246_:A2 (NOR2_X1)                                                                                                       |        | 0.002       | 0.000      | 0.019      |             | 0.000  | 0.260r          |
| _236246_:ZN (NOR2_X1)                                                                                                       |        | 0.002       | 0.000      | 0.010      |             | 0.015  | 0.274f          |
| _132470_ (net)                                                                                                              | 2      |             |            |            | 0.000       |        |                 |
| _236302_:A2 (AND2_X1)                                                                                                       |        | 0.001       | 0.000      | 0.010      |             | 0.000  | 0.274f          |
| _236302_:ZN (AND2_X1)                                                                                                       |        | 0.003       | 0.000      | 0.008      |             | 0.036  | 0.310f          |
| _132517_ (net)                                                                                                              | 1      |             |            |            | 0.000       |        |                 |
| _236303_:A (BUF_X4)                                                                                                         |        | 0.003       | 0.000      | 0.008      |             | 0.000  | 0.310f          |
| _236303_:Z (BUF_X4)                                                                                                         |        | 0.015       | 0.000      | 0.008      |             | 0.029  | 0.339f          |
| _132518_ (net)                                                                                                              | 3      |             |            |            | 0.000       |        |                 |
| _236308_:A (INV_X2)                                                                                                         |        | 0.003       | 0.000      | 0.008      |             | 0.000  | 0.339f          |
| _236308_:ZN (INV_X2)                                                                                                        |        | 0.024       | 0.000      | 0.031      |             | 0.038  | 0.377r          |
| _132522_ (net)                                                                                                              | 4      |             |            |            | 0.000       |        |                 |
| _254340_:A (BUF_X8)                                                                                                         |        | 0.007       | 0.000      | 0.031      |             | 0.000  | 0.377r          |
| _254340_:Z (BUF_X8)                                                                                                         |        | 0.047       | 0.000      | 0.017      |             | 0.037  | 0.414r          |
| _148671_ (net)                                                                                                              | 10     |             |            |            | 0.000       |        |                 |
| _262043_:A (BUF_X8)                                                                                                         |        | 0.007       | 0.000      | 0.017      |             | 0.000  | 0.414r          |
| _262043_:Z (BUF_X8)                                                                                                         |        | 0.036       | 0.000      | 0.014      |             | 0.031  | 0.446r          |
| _155756_ (net)                                                                                                              | 10     |             |            |            | 0.000       |        |                 |
| _262044_:A (BUF_X4)                                                                                                         |        | 0.003       | 0.000      | 0.014      |             | 0.000  | 0.446r          |
| _262044_:Z (BUF_X4)                                                                                                         |        | 0.027       | 0.000      | 0.018      |             | 0.035  | 0.481r          |
| _155757_ (net)                                                                                                              | 10     |             |            |            | 0.000       |        |                 |
| _298558_:A (BUF_X4)                                                                                                         |        | 0.003       | 0.000      | 0.018      |             | 0.000  | 0.481r          |
| _298558_:Z (BUF_X4)                                                                                                         |        | 0.017       | 0.000      | 0.013      |             | 0.030  | 0.511r          |
| _009576_ (net)                                                                                                              | 10     |             |            |            | 0.000       |        |                 |
| _301361_:A2 (NAND2_X1)                                                                                                      |        | 0.002       | 0.000      | 0.013      |             | 0.000  | 0.511r          |
| _301361_:ZN (NAND2_X1)                                                                                                      |        | 0.001       | 0.000      | 0.008      |             | 0.013  | 0.524f          |
| u_sa_enhanced.pe_row_gen[13].pe_col_gen[11].u_pe_inst.pe_calculation_done_latch_$_OR__B_Y_$_ANDNOT__B_Y_$_ANDNOT__B_Y (net) | 1      |             |            |            | 0.000       |        |                 |
| _403523_:E (CLKGATE_X1)                                                                                                     |        | 0.001       | 0.000      | 0.008      |             | 0.000  | 0.524f          |
|                                                                                                                             |        |             |            |            |             |        |                 |
| clk (port)                                                                                                                  |        | 1.177       | 0.000      | 0.000      |             | 0.000  | 0.000r          |
| clk (clock net)                                                                                                             | 964    |             |            |            | NA          |        |                 |
| _403523_:CK (CLKGATE_X1)                                                                                                    |        | 0.002       | 0.000      | 0.000      |             | 0.000  | 0.000r          |
| clock clk (rise edge)                                                                                                       |        |             |            |            |             | 1.1    | 1.1             |
| clock network delay (ideal)                                                                                                 |        |             |            |            |             | 0.000  | 1.100           |
| _403523_:CK (CLKGATE_X1)                                                                                                    |        |             |            |            |             |        | 1.100r          |
| library setup time                                                                                                          |        |             |            |            |             | -0.045 | 1.055           |
| clock reconvergence pessimism                                                                                               |        |             |            |            |             | 0.000  | 1.055           |
|                                                                                                                             |        |             |            |            |             |        |                 |
| path cell delay                                                                                                             |        |             |            |            |             |        | 0.524(100.000%) |
| path net delay                                                                                                              |        |             |            |            |             |        | 0.000(0.000%)   |
|                                                                                                                             |        |             |            |            |             |        |                 |
| data require time                                                                                                           |        |             |            |            |             |        | 1.055           |
| data arrival time                                                                                                           |        |             |            |            |             |        | 0.524           |
| slack (MET)                                                                                                                 |        |             |            |            |             |        | 0.531           |
+-----------------------------------------------------------------------------------------------------------------------------+--------+-------------+------------+------------+-------------+--------+-----------------+
+----------------------------------------------------------------------------------------------------------------------------+--------+-------------+------------+------------+-------------+--------+-----------------+
| Point                                                                                                                      | Fanout | Capacitance | Resistance | Transition | Delta Delay | Incr   | Path            |
+----------------------------------------------------------------------------------------------------------------------------+--------+-------------+------------+------------+-------------+--------+-----------------+
| clk (port)                                                                                                                 |        | 1.177       | 0.000      | 0.000      |             | 0.000  | 0.000r          |
| clk (clock net)                                                                                                            | 964    |             |            |            | NA          |        |                 |
| _403604_:CK (CLKGATE_X1)                                                                                                   |        | 0.002       | 0.000      | 0.000      |             | 0.000  | 0.000r          |
| _403604_:GCK (CLKGATE_X1)                                                                                                  |        | 0.004       | 0.000      | 0.000      |             | 0.000  | 0.000r          |
| _180042_ (clock net)                                                                                                       | 4      |             |            |            | NA          |        |                 |
| current_state_q_$_DFFE_PN0P__Q:CK (DFFR_X1)                                                                                |        | 0.001       | 0.000      | 0.000      |             | 0.000  | 0.000r          |
| clock clk (rise edge)                                                                                                      |        |             |            |            |             | 0      | 0               |
| clock network delay (ideal)                                                                                                |        |             |            |            |             | 0.000  | 0.000           |
| current_state_q_$_DFFE_PN0P__Q:CK (DFFR_X1)                                                                                |        | 0.001       | 0.000      | 0.000      |             | 0.000  | 0.000r          |
| current_state_q_$_DFFE_PN0P__Q:Q (DFFR_X1)                                                                                 |        | 0.050       | 0.000      | 0.120      |             | 0.215  | 0.215r          |
| current_state_q[3] (net)                                                                                                   | 24     |             |            |            | 0.000       |        |                 |
| fanout_buf_26:A (BUF_X8)                                                                                                   |        | 0.007       | 0.000      | 0.120      |             | 0.000  | 0.215r          |
| fanout_buf_26:Z (BUF_X8)                                                                                                   |        | 0.049       | 0.000      | 0.019      |             | 0.044  | 0.260r          |
| fanout_net_26 (net)                                                                                                        | 30     |             |            |            | 0.000       |        |                 |
| _236246_:A2 (NOR2_X1)                                                                                                      |        | 0.002       | 0.000      | 0.019      |             | 0.000  | 0.260r          |
| _236246_:ZN (NOR2_X1)                                                                                                      |        | 0.002       | 0.000      | 0.010      |             | 0.015  | 0.274f          |
| _132470_ (net)                                                                                                             | 2      |             |            |            | 0.000       |        |                 |
| _236302_:A2 (AND2_X1)                                                                                                      |        | 0.001       | 0.000      | 0.010      |             | 0.000  | 0.274f          |
| _236302_:ZN (AND2_X1)                                                                                                      |        | 0.003       | 0.000      | 0.008      |             | 0.036  | 0.310f          |
| _132517_ (net)                                                                                                             | 1      |             |            |            | 0.000       |        |                 |
| _236303_:A (BUF_X4)                                                                                                        |        | 0.003       | 0.000      | 0.008      |             | 0.000  | 0.310f          |
| _236303_:Z (BUF_X4)                                                                                                        |        | 0.015       | 0.000      | 0.008      |             | 0.029  | 0.339f          |
| _132518_ (net)                                                                                                             | 3      |             |            |            | 0.000       |        |                 |
| _236308_:A (INV_X2)                                                                                                        |        | 0.003       | 0.000      | 0.008      |             | 0.000  | 0.339f          |
| _236308_:ZN (INV_X2)                                                                                                       |        | 0.024       | 0.000      | 0.031      |             | 0.038  | 0.377r          |
| _132522_ (net)                                                                                                             | 4      |             |            |            | 0.000       |        |                 |
| _254340_:A (BUF_X8)                                                                                                        |        | 0.007       | 0.000      | 0.031      |             | 0.000  | 0.377r          |
| _254340_:Z (BUF_X8)                                                                                                        |        | 0.047       | 0.000      | 0.017      |             | 0.037  | 0.414r          |
| _148671_ (net)                                                                                                             | 10     |             |            |            | 0.000       |        |                 |
| _262043_:A (BUF_X8)                                                                                                        |        | 0.007       | 0.000      | 0.017      |             | 0.000  | 0.414r          |
| _262043_:Z (BUF_X8)                                                                                                        |        | 0.036       | 0.000      | 0.014      |             | 0.031  | 0.446r          |
| _155756_ (net)                                                                                                             | 10     |             |            |            | 0.000       |        |                 |
| _262044_:A (BUF_X4)                                                                                                        |        | 0.003       | 0.000      | 0.014      |             | 0.000  | 0.446r          |
| _262044_:Z (BUF_X4)                                                                                                        |        | 0.027       | 0.000      | 0.018      |             | 0.035  | 0.481r          |
| _155757_ (net)                                                                                                             | 10     |             |            |            | 0.000       |        |                 |
| _298558_:A (BUF_X4)                                                                                                        |        | 0.003       | 0.000      | 0.018      |             | 0.000  | 0.481r          |
| _298558_:Z (BUF_X4)                                                                                                        |        | 0.017       | 0.000      | 0.013      |             | 0.030  | 0.511r          |
| _009576_ (net)                                                                                                             | 10     |             |            |            | 0.000       |        |                 |
| _305585_:A2 (NAND2_X1)                                                                                                     |        | 0.002       | 0.000      | 0.013      |             | 0.000  | 0.511r          |
| _305585_:ZN (NAND2_X1)                                                                                                     |        | 0.001       | 0.000      | 0.008      |             | 0.013  | 0.524f          |
| u_sa_enhanced.pe_row_gen[13].pe_col_gen[2].u_pe_inst.pe_calculation_done_latch_$_OR__B_Y_$_ANDNOT__B_Y_$_ANDNOT__B_Y (net) | 1      |             |            |            | 0.000       |        |                 |
| _403517_:E (CLKGATE_X1)                                                                                                    |        | 0.001       | 0.000      | 0.008      |             | 0.000  | 0.524f          |
|                                                                                                                            |        |             |            |            |             |        |                 |
| clk (port)                                                                                                                 |        | 1.177       | 0.000      | 0.000      |             | 0.000  | 0.000r          |
| clk (clock net)                                                                                                            | 964    |             |            |            | NA          |        |                 |
| _403517_:CK (CLKGATE_X1)                                                                                                   |        | 0.002       | 0.000      | 0.000      |             | 0.000  | 0.000r          |
| clock clk (rise edge)                                                                                                      |        |             |            |            |             | 1.1    | 1.1             |
| clock network delay (ideal)                                                                                                |        |             |            |            |             | 0.000  | 1.100           |
| _403517_:CK (CLKGATE_X1)                                                                                                   |        |             |            |            |             |        | 1.100r          |
| library setup time                                                                                                         |        |             |            |            |             | -0.045 | 1.055           |
| clock reconvergence pessimism                                                                                              |        |             |            |            |             | 0.000  | 1.055           |
|                                                                                                                            |        |             |            |            |             |        |                 |
| path cell delay                                                                                                            |        |             |            |            |             |        | 0.524(100.000%) |
| path net delay                                                                                                             |        |             |            |            |             |        | 0.000(0.000%)   |
|                                                                                                                            |        |             |            |            |             |        |                 |
| data require time                                                                                                          |        |             |            |            |             |        | 1.055           |
| data arrival time                                                                                                          |        |             |            |            |             |        | 0.524           |
| slack (MET)                                                                                                                |        |             |            |            |             |        | 0.531           |
+----------------------------------------------------------------------------------------------------------------------------+--------+-------------+------------+------------+-------------+--------+-----------------+
+----------------------------------------------------------------------------------------------------------------------------------+--------+-------------+------------+------------+-------------+--------+-----------------+
| Point                                                                                                                            | Fanout | Capacitance | Resistance | Transition | Delta Delay | Incr   | Path            |
+----------------------------------------------------------------------------------------------------------------------------------+--------+-------------+------------+------------+-------------+--------+-----------------+
| clk (port)                                                                                                                       |        | 1.177       | 0.000      | 0.000      |             | 0.000  | 0.000r          |
| clk (clock net)                                                                                                                  | 964    |             |            |            | NA          |        |                 |
| _403590_:CK (CLKGATE_X1)                                                                                                         |        | 0.002       | 0.000      | 0.000      |             | 0.000  | 0.000r          |
| _403590_:GCK (CLKGATE_X1)                                                                                                        |        | 0.383       | 0.000      | 0.000      |             | 0.000  | 0.000r          |
| _180028_ (clock net)                                                                                                             | 392    |             |            |            | NA          |        |                 |
| u_sa_enhanced.pe_row_gen[2].pe_col_gen[1].u_pe_inst.pe_calculation_done_latch_$_DFFE_PN0P__Q:CK (DFFR_X1)                        |        | 0.001       | 0.000      | 0.000      |             | 0.000  | 0.000r          |
| clock clk (rise edge)                                                                                                            |        |             |            |            |             | 0      | 0               |
| clock network delay (ideal)                                                                                                      |        |             |            |            |             | 0.000  | 0.000           |
| u_sa_enhanced.pe_row_gen[2].pe_col_gen[1].u_pe_inst.pe_calculation_done_latch_$_DFFE_PN0P__Q:CK (DFFR_X1)                        |        | 0.001       | 0.000      | 0.000      |             | 0.000  | 0.000r          |
| u_sa_enhanced.pe_row_gen[2].pe_col_gen[1].u_pe_inst.pe_calculation_done_latch_$_DFFE_PN0P__Q:QN (DFFR_X1)                        |        | 0.003       | 0.000      | 0.013      |             | 0.069  | 0.069r          |
| u_sa_enhanced.pe_row_gen[2].pe_col_gen[1].u_pe_inst.pe_calculation_done_latch_$_DFFE_PN0P__Q_D_$_ANDNOT__Y_B_$_ANDNOT__Y_A (net) | 2      |             |            |            | 0.000       |        |                 |
| _349249_:B1 (OAI21_X1)                                                                                                           |        | 0.002       | 0.000      | 0.013      |             | 0.000  | 0.069r          |
| _349249_:ZN (OAI21_X1)                                                                                                           |        | 0.001       | 0.000      | 0.009      |             | 0.015  | 0.084f          |
| u_sa_enhanced.pe_row_gen[2].pe_col_gen[1].u_pe_inst.pe_calculation_done_latch_$_DFFE_PN0P__Q_D (net)                             | 1      |             |            |            | 0.000       |        |                 |
| u_sa_enhanced.pe_row_gen[2].pe_col_gen[1].u_pe_inst.pe_calculation_done_latch_$_DFFE_PN0P__Q:D (DFFR_X1)                         |        | 0.001       | 0.000      | 0.009      |             | 0.000  | 0.084f          |
|                                                                                                                                  |        |             |            |            |             |        |                 |
| clk (port)                                                                                                                       |        | 1.177       | 0.000      | 0.000      |             | 0.000  | 0.000r          |
| clk (clock net)                                                                                                                  | 964    |             |            |            | NA          |        |                 |
| _403590_:CK (CLKGATE_X1)                                                                                                         |        | 0.002       | 0.000      | 0.000      |             | 0.000  | 0.000r          |
| _403590_:GCK (CLKGATE_X1)                                                                                                        |        | 0.383       | 0.000      | 0.000      |             | 0.000  | 0.000r          |
| _180028_ (clock net)                                                                                                             | 392    |             |            |            | NA          |        |                 |
| u_sa_enhanced.pe_row_gen[2].pe_col_gen[1].u_pe_inst.pe_calculation_done_latch_$_DFFE_PN0P__Q:CK (DFFR_X1)                        |        | 0.001       | 0.000      | 0.000      |             | 0.000  | 0.000r          |
| clock clk (rise edge)                                                                                                            |        |             |            |            |             | 0      | 0               |
| clock network delay (ideal)                                                                                                      |        |             |            |            |             | 0.000  | 0.000           |
| u_sa_enhanced.pe_row_gen[2].pe_col_gen[1].u_pe_inst.pe_calculation_done_latch_$_DFFE_PN0P__Q:CK (DFFR_X1)                        |        |             |            |            |             |        | 0.000r          |
| library hold time                                                                                                                |        |             |            |            |             | 0.003  | 0.003           |
| clock reconvergence pessimism                                                                                                    |        |             |            |            |             | -0.000 | 0.003           |
|                                                                                                                                  |        |             |            |            |             |        |                 |
| path cell delay                                                                                                                  |        |             |            |            |             |        | 0.084(100.000%) |
| path net delay                                                                                                                   |        |             |            |            |             |        | 0.000(0.000%)   |
|                                                                                                                                  |        |             |            |            |             |        |                 |
| data require time                                                                                                                |        |             |            |            |             |        | 0.003           |
| data arrival time                                                                                                                |        |             |            |            |             |        | 0.084           |
| slack (MET)                                                                                                                      |        |             |            |            |             |        | 0.082           |
+----------------------------------------------------------------------------------------------------------------------------------+--------+-------------+------------+------------+-------------+--------+-----------------+
+-----------------------------------------------------------------------------------------------------------------------------------+--------+-------------+------------+------------+-------------+--------+-----------------+
| Point                                                                                                                             | Fanout | Capacitance | Resistance | Transition | Delta Delay | Incr   | Path            |
+-----------------------------------------------------------------------------------------------------------------------------------+--------+-------------+------------+------------+-------------+--------+-----------------+
| clk (port)                                                                                                                        |        | 1.177       | 0.000      | 0.000      |             | 0.000  | 0.000r          |
| clk (clock net)                                                                                                                   | 964    |             |            |            | NA          |        |                 |
| _403590_:CK (CLKGATE_X1)                                                                                                          |        | 0.002       | 0.000      | 0.000      |             | 0.000  | 0.000r          |
| _403590_:GCK (CLKGATE_X1)                                                                                                         |        | 0.383       | 0.000      | 0.000      |             | 0.000  | 0.000r          |
| _180028_ (clock net)                                                                                                              | 392    |             |            |            | NA          |        |                 |
| u_sa_enhanced.pe_row_gen[14].pe_col_gen[0].u_pe_inst.pe_calculation_done_latch_$_DFFE_PN0P__Q:CK (DFFR_X1)                        |        | 0.001       | 0.000      | 0.000      |             | 0.000  | 0.000r          |
| clock clk (rise edge)                                                                                                             |        |             |            |            |             | 0      | 0               |
| clock network delay (ideal)                                                                                                       |        |             |            |            |             | 0.000  | 0.000           |
| u_sa_enhanced.pe_row_gen[14].pe_col_gen[0].u_pe_inst.pe_calculation_done_latch_$_DFFE_PN0P__Q:CK (DFFR_X1)                        |        | 0.001       | 0.000      | 0.000      |             | 0.000  | 0.000r          |
| u_sa_enhanced.pe_row_gen[14].pe_col_gen[0].u_pe_inst.pe_calculation_done_latch_$_DFFE_PN0P__Q:QN (DFFR_X1)                        |        | 0.003       | 0.000      | 0.013      |             | 0.069  | 0.069r          |
| u_sa_enhanced.pe_row_gen[14].pe_col_gen[0].u_pe_inst.pe_calculation_done_latch_$_DFFE_PN0P__Q_D_$_ANDNOT__Y_B_$_ANDNOT__Y_A (net) | 2      |             |            |            | 0.000       |        |                 |
| _311195_:B1 (OAI21_X1)                                                                                                            |        | 0.002       | 0.000      | 0.013      |             | 0.000  | 0.069r          |
| _311195_:ZN (OAI21_X1)                                                                                                            |        | 0.001       | 0.000      | 0.009      |             | 0.015  | 0.084f          |
| u_sa_enhanced.pe_row_gen[14].pe_col_gen[0].u_pe_inst.pe_calculation_done_latch_$_DFFE_PN0P__Q_D (net)                             | 1      |             |            |            | 0.000       |        |                 |
| u_sa_enhanced.pe_row_gen[14].pe_col_gen[0].u_pe_inst.pe_calculation_done_latch_$_DFFE_PN0P__Q:D (DFFR_X1)                         |        | 0.001       | 0.000      | 0.009      |             | 0.000  | 0.084f          |
|                                                                                                                                   |        |             |            |            |             |        |                 |
| clk (port)                                                                                                                        |        | 1.177       | 0.000      | 0.000      |             | 0.000  | 0.000r          |
| clk (clock net)                                                                                                                   | 964    |             |            |            | NA          |        |                 |
| _403590_:CK (CLKGATE_X1)                                                                                                          |        | 0.002       | 0.000      | 0.000      |             | 0.000  | 0.000r          |
| _403590_:GCK (CLKGATE_X1)                                                                                                         |        | 0.383       | 0.000      | 0.000      |             | 0.000  | 0.000r          |
| _180028_ (clock net)                                                                                                              | 392    |             |            |            | NA          |        |                 |
| u_sa_enhanced.pe_row_gen[14].pe_col_gen[0].u_pe_inst.pe_calculation_done_latch_$_DFFE_PN0P__Q:CK (DFFR_X1)                        |        | 0.001       | 0.000      | 0.000      |             | 0.000  | 0.000r          |
| clock clk (rise edge)                                                                                                             |        |             |            |            |             | 0      | 0               |
| clock network delay (ideal)                                                                                                       |        |             |            |            |             | 0.000  | 0.000           |
| u_sa_enhanced.pe_row_gen[14].pe_col_gen[0].u_pe_inst.pe_calculation_done_latch_$_DFFE_PN0P__Q:CK (DFFR_X1)                        |        |             |            |            |             |        | 0.000r          |
| library hold time                                                                                                                 |        |             |            |            |             | 0.003  | 0.003           |
| clock reconvergence pessimism                                                                                                     |        |             |            |            |             | -0.000 | 0.003           |
|                                                                                                                                   |        |             |            |            |             |        |                 |
| path cell delay                                                                                                                   |        |             |            |            |             |        | 0.084(100.000%) |
| path net delay                                                                                                                    |        |             |            |            |             |        | 0.000(0.000%)   |
|                                                                                                                                   |        |             |            |            |             |        |                 |
| data require time                                                                                                                 |        |             |            |            |             |        | 0.003           |
| data arrival time                                                                                                                 |        |             |            |            |             |        | 0.084           |
| slack (MET)                                                                                                                       |        |             |            |            |             |        | 0.082           |
+-----------------------------------------------------------------------------------------------------------------------------------+--------+-------------+------------+------------+-------------+--------+-----------------+
+-----------------------------------------------------------------------------------------------------------------------------------+--------+-------------+------------+------------+-------------+--------+-----------------+
| Point                                                                                                                             | Fanout | Capacitance | Resistance | Transition | Delta Delay | Incr   | Path            |
+-----------------------------------------------------------------------------------------------------------------------------------+--------+-------------+------------+------------+-------------+--------+-----------------+
| clk (port)                                                                                                                        |        | 1.177       | 0.000      | 0.000      |             | 0.000  | 0.000r          |
| clk (clock net)                                                                                                                   | 964    |             |            |            | NA          |        |                 |
| _403590_:CK (CLKGATE_X1)                                                                                                          |        | 0.002       | 0.000      | 0.000      |             | 0.000  | 0.000r          |
| _403590_:GCK (CLKGATE_X1)                                                                                                         |        | 0.383       | 0.000      | 0.000      |             | 0.000  | 0.000r          |
| _180028_ (clock net)                                                                                                              | 392    |             |            |            | NA          |        |                 |
| u_sa_enhanced.pe_row_gen[14].pe_col_gen[0].u_pe_inst.pe_calculation_done_latch_$_DFFE_PN0P__Q:CK (DFFR_X1)                        |        | 0.001       | 0.000      | 0.000      |             | 0.000  | 0.000r          |
| clock clk (rise edge)                                                                                                             |        |             |            |            |             | 0      | 0               |
| clock network delay (ideal)                                                                                                       |        |             |            |            |             | 0.000  | 0.000           |
| u_sa_enhanced.pe_row_gen[14].pe_col_gen[0].u_pe_inst.pe_calculation_done_latch_$_DFFE_PN0P__Q:CK (DFFR_X1)                        |        | 0.001       | 0.000      | 0.000      |             | 0.000  | 0.000r          |
| u_sa_enhanced.pe_row_gen[14].pe_col_gen[0].u_pe_inst.pe_calculation_done_latch_$_DFFE_PN0P__Q:QN (DFFR_X1)                        |        | 0.003       | 0.000      | 0.013      |             | 0.069  | 0.069r          |
| u_sa_enhanced.pe_row_gen[14].pe_col_gen[0].u_pe_inst.pe_calculation_done_latch_$_DFFE_PN0P__Q_D_$_ANDNOT__Y_B_$_ANDNOT__Y_A (net) | 2      |             |            |            | 0.000       |        |                 |
| _311195_:B1 (OAI21_X1)                                                                                                            |        | 0.002       | 0.000      | 0.013      |             | 0.000  | 0.069r          |
| _311195_:ZN (OAI21_X1)                                                                                                            |        | 0.001       | 0.000      | 0.009      |             | 0.015  | 0.084f          |
| u_sa_enhanced.pe_row_gen[14].pe_col_gen[0].u_pe_inst.pe_calculation_done_latch_$_DFFE_PN0P__Q_D (net)                             | 1      |             |            |            | 0.000       |        |                 |
| u_sa_enhanced.pe_row_gen[14].pe_col_gen[0].u_pe_inst.pe_calculation_done_latch_$_DFFE_PN0P__Q:D (DFFR_X1)                         |        | 0.001       | 0.000      | 0.009      |             | 0.000  | 0.084f          |
|                                                                                                                                   |        |             |            |            |             |        |                 |
| clk (port)                                                                                                                        |        | 1.177       | 0.000      | 0.000      |             | 0.000  | 0.000r          |
| clk (clock net)                                                                                                                   | 964    |             |            |            | NA          |        |                 |
| _403590_:CK (CLKGATE_X1)                                                                                                          |        | 0.002       | 0.000      | 0.000      |             | 0.000  | 0.000r          |
| _403590_:GCK (CLKGATE_X1)                                                                                                         |        | 0.383       | 0.000      | 0.000      |             | 0.000  | 0.000r          |
| _180028_ (clock net)                                                                                                              | 392    |             |            |            | NA          |        |                 |
| u_sa_enhanced.pe_row_gen[14].pe_col_gen[0].u_pe_inst.pe_calculation_done_latch_$_DFFE_PN0P__Q:CK (DFFR_X1)                        |        | 0.001       | 0.000      | 0.000      |             | 0.000  | 0.000r          |
| clock clk (rise edge)                                                                                                             |        |             |            |            |             | 0      | 0               |
| clock network delay (ideal)                                                                                                       |        |             |            |            |             | 0.000  | 0.000           |
| u_sa_enhanced.pe_row_gen[14].pe_col_gen[0].u_pe_inst.pe_calculation_done_latch_$_DFFE_PN0P__Q:CK (DFFR_X1)                        |        |             |            |            |             |        | 0.000r          |
| library hold time                                                                                                                 |        |             |            |            |             | 0.003  | 0.003           |
| clock reconvergence pessimism                                                                                                     |        |             |            |            |             | -0.000 | 0.003           |
|                                                                                                                                   |        |             |            |            |             |        |                 |
| path cell delay                                                                                                                   |        |             |            |            |             |        | 0.084(100.000%) |
| path net delay                                                                                                                    |        |             |            |            |             |        | 0.000(0.000%)   |
|                                                                                                                                   |        |             |            |            |             |        |                 |
| data require time                                                                                                                 |        |             |            |            |             |        | 0.003           |
| data arrival time                                                                                                                 |        |             |            |            |             |        | 0.084           |
| slack (MET)                                                                                                                       |        |             |            |            |             |        | 0.082           |
+-----------------------------------------------------------------------------------------------------------------------------------+--------+-------------+------------+------------+-------------+--------+-----------------+
+-----------------------------------------------------------------------------------------------------------------------------------+--------+-------------+------------+------------+-------------+--------+-----------------+
| Point                                                                                                                             | Fanout | Capacitance | Resistance | Transition | Delta Delay | Incr   | Path            |
+-----------------------------------------------------------------------------------------------------------------------------------+--------+-------------+------------+------------+-------------+--------+-----------------+
| clk (port)                                                                                                                        |        | 1.177       | 0.000      | 0.000      |             | 0.000  | 0.000r          |
| clk (clock net)                                                                                                                   | 964    |             |            |            | NA          |        |                 |
| _403590_:CK (CLKGATE_X1)                                                                                                          |        | 0.002       | 0.000      | 0.000      |             | 0.000  | 0.000r          |
| _403590_:GCK (CLKGATE_X1)                                                                                                         |        | 0.383       | 0.000      | 0.000      |             | 0.000  | 0.000r          |
| _180028_ (clock net)                                                                                                              | 392    |             |            |            | NA          |        |                 |
| u_sa_enhanced.pe_row_gen[15].pe_col_gen[1].u_pe_inst.pe_calculation_done_latch_$_DFFE_PN0P__Q:CK (DFFR_X1)                        |        | 0.001       | 0.000      | 0.000      |             | 0.000  | 0.000r          |
| clock clk (rise edge)                                                                                                             |        |             |            |            |             | 0      | 0               |
| clock network delay (ideal)                                                                                                       |        |             |            |            |             | 0.000  | 0.000           |
| u_sa_enhanced.pe_row_gen[15].pe_col_gen[1].u_pe_inst.pe_calculation_done_latch_$_DFFE_PN0P__Q:CK (DFFR_X1)                        |        | 0.001       | 0.000      | 0.000      |             | 0.000  | 0.000r          |
| u_sa_enhanced.pe_row_gen[15].pe_col_gen[1].u_pe_inst.pe_calculation_done_latch_$_DFFE_PN0P__Q:QN (DFFR_X1)                        |        | 0.003       | 0.000      | 0.013      |             | 0.069  | 0.069r          |
| u_sa_enhanced.pe_row_gen[15].pe_col_gen[1].u_pe_inst.pe_calculation_done_latch_$_DFFE_PN0P__Q_D_$_ANDNOT__Y_B_$_ANDNOT__Y_A (net) | 2      |             |            |            | 0.000       |        |                 |
| _327075_:B1 (OAI21_X1)                                                                                                            |        | 0.002       | 0.000      | 0.013      |             | 0.000  | 0.069r          |
| _327075_:ZN (OAI21_X1)                                                                                                            |        | 0.001       | 0.000      | 0.009      |             | 0.015  | 0.084f          |
| u_sa_enhanced.pe_row_gen[15].pe_col_gen[1].u_pe_inst.pe_calculation_done_latch_$_DFFE_PN0P__Q_D (net)                             | 1      |             |            |            | 0.000       |        |                 |
| u_sa_enhanced.pe_row_gen[15].pe_col_gen[1].u_pe_inst.pe_calculation_done_latch_$_DFFE_PN0P__Q:D (DFFR_X1)                         |        | 0.001       | 0.000      | 0.009      |             | 0.000  | 0.084f          |
|                                                                                                                                   |        |             |            |            |             |        |                 |
| clk (port)                                                                                                                        |        | 1.177       | 0.000      | 0.000      |             | 0.000  | 0.000r          |
| clk (clock net)                                                                                                                   | 964    |             |            |            | NA          |        |                 |
| _403590_:CK (CLKGATE_X1)                                                                                                          |        | 0.002       | 0.000      | 0.000      |             | 0.000  | 0.000r          |
| _403590_:GCK (CLKGATE_X1)                                                                                                         |        | 0.383       | 0.000      | 0.000      |             | 0.000  | 0.000r          |
| _180028_ (clock net)                                                                                                              | 392    |             |            |            | NA          |        |                 |
| u_sa_enhanced.pe_row_gen[15].pe_col_gen[1].u_pe_inst.pe_calculation_done_latch_$_DFFE_PN0P__Q:CK (DFFR_X1)                        |        | 0.001       | 0.000      | 0.000      |             | 0.000  | 0.000r          |
| clock clk (rise edge)                                                                                                             |        |             |            |            |             | 0      | 0               |
| clock network delay (ideal)                                                                                                       |        |             |            |            |             | 0.000  | 0.000           |
| u_sa_enhanced.pe_row_gen[15].pe_col_gen[1].u_pe_inst.pe_calculation_done_latch_$_DFFE_PN0P__Q:CK (DFFR_X1)                        |        |             |            |            |             |        | 0.000r          |
| library hold time                                                                                                                 |        |             |            |            |             | 0.003  | 0.003           |
| clock reconvergence pessimism                                                                                                     |        |             |            |            |             | -0.000 | 0.003           |
|                                                                                                                                   |        |             |            |            |             |        |                 |
| path cell delay                                                                                                                   |        |             |            |            |             |        | 0.084(100.000%) |
| path net delay                                                                                                                    |        |             |            |            |             |        | 0.000(0.000%)   |
|                                                                                                                                   |        |             |            |            |             |        |                 |
| data require time                                                                                                                 |        |             |            |            |             |        | 0.003           |
| data arrival time                                                                                                                 |        |             |            |            |             |        | 0.084           |
| slack (MET)                                                                                                                       |        |             |            |            |             |        | 0.082           |
+-----------------------------------------------------------------------------------------------------------------------------------+--------+-------------+------------+------------+-------------+--------+-----------------+
+-----------------------------------------------------------------------------------------------------------------------------------+--------+-------------+------------+------------+-------------+--------+-----------------+
| Point                                                                                                                             | Fanout | Capacitance | Resistance | Transition | Delta Delay | Incr   | Path            |
+-----------------------------------------------------------------------------------------------------------------------------------+--------+-------------+------------+------------+-------------+--------+-----------------+
| clk (port)                                                                                                                        |        | 1.177       | 0.000      | 0.000      |             | 0.000  | 0.000r          |
| clk (clock net)                                                                                                                   | 964    |             |            |            | NA          |        |                 |
| _403590_:CK (CLKGATE_X1)                                                                                                          |        | 0.002       | 0.000      | 0.000      |             | 0.000  | 0.000r          |
| _403590_:GCK (CLKGATE_X1)                                                                                                         |        | 0.383       | 0.000      | 0.000      |             | 0.000  | 0.000r          |
| _180028_ (clock net)                                                                                                              | 392    |             |            |            | NA          |        |                 |
| u_sa_enhanced.pe_row_gen[15].pe_col_gen[1].u_pe_inst.pe_calculation_done_latch_$_DFFE_PN0P__Q:CK (DFFR_X1)                        |        | 0.001       | 0.000      | 0.000      |             | 0.000  | 0.000r          |
| clock clk (rise edge)                                                                                                             |        |             |            |            |             | 0      | 0               |
| clock network delay (ideal)                                                                                                       |        |             |            |            |             | 0.000  | 0.000           |
| u_sa_enhanced.pe_row_gen[15].pe_col_gen[1].u_pe_inst.pe_calculation_done_latch_$_DFFE_PN0P__Q:CK (DFFR_X1)                        |        | 0.001       | 0.000      | 0.000      |             | 0.000  | 0.000r          |
| u_sa_enhanced.pe_row_gen[15].pe_col_gen[1].u_pe_inst.pe_calculation_done_latch_$_DFFE_PN0P__Q:QN (DFFR_X1)                        |        | 0.003       | 0.000      | 0.013      |             | 0.069  | 0.069r          |
| u_sa_enhanced.pe_row_gen[15].pe_col_gen[1].u_pe_inst.pe_calculation_done_latch_$_DFFE_PN0P__Q_D_$_ANDNOT__Y_B_$_ANDNOT__Y_A (net) | 2      |             |            |            | 0.000       |        |                 |
| _327075_:B1 (OAI21_X1)                                                                                                            |        | 0.002       | 0.000      | 0.013      |             | 0.000  | 0.069r          |
| _327075_:ZN (OAI21_X1)                                                                                                            |        | 0.001       | 0.000      | 0.009      |             | 0.015  | 0.084f          |
| u_sa_enhanced.pe_row_gen[15].pe_col_gen[1].u_pe_inst.pe_calculation_done_latch_$_DFFE_PN0P__Q_D (net)                             | 1      |             |            |            | 0.000       |        |                 |
| u_sa_enhanced.pe_row_gen[15].pe_col_gen[1].u_pe_inst.pe_calculation_done_latch_$_DFFE_PN0P__Q:D (DFFR_X1)                         |        | 0.001       | 0.000      | 0.009      |             | 0.000  | 0.084f          |
|                                                                                                                                   |        |             |            |            |             |        |                 |
| clk (port)                                                                                                                        |        | 1.177       | 0.000      | 0.000      |             | 0.000  | 0.000r          |
| clk (clock net)                                                                                                                   | 964    |             |            |            | NA          |        |                 |
| _403590_:CK (CLKGATE_X1)                                                                                                          |        | 0.002       | 0.000      | 0.000      |             | 0.000  | 0.000r          |
| _403590_:GCK (CLKGATE_X1)                                                                                                         |        | 0.383       | 0.000      | 0.000      |             | 0.000  | 0.000r          |
| _180028_ (clock net)                                                                                                              | 392    |             |            |            | NA          |        |                 |
| u_sa_enhanced.pe_row_gen[15].pe_col_gen[1].u_pe_inst.pe_calculation_done_latch_$_DFFE_PN0P__Q:CK (DFFR_X1)                        |        | 0.001       | 0.000      | 0.000      |             | 0.000  | 0.000r          |
| clock clk (rise edge)                                                                                                             |        |             |            |            |             | 0      | 0               |
| clock network delay (ideal)                                                                                                       |        |             |            |            |             | 0.000  | 0.000           |
| u_sa_enhanced.pe_row_gen[15].pe_col_gen[1].u_pe_inst.pe_calculation_done_latch_$_DFFE_PN0P__Q:CK (DFFR_X1)                        |        |             |            |            |             |        | 0.000r          |
| library hold time                                                                                                                 |        |             |            |            |             | 0.003  | 0.003           |
| clock reconvergence pessimism                                                                                                     |        |             |            |            |             | -0.000 | 0.003           |
|                                                                                                                                   |        |             |            |            |             |        |                 |
| path cell delay                                                                                                                   |        |             |            |            |             |        | 0.084(100.000%) |
| path net delay                                                                                                                    |        |             |            |            |             |        | 0.000(0.000%)   |
|                                                                                                                                   |        |             |            |            |             |        |                 |
| data require time                                                                                                                 |        |             |            |            |             |        | 0.003           |
| data arrival time                                                                                                                 |        |             |            |            |             |        | 0.084           |
| slack (MET)                                                                                                                       |        |             |            |            |             |        | 0.082           |
+-----------------------------------------------------------------------------------------------------------------------------------+--------+-------------+------------+------------+-------------+--------+-----------------+
+---------------------------------------------------+--------+-------------+------------+------------+-------------+--------+-----------------+
| Point                                             | Fanout | Capacitance | Resistance | Transition | Delta Delay | Incr   | Path            |
+---------------------------------------------------+--------+-------------+------------+------------+-------------+--------+-----------------+
| clk (port)                                        |        | 1.177       | 0.000      | 0.000      |             | 0.000  | 0.000r          |
| clk (clock net)                                   | 964    |             |            |            | NA          |        |                 |
| u_writer.current_state_$_DFF_PN1__Q:CK (DFFS_X1)  |        | 0.001       | 0.000      | 0.000      |             | 0.000  | 0.000r          |
| clock clk (rise edge)                             |        |             |            |            |             | 0      | 0               |
| clock network delay (ideal)                       |        |             |            |            |             | 0.000  | 0.000           |
| u_writer.current_state_$_DFF_PN1__Q:CK (DFFS_X1)  |        | 0.001       | 0.000      | 0.000      |             | 0.000  | 0.000r          |
| u_writer.current_state_$_DFF_PN1__Q:QN (DFFS_X1)  |        | 0.003       | 0.000      | 0.013      |             | 0.068  | 0.068r          |
| done_$_NOR__Y_A_$_ANDNOT__B_Y_$_ANDNOT__A_B (net) | 2      |             |            |            | 0.000       |        |                 |
| _236300_:A2 (NOR2_X1)                             |        | 0.002       | 0.000      | 0.013      |             | 0.000  | 0.068r          |
| _236300_:ZN (NOR2_X1)                             |        | 0.001       | 0.000      | 0.005      |             | 0.009  | 0.077f          |
| u_writer.j_reg_q_$_DFFE_PN0P__Q_E (net)           | 1      |             |            |            | 0.000       |        |                 |
| _403330_:E (CLKGATE_X1)                           |        | 0.001       | 0.000      | 0.005      |             | 0.000  | 0.077f          |
|                                                   |        |             |            |            |             |        |                 |
| clk (port)                                        |        | 1.177       | 0.000      | 0.000      |             | 0.000  | 0.000r          |
| clk (clock net)                                   | 964    |             |            |            | NA          |        |                 |
| _403330_:CK (CLKGATE_X1)                          |        | 0.002       | 0.000      | 0.000      |             | 0.000  | 0.000r          |
| clock clk (rise edge)                             |        |             |            |            |             | 0      | 0               |
| clock network delay (ideal)                       |        |             |            |            |             | 0.000  | 0.000           |
| _403330_:CK (CLKGATE_X1)                          |        |             |            |            |             |        | 0.000r          |
| library hold time                                 |        |             |            |            |             | -0.016 | -0.016          |
| clock reconvergence pessimism                     |        |             |            |            |             | -0.000 | -0.016          |
|                                                   |        |             |            |            |             |        |                 |
| path cell delay                                   |        |             |            |            |             |        | 0.077(100.000%) |
| path net delay                                    |        |             |            |            |             |        | 0.000(0.000%)   |
|                                                   |        |             |            |            |             |        |                 |
| data require time                                 |        |             |            |            |             |        | -0.016          |
| data arrival time                                 |        |             |            |            |             |        | 0.077           |
| slack (MET)                                       |        |             |            |            |             |        | 0.093           |
+---------------------------------------------------+--------+-------------+------------+------------+-------------+--------+-----------------+
+---------------------------------------------------+--------+-------------+------------+------------+-------------+--------+-----------------+
| Point                                             | Fanout | Capacitance | Resistance | Transition | Delta Delay | Incr   | Path            |
+---------------------------------------------------+--------+-------------+------------+------------+-------------+--------+-----------------+
| clk (port)                                        |        | 1.177       | 0.000      | 0.000      |             | 0.000  | 0.000r          |
| clk (clock net)                                   | 964    |             |            |            | NA          |        |                 |
| u_writer.current_state_$_DFF_PN1__Q:CK (DFFS_X1)  |        | 0.001       | 0.000      | 0.000      |             | 0.000  | 0.000r          |
| clock clk (rise edge)                             |        |             |            |            |             | 0      | 0               |
| clock network delay (ideal)                       |        |             |            |            |             | 0.000  | 0.000           |
| u_writer.current_state_$_DFF_PN1__Q:CK (DFFS_X1)  |        | 0.001       | 0.000      | 0.000      |             | 0.000  | 0.000r          |
| u_writer.current_state_$_DFF_PN1__Q:QN (DFFS_X1)  |        | 0.003       | 0.000      | 0.013      |             | 0.068  | 0.068f          |
| done_$_NOR__Y_A_$_ANDNOT__B_Y_$_ANDNOT__A_B (net) | 2      |             |            |            | 0.000       |        |                 |
| _236300_:A2 (NOR2_X1)                             |        | 0.002       | 0.000      | 0.013      |             | 0.000  | 0.068f          |
| _236300_:ZN (NOR2_X1)                             |        | 0.001       | 0.000      | 0.012      |             | 0.026  | 0.095r          |
| u_writer.j_reg_q_$_DFFE_PN0P__Q_E (net)           | 1      |             |            |            | 0.000       |        |                 |
| _403330_:E (CLKGATE_X1)                           |        | 0.001       | 0.000      | 0.012      |             | 0.000  | 0.095r          |
|                                                   |        |             |            |            |             |        |                 |
| clk (port)                                        |        | 1.177       | 0.000      | 0.000      |             | 0.000  | 0.000r          |
| clk (clock net)                                   | 964    |             |            |            | NA          |        |                 |
| _403330_:CK (CLKGATE_X1)                          |        | 0.002       | 0.000      | 0.000      |             | 0.000  | 0.000r          |
| clock clk (rise edge)                             |        |             |            |            |             | 0      | 0               |
| clock network delay (ideal)                       |        |             |            |            |             | 0.000  | 0.000           |
| _403330_:CK (CLKGATE_X1)                          |        |             |            |            |             |        | 0.000r          |
| library hold time                                 |        |             |            |            |             | -0.001 | -0.001          |
| clock reconvergence pessimism                     |        |             |            |            |             | -0.000 | -0.001          |
|                                                   |        |             |            |            |             |        |                 |
| path cell delay                                   |        |             |            |            |             |        | 0.095(100.000%) |
| path net delay                                    |        |             |            |            |             |        | 0.000(0.000%)   |
|                                                   |        |             |            |            |             |        |                 |
| data require time                                 |        |             |            |            |             |        | -0.001          |
| data arrival time                                 |        |             |            |            |             |        | 0.095           |
| slack (MET)                                       |        |             |            |            |             |        | 0.095           |
+---------------------------------------------------+--------+-------------+------------+------------+-------------+--------+-----------------+
+-----------------------------------------------------------------------------------------------------------------------------------------------------------------------------+--------+-------------+------------+------------+-------------+--------+-----------------+
| Point                                                                                                                                                                       | Fanout | Capacitance | Resistance | Transition | Delta Delay | Incr   | Path            |
+-----------------------------------------------------------------------------------------------------------------------------------------------------------------------------+--------+-------------+------------+------------+-------------+--------+-----------------+
| clk (port)                                                                                                                                                                  |        | 1.177       | 0.000      | 0.000      |             | 0.000  | 0.000r          |
| clk (clock net)                                                                                                                                                             | 964    |             |            |            | NA          |        |                 |
| _403590_:CK (CLKGATE_X1)                                                                                                                                                    |        | 0.002       | 0.000      | 0.000      |             | 0.000  | 0.000r          |
| _403590_:GCK (CLKGATE_X1)                                                                                                                                                   |        | 0.383       | 0.000      | 0.000      |             | 0.000  | 0.000r          |
| _180028_ (clock net)                                                                                                                                                        | 392    |             |            |            | NA          |        |                 |
| u_sa_enhanced.pe_row_gen[11].pe_col_gen[0].u_pe_inst.pe_calculation_done_latch_$_DFFE_PN0P__Q:CK (DFFR_X1)                                                                  |        | 0.001       | 0.000      | 0.000      |             | 0.000  | 0.000r          |
| clock clk (rise edge)                                                                                                                                                       |        |             |            |            |             | 0      | 0               |
| clock network delay (ideal)                                                                                                                                                 |        |             |            |            |             | 0.000  | 0.000           |
| u_sa_enhanced.pe_row_gen[11].pe_col_gen[0].u_pe_inst.pe_calculation_done_latch_$_DFFE_PN0P__Q:CK (DFFR_X1)                                                                  |        | 0.001       | 0.000      | 0.000      |             | 0.000  | 0.000r          |
| u_sa_enhanced.pe_row_gen[11].pe_col_gen[0].u_pe_inst.pe_calculation_done_latch_$_DFFE_PN0P__Q:QN (DFFR_X1)                                                                  |        | 0.003       | 0.000      | 0.013      |             | 0.069  | 0.069r          |
| u_sa_enhanced.pe_row_gen[11].pe_col_gen[0].u_pe_inst.pe_calculation_done_latch_$_DFFE_PN0P__Q_D_$_ANDNOT__Y_B_$_ANDNOT__Y_A (net)                                           | 2      |             |            |            | 0.000       |        |                 |
| _277491_:A4 (NOR4_X1)                                                                                                                                                       |        | 0.002       | 0.000      | 0.013      |             | 0.000  | 0.069r          |
| _277491_:ZN (NOR4_X1)                                                                                                                                                       |        | 0.001       | 0.000      | 0.006      |             | 0.013  | 0.082f          |
| _169957_ (net)                                                                                                                                                              | 1      |             |            |            | 0.000       |        |                 |
| _277493_:A1 (NOR3_X1)                                                                                                                                                       |        | 0.002       | 0.000      | 0.006      |             | 0.000  | 0.082f          |
| _277493_:ZN (NOR3_X1)                                                                                                                                                       |        | 0.001       | 0.000      | 0.022      |             | 0.027  | 0.109r          |
| u_sa_enhanced.pe_row_gen[11].pe_col_gen[0].u_pe_inst.pe_calculation_done_latch_$_DFFE_PN0P__Q_D_$_ANDNOT__Y_B_$_ANDNOT__Y_A_$_ANDNOT__B_Y_$_ANDNOT__B_Y_$_ANDNOT__A_Y (net) | 1      |             |            |            | 0.000       |        |                 |
| _403557_:E (CLKGATE_X1)                                                                                                                                                     |        | 0.001       | 0.000      | 0.022      |             | 0.000  | 0.109r          |
|                                                                                                                                                                             |        |             |            |            |             |        |                 |
| clk (port)                                                                                                                                                                  |        | 1.177       | 0.000      | 0.000      |             | 0.000  | 0.000r          |
| clk (clock net)                                                                                                                                                             | 964    |             |            |            | NA          |        |                 |
| _403557_:CK (CLKGATE_X1)                                                                                                                                                    |        | 0.002       | 0.000      | 0.000      |             | 0.000  | 0.000r          |
| clock clk (rise edge)                                                                                                                                                       |        |             |            |            |             | 0      | 0               |
| clock network delay (ideal)                                                                                                                                                 |        |             |            |            |             | 0.000  | 0.000           |
| _403557_:CK (CLKGATE_X1)                                                                                                                                                    |        |             |            |            |             |        | 0.000r          |
| library hold time                                                                                                                                                           |        |             |            |            |             | 0.001  | 0.001           |
| clock reconvergence pessimism                                                                                                                                               |        |             |            |            |             | -0.000 | 0.001           |
|                                                                                                                                                                             |        |             |            |            |             |        |                 |
| path cell delay                                                                                                                                                             |        |             |            |            |             |        | 0.109(100.000%) |
| path net delay                                                                                                                                                              |        |             |            |            |             |        | 0.000(0.000%)   |
|                                                                                                                                                                             |        |             |            |            |             |        |                 |
| data require time                                                                                                                                                           |        |             |            |            |             |        | 0.001           |
| data arrival time                                                                                                                                                           |        |             |            |            |             |        | 0.109           |
| slack (MET)                                                                                                                                                                 |        |             |            |            |             |        | 0.108           |
+-----------------------------------------------------------------------------------------------------------------------------------------------------------------------------+--------+-------------+------------+------------+-------------+--------+-----------------+
+----------------------------------------------------------------------------------------------------------------------------------------------------------------------------+--------+-------------+------------+------------+-------------+--------+-----------------+
| Point                                                                                                                                                                      | Fanout | Capacitance | Resistance | Transition | Delta Delay | Incr   | Path            |
+----------------------------------------------------------------------------------------------------------------------------------------------------------------------------+--------+-------------+------------+------------+-------------+--------+-----------------+
| clk (port)                                                                                                                                                                 |        | 1.177       | 0.000      | 0.000      |             | 0.000  | 0.000r          |
| clk (clock net)                                                                                                                                                            | 964    |             |            |            | NA          |        |                 |
| _403590_:CK (CLKGATE_X1)                                                                                                                                                   |        | 0.002       | 0.000      | 0.000      |             | 0.000  | 0.000r          |
| _403590_:GCK (CLKGATE_X1)                                                                                                                                                  |        | 0.383       | 0.000      | 0.000      |             | 0.000  | 0.000r          |
| _180028_ (clock net)                                                                                                                                                       | 392    |             |            |            | NA          |        |                 |
| u_sa_enhanced.pe_row_gen[1].pe_col_gen[1].u_pe_inst.pe_calculation_done_latch_$_DFFE_PN0P__Q:CK (DFFR_X1)                                                                  |        | 0.001       | 0.000      | 0.000      |             | 0.000  | 0.000r          |
| clock clk (rise edge)                                                                                                                                                      |        |             |            |            |             | 0      | 0               |
| clock network delay (ideal)                                                                                                                                                |        |             |            |            |             | 0.000  | 0.000           |
| u_sa_enhanced.pe_row_gen[1].pe_col_gen[1].u_pe_inst.pe_calculation_done_latch_$_DFFE_PN0P__Q:CK (DFFR_X1)                                                                  |        | 0.001       | 0.000      | 0.000      |             | 0.000  | 0.000r          |
| u_sa_enhanced.pe_row_gen[1].pe_col_gen[1].u_pe_inst.pe_calculation_done_latch_$_DFFE_PN0P__Q:QN (DFFR_X1)                                                                  |        | 0.003       | 0.000      | 0.013      |             | 0.069  | 0.069r          |
| u_sa_enhanced.pe_row_gen[1].pe_col_gen[1].u_pe_inst.pe_calculation_done_latch_$_DFFE_PN0P__Q_D_$_ANDNOT__Y_B_$_ANDNOT__Y_A (net)                                           | 2      |             |            |            | 0.000       |        |                 |
| _338218_:A4 (NOR4_X1)                                                                                                                                                      |        | 0.002       | 0.000      | 0.013      |             | 0.000  | 0.069r          |
| _338218_:ZN (NOR4_X1)                                                                                                                                                      |        | 0.001       | 0.000      | 0.006      |             | 0.013  | 0.082f          |
| _046043_ (net)                                                                                                                                                             | 1      |             |            |            | 0.000       |        |                 |
| _338221_:A1 (NOR3_X1)                                                                                                                                                      |        | 0.002       | 0.000      | 0.006      |             | 0.000  | 0.082f          |
| _338221_:ZN (NOR3_X1)                                                                                                                                                      |        | 0.001       | 0.000      | 0.022      |             | 0.027  | 0.109r          |
| u_sa_enhanced.pe_row_gen[1].pe_col_gen[1].u_pe_inst.pe_calculation_done_latch_$_DFFE_PN0P__Q_D_$_ANDNOT__Y_B_$_ANDNOT__Y_A_$_ANDNOT__B_Y_$_ANDNOT__B_Y_$_ANDNOT__A_Y (net) | 1      |             |            |            | 0.000       |        |                 |
| _403470_:E (CLKGATE_X1)                                                                                                                                                    |        | 0.001       | 0.000      | 0.022      |             | 0.000  | 0.109r          |
|                                                                                                                                                                            |        |             |            |            |             |        |                 |
| clk (port)                                                                                                                                                                 |        | 1.177       | 0.000      | 0.000      |             | 0.000  | 0.000r          |
| clk (clock net)                                                                                                                                                            | 964    |             |            |            | NA          |        |                 |
| _403470_:CK (CLKGATE_X1)                                                                                                                                                   |        | 0.002       | 0.000      | 0.000      |             | 0.000  | 0.000r          |
| clock clk (rise edge)                                                                                                                                                      |        |             |            |            |             | 0      | 0               |
| clock network delay (ideal)                                                                                                                                                |        |             |            |            |             | 0.000  | 0.000           |
| _403470_:CK (CLKGATE_X1)                                                                                                                                                   |        |             |            |            |             |        | 0.000r          |
| library hold time                                                                                                                                                          |        |             |            |            |             | 0.001  | 0.001           |
| clock reconvergence pessimism                                                                                                                                              |        |             |            |            |             | -0.000 | 0.001           |
|                                                                                                                                                                            |        |             |            |            |             |        |                 |
| path cell delay                                                                                                                                                            |        |             |            |            |             |        | 0.109(100.000%) |
| path net delay                                                                                                                                                             |        |             |            |            |             |        | 0.000(0.000%)   |
|                                                                                                                                                                            |        |             |            |            |             |        |                 |
| data require time                                                                                                                                                          |        |             |            |            |             |        | 0.001           |
| data arrival time                                                                                                                                                          |        |             |            |            |             |        | 0.109           |
| slack (MET)                                                                                                                                                                |        |             |            |            |             |        | 0.108           |
+----------------------------------------------------------------------------------------------------------------------------------------------------------------------------+--------+-------------+------------+------------+-------------+--------+-----------------+
+-----------------------------------------------------------------------------------------------------------------------------------------------------------------------------+--------+-------------+------------+------------+-------------+--------+-----------------+
| Point                                                                                                                                                                       | Fanout | Capacitance | Resistance | Transition | Delta Delay | Incr   | Path            |
+-----------------------------------------------------------------------------------------------------------------------------------------------------------------------------+--------+-------------+------------+------------+-------------+--------+-----------------+
| clk (port)                                                                                                                                                                  |        | 1.177       | 0.000      | 0.000      |             | 0.000  | 0.000r          |
| clk (clock net)                                                                                                                                                             | 964    |             |            |            | NA          |        |                 |
| _403590_:CK (CLKGATE_X1)                                                                                                                                                    |        | 0.002       | 0.000      | 0.000      |             | 0.000  | 0.000r          |
| _403590_:GCK (CLKGATE_X1)                                                                                                                                                   |        | 0.383       | 0.000      | 0.000      |             | 0.000  | 0.000r          |
| _180028_ (clock net)                                                                                                                                                        | 392    |             |            |            | NA          |        |                 |
| u_sa_enhanced.pe_row_gen[10].pe_col_gen[1].u_pe_inst.pe_calculation_done_latch_$_DFFE_PN0P__Q:CK (DFFR_X1)                                                                  |        | 0.001       | 0.000      | 0.000      |             | 0.000  | 0.000r          |
| clock clk (rise edge)                                                                                                                                                       |        |             |            |            |             | 0      | 0               |
| clock network delay (ideal)                                                                                                                                                 |        |             |            |            |             | 0.000  | 0.000           |
| u_sa_enhanced.pe_row_gen[10].pe_col_gen[1].u_pe_inst.pe_calculation_done_latch_$_DFFE_PN0P__Q:CK (DFFR_X1)                                                                  |        | 0.001       | 0.000      | 0.000      |             | 0.000  | 0.000r          |
| u_sa_enhanced.pe_row_gen[10].pe_col_gen[1].u_pe_inst.pe_calculation_done_latch_$_DFFE_PN0P__Q:QN (DFFR_X1)                                                                  |        | 0.003       | 0.000      | 0.013      |             | 0.069  | 0.069r          |
| u_sa_enhanced.pe_row_gen[10].pe_col_gen[1].u_pe_inst.pe_calculation_done_latch_$_DFFE_PN0P__Q_D_$_ANDNOT__Y_B_$_ANDNOT__Y_A (net)                                           | 2      |             |            |            | 0.000       |        |                 |
| _271144_:A4 (NOR4_X1)                                                                                                                                                       |        | 0.002       | 0.000      | 0.013      |             | 0.000  | 0.069r          |
| _271144_:ZN (NOR4_X1)                                                                                                                                                       |        | 0.001       | 0.000      | 0.006      |             | 0.013  | 0.082f          |
| _164122_ (net)                                                                                                                                                              | 1      |             |            |            | 0.000       |        |                 |
| _271147_:A1 (NOR3_X1)                                                                                                                                                       |        | 0.002       | 0.000      | 0.006      |             | 0.000  | 0.082f          |
| _271147_:ZN (NOR3_X1)                                                                                                                                                       |        | 0.001       | 0.000      | 0.022      |             | 0.027  | 0.109r          |
| u_sa_enhanced.pe_row_gen[10].pe_col_gen[1].u_pe_inst.pe_calculation_done_latch_$_DFFE_PN0P__Q_D_$_ANDNOT__Y_B_$_ANDNOT__Y_A_$_ANDNOT__B_Y_$_ANDNOT__B_Y_$_ANDNOT__A_Y (net) | 1      |             |            |            | 0.000       |        |                 |
| _403566_:E (CLKGATE_X1)                                                                                                                                                     |        | 0.001       | 0.000      | 0.022      |             | 0.000  | 0.109r          |
|                                                                                                                                                                             |        |             |            |            |             |        |                 |
| clk (port)                                                                                                                                                                  |        | 1.177       | 0.000      | 0.000      |             | 0.000  | 0.000r          |
| clk (clock net)                                                                                                                                                             | 964    |             |            |            | NA          |        |                 |
| _403566_:CK (CLKGATE_X1)                                                                                                                                                    |        | 0.002       | 0.000      | 0.000      |             | 0.000  | 0.000r          |
| clock clk (rise edge)                                                                                                                                                       |        |             |            |            |             | 0      | 0               |
| clock network delay (ideal)                                                                                                                                                 |        |             |            |            |             | 0.000  | 0.000           |
| _403566_:CK (CLKGATE_X1)                                                                                                                                                    |        |             |            |            |             |        | 0.000r          |
| library hold time                                                                                                                                                           |        |             |            |            |             | 0.001  | 0.001           |
| clock reconvergence pessimism                                                                                                                                               |        |             |            |            |             | -0.000 | 0.001           |
|                                                                                                                                                                             |        |             |            |            |             |        |                 |
| path cell delay                                                                                                                                                             |        |             |            |            |             |        | 0.109(100.000%) |
| path net delay                                                                                                                                                              |        |             |            |            |             |        | 0.000(0.000%)   |
|                                                                                                                                                                             |        |             |            |            |             |        |                 |
| data require time                                                                                                                                                           |        |             |            |            |             |        | 0.001           |
| data arrival time                                                                                                                                                           |        |             |            |            |             |        | 0.109           |
| slack (MET)                                                                                                                                                                 |        |             |            |            |             |        | 0.108           |
+-----------------------------------------------------------------------------------------------------------------------------------------------------------------------------+--------+-------------+------------+------------+-------------+--------+-----------------+
