Generate the report at 2025-06-20T22:47:25, GitVersion: aa25008b3778a76ae1975c839d4cc459f7f7b3b7.
+-----------------------------------------------------------------------------------------+--------------------------+------------+------------+---------------+-------+-------+-----------+
| Endpoint                                                                                | Clock Group              | Delay Type | Path Delay | Path Required | CPPR  | Slack | Freq(MHz) |
+-----------------------------------------------------------------------------------------+--------------------------+------------+------------+---------------+-------+-------+-----------+
| u_systolic_array.pe_row[8].pe_col[3].u_pe_inst.mul_result_reg_$_DFFE_PN0P__Q_1:D        | clk                      | max        | 1.071f     | 1.088         | 0.000 | 0.017 | 898.620   |
| u_systolic_array.pe_row[7].pe_col[7].u_pe_inst.mul_result_reg_$_DFFE_PN0P__Q_1:D        | clk                      | max        | 1.071f     | 1.088         | 0.000 | 0.017 | 898.620   |
| u_systolic_array.pe_row[7].pe_col[7].u_pe_inst.mul_result_reg_$_DFFE_PN0P__Q_1:D        | clk                      | max        | 1.071f     | 1.088         | 0.000 | 0.017 | 898.620   |
| u_systolic_array.pe_row[19].pe_col[5].u_pe_inst.mul_result_reg_$_DFFE_PN0P__Q_1:D       | clk                      | max        | 1.071f     | 1.088         | 0.000 | 0.017 | 898.620   |
| u_systolic_array.pe_row[1].pe_col[7].u_pe_inst.mul_result_reg_$_DFFE_PN0P__Q_1:D        | clk                      | max        | 1.071f     | 1.088         | 0.000 | 0.017 | 898.620   |
| _793290_:E                                                                              | **clock_gating_default** | max        | 0.695f     | 1.085         | 0.000 | 0.390 | NA        |
| _793330_:E                                                                              | **clock_gating_default** | max        | 0.695f     | 1.085         | 0.000 | 0.390 | NA        |
| _793289_:E                                                                              | **clock_gating_default** | max        | 0.695f     | 1.085         | 0.000 | 0.390 | NA        |
| _793249_:E                                                                              | **clock_gating_default** | max        | 0.695f     | 1.085         | 0.000 | 0.390 | NA        |
| _793288_:E                                                                              | **clock_gating_default** | max        | 0.695f     | 1.085         | 0.000 | 0.390 | NA        |
| u_systolic_array.pe_row[9].pe_col[8].u_pe_inst.a_valid_for_output_reg_$_DFFE_PN0P__Q:D  | clk                      | min        | 0.085f     | 0.003         | 0.000 | 0.082 | NA        |
| u_systolic_array.pe_row[9].pe_col[5].u_pe_inst.b_valid_for_output_reg_$_DFFE_PN0P__Q:D  | clk                      | min        | 0.085f     | 0.003         | 0.000 | 0.082 | NA        |
| u_systolic_array.pe_row[9].pe_col[20].u_pe_inst.b_valid_for_output_reg_$_DFFE_PN0P__Q:D | clk                      | min        | 0.085f     | 0.003         | 0.000 | 0.082 | NA        |
| u_systolic_array.pe_row[9].pe_col[19].u_pe_inst.b_valid_for_output_reg_$_DFFE_PN0P__Q:D | clk                      | min        | 0.085f     | 0.003         | 0.000 | 0.082 | NA        |
| u_systolic_array.pe_row[9].pe_col[18].u_pe_inst.b_valid_for_output_reg_$_DFFE_PN0P__Q:D | clk                      | min        | 0.085f     | 0.003         | 0.000 | 0.082 | NA        |
| _793325_:E                                                                              | **clock_gating_default** | min        | 0.110r     | 0.001         | 0.000 | 0.109 | NA        |
| _792558_:E                                                                              | **clock_gating_default** | min        | 0.110r     | 0.001         | 0.000 | 0.109 | NA        |
| _792550_:E                                                                              | **clock_gating_default** | min        | 0.110r     | 0.001         | 0.000 | 0.109 | NA        |
| _792844_:E                                                                              | **clock_gating_default** | min        | 0.110r     | 0.001         | 0.000 | 0.109 | NA        |
| _792843_:E                                                                              | **clock_gating_default** | min        | 0.110r     | 0.001         | 0.000 | 0.109 | NA        |
+-----------------------------------------------------------------------------------------+--------------------------+------------+------------+---------------+-------+-------+-----------+
+-------+------------+-------+
| Clock | Delay Type | TNS   |
+-------+------------+-------+
| clk   | max        | 0.000 |
| clk   | min        | 0.000 |
+-------+------------+-------+
+---------------------------------------------------------------------------------------------+--------+-------------+------------+------------+-------------+--------+-----------------+
| Point                                                                                       | Fanout | Capacitance | Resistance | Transition | Delta Delay | Incr   | Path            |
+---------------------------------------------------------------------------------------------+--------+-------------+------------+------------+-------------+--------+-----------------+
| clk (port)                                                                                  |        | 5.875       | 0.000      | 0.000      |             | 0.000  | 0.000r          |
| clk (clock net)                                                                             | 3702   |             |            |            | NA          |        |                 |
| _793726_:CK (CLKGATE_X1)                                                                    |        | 0.002       | 0.000      | 0.000      |             | 0.000  | 0.000r          |
| _793726_:GCK (CLKGATE_X1)                                                                   |        | 17.454      | 0.000      | 0.000      |             | 0.000  | 0.000r          |
| _355795_ (clock net)                                                                        | 17873  |             |            |            | NA          |        |                 |
| u_systolic_array.pe_row[8].pe_col[3].u_pe_inst.b_reg_$_DFFE_PN0P__Q:CK (DFFR_X1)            |        | 0.001       | 0.000      | 0.000      |             | 0.000  | 0.000r          |
| clock clk (rise edge)                                                                       |        |             |            |            |             | 0      | 0               |
| clock network delay (ideal)                                                                 |        |             |            |            |             | 0.000  | 0.000           |
| u_systolic_array.pe_row[8].pe_col[3].u_pe_inst.b_reg_$_DFFE_PN0P__Q:CK (DFFR_X1)            |        | 0.001       | 0.000      | 0.000      |             | 0.000  | 0.000r          |
| u_systolic_array.pe_row[8].pe_col[3].u_pe_inst.b_reg_$_DFFE_PN0P__Q:Q (DFFR_X1)             |        | 0.071       | 0.000      | 0.165      |             | 0.263  | 0.263r          |
| u_systolic_array.b_data_wires[764][7] (net)                                                 | 14     |             |            |            | 0.000       |        |                 |
| _776328_:A (INV_X32)                                                                        |        | 0.049       | 0.000      | 0.165      |             | 0.000  | 0.263r          |
| _776328_:ZN (INV_X32)                                                                       |        | 0.010       | 0.000      | 0.025      |             | -0.006 | 0.257f          |
| _326884_ (net)                                                                              | 4      |             |            |            | 0.000       |        |                 |
| _776403_:A1 (OR2_X4)                                                                        |        | 0.003       | 0.000      | 0.025      |             | 0.000  | 0.257f          |
| _776403_:ZN (OR2_X4)                                                                        |        | 0.005       | 0.000      | 0.009      |             | 0.048  | 0.305f          |
| _326959_ (net)                                                                              | 2      |             |            |            | 0.000       |        |                 |
| _776405_:A (XNOR2_X2)                                                                       |        | 0.004       | 0.000      | 0.009      |             | 0.000  | 0.305f          |
| _776405_:ZN (XNOR2_X2)                                                                      |        | 0.006       | 0.000      | 0.025      |             | 0.034  | 0.339r          |
| _326961_ (net)                                                                              | 2      |             |            |            | 0.000       |        |                 |
| _776406_:A1 (NAND3_X1)                                                                      |        | 0.002       | 0.000      | 0.025      |             | 0.000  | 0.339r          |
| _776406_:ZN (NAND3_X1)                                                                      |        | 0.002       | 0.000      | 0.019      |             | 0.023  | 0.362f          |
| _326962_ (net)                                                                              | 1      |             |            |            | 0.000       |        |                 |
| _776408_:A (OAI21_X1)                                                                       |        | 0.002       | 0.000      | 0.019      |             | 0.000  | 0.362f          |
| _776408_:ZN (OAI21_X1)                                                                      |        | 0.006       | 0.000      | 0.038      |             | 0.035  | 0.396r          |
| _326964_ (net)                                                                              | 2      |             |            |            | 0.000       |        |                 |
| _776410_:A (XOR2_X2)                                                                        |        | 0.004       | 0.000      | 0.038      |             | 0.000  | 0.396r          |
| _776410_:Z (XOR2_X2)                                                                        |        | 0.006       | 0.000      | 0.028      |             | 0.060  | 0.457r          |
| _326966_ (net)                                                                              | 2      |             |            |            | 0.000       |        |                 |
| _776434_:A (XOR2_X2)                                                                        |        | 0.004       | 0.000      | 0.028      |             | 0.000  | 0.457r          |
| _776434_:Z (XOR2_X2)                                                                        |        | 0.006       | 0.000      | 0.028      |             | 0.058  | 0.515r          |
| _326990_ (net)                                                                              | 2      |             |            |            | 0.000       |        |                 |
| _776450_:A (XOR2_X2)                                                                        |        | 0.004       | 0.000      | 0.028      |             | 0.000  | 0.515r          |
| _776450_:Z (XOR2_X2)                                                                        |        | 0.006       | 0.000      | 0.028      |             | 0.058  | 0.573r          |
| _327006_ (net)                                                                              | 2      |             |            |            | 0.000       |        |                 |
| _776575_:A (XOR2_X2)                                                                        |        | 0.004       | 0.000      | 0.028      |             | 0.000  | 0.573r          |
| _776575_:Z (XOR2_X2)                                                                        |        | 0.006       | 0.000      | 0.028      |             | 0.058  | 0.632r          |
| _327131_ (net)                                                                              | 2      |             |            |            | 0.000       |        |                 |
| _776579_:A (XOR2_X2)                                                                        |        | 0.004       | 0.000      | 0.028      |             | 0.000  | 0.632r          |
| _776579_:Z (XOR2_X2)                                                                        |        | 0.004       | 0.000      | 0.023      |             | 0.053  | 0.685r          |
| _327135_ (net)                                                                              | 2      |             |            |            | 0.000       |        |                 |
| _776583_:A (XOR2_X1)                                                                        |        | 0.002       | 0.000      | 0.023      |             | 0.000  | 0.685r          |
| _776583_:Z (XOR2_X1)                                                                        |        | 0.006       | 0.000      | 0.042      |             | 0.072  | 0.757r          |
| _327139_ (net)                                                                              | 3      |             |            |            | 0.000       |        |                 |
| _776587_:A1 (AND2_X2)                                                                       |        | 0.002       | 0.000      | 0.042      |             | 0.000  | 0.757r          |
| _776587_:ZN (AND2_X2)                                                                       |        | 0.013       | 0.000      | 0.019      |             | 0.052  | 0.809r          |
| _327143_ (net)                                                                              | 2      |             |            |            | 0.000       |        |                 |
| _776589_:A2 (NOR3_X4)                                                                       |        | 0.006       | 0.000      | 0.019      |             | 0.000  | 0.809r          |
| _776589_:ZN (NOR3_X4)                                                                       |        | 0.006       | 0.000      | 0.013      |             | 0.013  | 0.822f          |
| _327145_ (net)                                                                              | 1      |             |            |            | 0.000       |        |                 |
| _776590_:A1 (NOR2_X4)                                                                       |        | 0.007       | 0.000      | 0.013      |             | 0.000  | 0.822f          |
| _776590_:ZN (NOR2_X4)                                                                       |        | 0.005       | 0.000      | 0.015      |             | 0.024  | 0.846r          |
| _327146_ (net)                                                                              | 2      |             |            |            | 0.000       |        |                 |
| _776591_:A (INV_X2)                                                                         |        | 0.003       | 0.000      | 0.015      |             | 0.000  | 0.846r          |
| _776591_:ZN (INV_X2)                                                                        |        | 0.003       | 0.000      | 0.006      |             | 0.009  | 0.855f          |
| _327147_ (net)                                                                              | 1      |             |            |            | 0.000       |        |                 |
| _776597_:A1 (AND2_X4)                                                                       |        | 0.003       | 0.000      | 0.006      |             | 0.000  | 0.855f          |
| _776597_:ZN (AND2_X4)                                                                       |        | 0.007       | 0.000      | 0.006      |             | 0.025  | 0.881f          |
| _327153_ (net)                                                                              | 2      |             |            |            | 0.000       |        |                 |
| _776599_:B1 (OAI21_X4)                                                                      |        | 0.006       | 0.000      | 0.006      |             | 0.000  | 0.881f          |
| _776599_:ZN (OAI21_X4)                                                                      |        | 0.003       | 0.000      | 0.015      |             | 0.022  | 0.903r          |
| _327155_ (net)                                                                              | 1      |             |            |            | 0.000       |        |                 |
| _776600_:A (INV_X2)                                                                         |        | 0.003       | 0.000      | 0.015      |             | 0.000  | 0.903r          |
| _776600_:ZN (INV_X2)                                                                        |        | 0.004       | 0.000      | 0.006      |             | 0.010  | 0.913f          |
| _327156_ (net)                                                                              | 2      |             |            |            | 0.000       |        |                 |
| _776602_:B1 (OAI21_X2)                                                                      |        | 0.003       | 0.000      | 0.006      |             | 0.000  | 0.913f          |
| _776602_:ZN (OAI21_X2)                                                                      |        | 0.003       | 0.000      | 0.020      |             | 0.027  | 0.940r          |
| _327158_ (net)                                                                              | 1      |             |            |            | 0.000       |        |                 |
| _776604_:A1 (NAND2_X2)                                                                      |        | 0.003       | 0.000      | 0.020      |             | 0.000  | 0.940r          |
| _776604_:ZN (NAND2_X2)                                                                      |        | 0.005       | 0.000      | 0.011      |             | 0.019  | 0.959f          |
| _327160_ (net)                                                                              | 2      |             |            |            | 0.000       |        |                 |
| _776616_:A1 (NAND2_X2)                                                                      |        | 0.003       | 0.000      | 0.011      |             | 0.000  | 0.959f          |
| _776616_:ZN (NAND2_X2)                                                                      |        | 0.003       | 0.000      | 0.011      |             | 0.016  | 0.976r          |
| _327172_ (net)                                                                              | 1      |             |            |            | 0.000       |        |                 |
| _776618_:A1 (NAND2_X2)                                                                      |        | 0.003       | 0.000      | 0.011      |             | 0.000  | 0.976r          |
| _776618_:ZN (NAND2_X2)                                                                      |        | 0.005       | 0.000      | 0.009      |             | 0.016  | 0.992f          |
| _327174_ (net)                                                                              | 2      |             |            |            | 0.000       |        |                 |
| _776624_:A1 (NAND2_X2)                                                                      |        | 0.003       | 0.000      | 0.009      |             | 0.000  | 0.992f          |
| _776624_:ZN (NAND2_X2)                                                                      |        | 0.003       | 0.000      | 0.011      |             | 0.016  | 1.007r          |
| _327180_ (net)                                                                              | 1      |             |            |            | 0.000       |        |                 |
| _776626_:A1 (NAND2_X2)                                                                      |        | 0.003       | 0.000      | 0.011      |             | 0.000  | 1.007r          |
| _776626_:ZN (NAND2_X2)                                                                      |        | 0.004       | 0.000      | 0.008      |             | 0.014  | 1.021f          |
| _327182_ (net)                                                                              | 2      |             |            |            | 0.000       |        |                 |
| _776632_:A (XOR2_X1)                                                                        |        | 0.002       | 0.000      | 0.008      |             | 0.000  | 1.021f          |
| _776632_:Z (XOR2_X1)                                                                        |        | 0.001       | 0.000      | 0.012      |             | 0.050  | 1.071f          |
| u_systolic_array.pe_row[8].pe_col[3].u_pe_inst.mul_output_data[14] (net)                    | 1      |             |            |            | 0.000       |        |                 |
| u_systolic_array.pe_row[8].pe_col[3].u_pe_inst.mul_result_reg_$_DFFE_PN0P__Q_1:D (DFFR_X1)  |        | 0.001       | 0.000      | 0.012      |             | 0.000  | 1.071f          |
|                                                                                             |        |             |            |            |             |        |                 |
| clk (port)                                                                                  |        | 5.875       | 0.000      | 0.000      |             | 0.000  | 0.000r          |
| clk (clock net)                                                                             | 3702   |             |            |            | NA          |        |                 |
| _793726_:CK (CLKGATE_X1)                                                                    |        | 0.002       | 0.000      | 0.000      |             | 0.000  | 0.000r          |
| _793726_:GCK (CLKGATE_X1)                                                                   |        | 17.454      | 0.000      | 0.000      |             | 0.000  | 0.000r          |
| _355795_ (clock net)                                                                        | 17873  |             |            |            | NA          |        |                 |
| u_systolic_array.pe_row[8].pe_col[3].u_pe_inst.mul_result_reg_$_DFFE_PN0P__Q_1:CK (DFFR_X1) |        | 0.001       | 0.000      | 0.000      |             | 0.000  | 0.000r          |
| clock clk (rise edge)                                                                       |        |             |            |            |             | 1.13   | 1.13            |
| clock network delay (ideal)                                                                 |        |             |            |            |             | 0.000  | 1.130           |
| u_systolic_array.pe_row[8].pe_col[3].u_pe_inst.mul_result_reg_$_DFFE_PN0P__Q_1:CK (DFFR_X1) |        |             |            |            |             |        | 1.130r          |
| library setup time                                                                          |        |             |            |            |             | -0.042 | 1.088           |
| clock reconvergence pessimism                                                               |        |             |            |            |             | 0.000  | 1.088           |
|                                                                                             |        |             |            |            |             |        |                 |
| path cell delay                                                                             |        |             |            |            |             |        | 1.071(100.000%) |
| path net delay                                                                              |        |             |            |            |             |        | 0.000(0.000%)   |
|                                                                                             |        |             |            |            |             |        |                 |
| data require time                                                                           |        |             |            |            |             |        | 1.088           |
| data arrival time                                                                           |        |             |            |            |             |        | 1.071           |
| slack (MET)                                                                                 |        |             |            |            |             |        | 0.017           |
+---------------------------------------------------------------------------------------------+--------+-------------+------------+------------+-------------+--------+-----------------+
+---------------------------------------------------------------------------------------------+--------+-------------+------------+------------+-------------+--------+-----------------+
| Point                                                                                       | Fanout | Capacitance | Resistance | Transition | Delta Delay | Incr   | Path            |
+---------------------------------------------------------------------------------------------+--------+-------------+------------+------------+-------------+--------+-----------------+
| clk (port)                                                                                  |        | 5.875       | 0.000      | 0.000      |             | 0.000  | 0.000r          |
| clk (clock net)                                                                             | 3702   |             |            |            | NA          |        |                 |
| _793726_:CK (CLKGATE_X1)                                                                    |        | 0.002       | 0.000      | 0.000      |             | 0.000  | 0.000r          |
| _793726_:GCK (CLKGATE_X1)                                                                   |        | 17.454      | 0.000      | 0.000      |             | 0.000  | 0.000r          |
| _355795_ (clock net)                                                                        | 17873  |             |            |            | NA          |        |                 |
| u_systolic_array.pe_row[7].pe_col[7].u_pe_inst.b_reg_$_DFFE_PN0P__Q:CK (DFFR_X1)            |        | 0.001       | 0.000      | 0.000      |             | 0.000  | 0.000r          |
| clock clk (rise edge)                                                                       |        |             |            |            |             | 0      | 0               |
| clock network delay (ideal)                                                                 |        |             |            |            |             | 0.000  | 0.000           |
| u_systolic_array.pe_row[7].pe_col[7].u_pe_inst.b_reg_$_DFFE_PN0P__Q:CK (DFFR_X1)            |        | 0.001       | 0.000      | 0.000      |             | 0.000  | 0.000r          |
| u_systolic_array.pe_row[7].pe_col[7].u_pe_inst.b_reg_$_DFFE_PN0P__Q:Q (DFFR_X1)             |        | 0.071       | 0.000      | 0.165      |             | 0.263  | 0.263r          |
| u_systolic_array.b_data_wires[792][7] (net)                                                 | 14     |             |            |            | 0.000       |        |                 |
| _767611_:A (INV_X32)                                                                        |        | 0.049       | 0.000      | 0.165      |             | 0.000  | 0.263r          |
| _767611_:ZN (INV_X32)                                                                       |        | 0.010       | 0.000      | 0.025      |             | -0.006 | 0.257f          |
| _319043_ (net)                                                                              | 4      |             |            |            | 0.000       |        |                 |
| _767687_:A1 (OR2_X4)                                                                        |        | 0.003       | 0.000      | 0.025      |             | 0.000  | 0.257f          |
| _767687_:ZN (OR2_X4)                                                                        |        | 0.005       | 0.000      | 0.009      |             | 0.048  | 0.305f          |
| _319119_ (net)                                                                              | 2      |             |            |            | 0.000       |        |                 |
| _767689_:A (XNOR2_X2)                                                                       |        | 0.004       | 0.000      | 0.009      |             | 0.000  | 0.305f          |
| _767689_:ZN (XNOR2_X2)                                                                      |        | 0.006       | 0.000      | 0.025      |             | 0.034  | 0.339r          |
| _319121_ (net)                                                                              | 2      |             |            |            | 0.000       |        |                 |
| _767690_:A1 (NAND3_X1)                                                                      |        | 0.002       | 0.000      | 0.025      |             | 0.000  | 0.339r          |
| _767690_:ZN (NAND3_X1)                                                                      |        | 0.002       | 0.000      | 0.019      |             | 0.023  | 0.362f          |
| _319122_ (net)                                                                              | 1      |             |            |            | 0.000       |        |                 |
| _767692_:A (OAI21_X1)                                                                       |        | 0.002       | 0.000      | 0.019      |             | 0.000  | 0.362f          |
| _767692_:ZN (OAI21_X1)                                                                      |        | 0.006       | 0.000      | 0.038      |             | 0.035  | 0.396r          |
| _319124_ (net)                                                                              | 2      |             |            |            | 0.000       |        |                 |
| _767694_:A (XOR2_X2)                                                                        |        | 0.004       | 0.000      | 0.038      |             | 0.000  | 0.396r          |
| _767694_:Z (XOR2_X2)                                                                        |        | 0.006       | 0.000      | 0.028      |             | 0.060  | 0.457r          |
| _319126_ (net)                                                                              | 2      |             |            |            | 0.000       |        |                 |
| _767719_:A (XOR2_X2)                                                                        |        | 0.004       | 0.000      | 0.028      |             | 0.000  | 0.457r          |
| _767719_:Z (XOR2_X2)                                                                        |        | 0.006       | 0.000      | 0.028      |             | 0.058  | 0.515r          |
| _319151_ (net)                                                                              | 2      |             |            |            | 0.000       |        |                 |
| _767736_:A (XOR2_X2)                                                                        |        | 0.004       | 0.000      | 0.028      |             | 0.000  | 0.515r          |
| _767736_:Z (XOR2_X2)                                                                        |        | 0.006       | 0.000      | 0.028      |             | 0.058  | 0.573r          |
| _319168_ (net)                                                                              | 2      |             |            |            | 0.000       |        |                 |
| _767861_:A (XOR2_X2)                                                                        |        | 0.004       | 0.000      | 0.028      |             | 0.000  | 0.573r          |
| _767861_:Z (XOR2_X2)                                                                        |        | 0.006       | 0.000      | 0.028      |             | 0.058  | 0.632r          |
| _319293_ (net)                                                                              | 2      |             |            |            | 0.000       |        |                 |
| _767865_:A (XOR2_X2)                                                                        |        | 0.004       | 0.000      | 0.028      |             | 0.000  | 0.632r          |
| _767865_:Z (XOR2_X2)                                                                        |        | 0.004       | 0.000      | 0.023      |             | 0.053  | 0.685r          |
| _319297_ (net)                                                                              | 2      |             |            |            | 0.000       |        |                 |
| _767869_:A (XOR2_X1)                                                                        |        | 0.002       | 0.000      | 0.023      |             | 0.000  | 0.685r          |
| _767869_:Z (XOR2_X1)                                                                        |        | 0.006       | 0.000      | 0.042      |             | 0.072  | 0.757r          |
| _319301_ (net)                                                                              | 3      |             |            |            | 0.000       |        |                 |
| _767873_:A1 (AND2_X2)                                                                       |        | 0.002       | 0.000      | 0.042      |             | 0.000  | 0.757r          |
| _767873_:ZN (AND2_X2)                                                                       |        | 0.013       | 0.000      | 0.019      |             | 0.052  | 0.809r          |
| _319305_ (net)                                                                              | 2      |             |            |            | 0.000       |        |                 |
| _767875_:A2 (NOR3_X4)                                                                       |        | 0.006       | 0.000      | 0.019      |             | 0.000  | 0.809r          |
| _767875_:ZN (NOR3_X4)                                                                       |        | 0.006       | 0.000      | 0.013      |             | 0.013  | 0.822f          |
| _319307_ (net)                                                                              | 1      |             |            |            | 0.000       |        |                 |
| _767876_:A1 (NOR2_X4)                                                                       |        | 0.007       | 0.000      | 0.013      |             | 0.000  | 0.822f          |
| _767876_:ZN (NOR2_X4)                                                                       |        | 0.005       | 0.000      | 0.015      |             | 0.024  | 0.846r          |
| _319308_ (net)                                                                              | 2      |             |            |            | 0.000       |        |                 |
| _767877_:A (INV_X2)                                                                         |        | 0.003       | 0.000      | 0.015      |             | 0.000  | 0.846r          |
| _767877_:ZN (INV_X2)                                                                        |        | 0.003       | 0.000      | 0.006      |             | 0.009  | 0.855f          |
| _319309_ (net)                                                                              | 1      |             |            |            | 0.000       |        |                 |
| _767883_:A1 (AND2_X4)                                                                       |        | 0.003       | 0.000      | 0.006      |             | 0.000  | 0.855f          |
| _767883_:ZN (AND2_X4)                                                                       |        | 0.007       | 0.000      | 0.006      |             | 0.025  | 0.881f          |
| _319315_ (net)                                                                              | 2      |             |            |            | 0.000       |        |                 |
| _767885_:B1 (OAI21_X4)                                                                      |        | 0.006       | 0.000      | 0.006      |             | 0.000  | 0.881f          |
| _767885_:ZN (OAI21_X4)                                                                      |        | 0.003       | 0.000      | 0.015      |             | 0.022  | 0.903r          |
| _319317_ (net)                                                                              | 1      |             |            |            | 0.000       |        |                 |
| _767886_:A (INV_X2)                                                                         |        | 0.003       | 0.000      | 0.015      |             | 0.000  | 0.903r          |
| _767886_:ZN (INV_X2)                                                                        |        | 0.004       | 0.000      | 0.006      |             | 0.010  | 0.913f          |
| _319318_ (net)                                                                              | 2      |             |            |            | 0.000       |        |                 |
| _767888_:B1 (OAI21_X2)                                                                      |        | 0.003       | 0.000      | 0.006      |             | 0.000  | 0.913f          |
| _767888_:ZN (OAI21_X2)                                                                      |        | 0.003       | 0.000      | 0.020      |             | 0.027  | 0.940r          |
| _319320_ (net)                                                                              | 1      |             |            |            | 0.000       |        |                 |
| _767890_:A1 (NAND2_X2)                                                                      |        | 0.003       | 0.000      | 0.020      |             | 0.000  | 0.940r          |
| _767890_:ZN (NAND2_X2)                                                                      |        | 0.005       | 0.000      | 0.011      |             | 0.019  | 0.959f          |
| _319322_ (net)                                                                              | 2      |             |            |            | 0.000       |        |                 |
| _767902_:A1 (NAND2_X2)                                                                      |        | 0.003       | 0.000      | 0.011      |             | 0.000  | 0.959f          |
| _767902_:ZN (NAND2_X2)                                                                      |        | 0.003       | 0.000      | 0.011      |             | 0.016  | 0.976r          |
| _319334_ (net)                                                                              | 1      |             |            |            | 0.000       |        |                 |
| _767904_:A1 (NAND2_X2)                                                                      |        | 0.003       | 0.000      | 0.011      |             | 0.000  | 0.976r          |
| _767904_:ZN (NAND2_X2)                                                                      |        | 0.005       | 0.000      | 0.009      |             | 0.016  | 0.992f          |
| _319336_ (net)                                                                              | 2      |             |            |            | 0.000       |        |                 |
| _767910_:A1 (NAND2_X2)                                                                      |        | 0.003       | 0.000      | 0.009      |             | 0.000  | 0.992f          |
| _767910_:ZN (NAND2_X2)                                                                      |        | 0.003       | 0.000      | 0.011      |             | 0.016  | 1.007r          |
| _319342_ (net)                                                                              | 1      |             |            |            | 0.000       |        |                 |
| _767912_:A1 (NAND2_X2)                                                                      |        | 0.003       | 0.000      | 0.011      |             | 0.000  | 1.007r          |
| _767912_:ZN (NAND2_X2)                                                                      |        | 0.004       | 0.000      | 0.008      |             | 0.014  | 1.021f          |
| _319344_ (net)                                                                              | 2      |             |            |            | 0.000       |        |                 |
| _767918_:A (XOR2_X1)                                                                        |        | 0.002       | 0.000      | 0.008      |             | 0.000  | 1.021f          |
| _767918_:Z (XOR2_X1)                                                                        |        | 0.001       | 0.000      | 0.012      |             | 0.050  | 1.071f          |
| u_systolic_array.pe_row[7].pe_col[7].u_pe_inst.mul_output_data[14] (net)                    | 1      |             |            |            | 0.000       |        |                 |
| u_systolic_array.pe_row[7].pe_col[7].u_pe_inst.mul_result_reg_$_DFFE_PN0P__Q_1:D (DFFR_X1)  |        | 0.001       | 0.000      | 0.012      |             | 0.000  | 1.071f          |
|                                                                                             |        |             |            |            |             |        |                 |
| clk (port)                                                                                  |        | 5.875       | 0.000      | 0.000      |             | 0.000  | 0.000r          |
| clk (clock net)                                                                             | 3702   |             |            |            | NA          |        |                 |
| _793726_:CK (CLKGATE_X1)                                                                    |        | 0.002       | 0.000      | 0.000      |             | 0.000  | 0.000r          |
| _793726_:GCK (CLKGATE_X1)                                                                   |        | 17.454      | 0.000      | 0.000      |             | 0.000  | 0.000r          |
| _355795_ (clock net)                                                                        | 17873  |             |            |            | NA          |        |                 |
| u_systolic_array.pe_row[7].pe_col[7].u_pe_inst.mul_result_reg_$_DFFE_PN0P__Q_1:CK (DFFR_X1) |        | 0.001       | 0.000      | 0.000      |             | 0.000  | 0.000r          |
| clock clk (rise edge)                                                                       |        |             |            |            |             | 1.13   | 1.13            |
| clock network delay (ideal)                                                                 |        |             |            |            |             | 0.000  | 1.130           |
| u_systolic_array.pe_row[7].pe_col[7].u_pe_inst.mul_result_reg_$_DFFE_PN0P__Q_1:CK (DFFR_X1) |        |             |            |            |             |        | 1.130r          |
| library setup time                                                                          |        |             |            |            |             | -0.042 | 1.088           |
| clock reconvergence pessimism                                                               |        |             |            |            |             | 0.000  | 1.088           |
|                                                                                             |        |             |            |            |             |        |                 |
| path cell delay                                                                             |        |             |            |            |             |        | 1.071(100.000%) |
| path net delay                                                                              |        |             |            |            |             |        | 0.000(0.000%)   |
|                                                                                             |        |             |            |            |             |        |                 |
| data require time                                                                           |        |             |            |            |             |        | 1.088           |
| data arrival time                                                                           |        |             |            |            |             |        | 1.071           |
| slack (MET)                                                                                 |        |             |            |            |             |        | 0.017           |
+---------------------------------------------------------------------------------------------+--------+-------------+------------+------------+-------------+--------+-----------------+
+---------------------------------------------------------------------------------------------+--------+-------------+------------+------------+-------------+--------+-----------------+
| Point                                                                                       | Fanout | Capacitance | Resistance | Transition | Delta Delay | Incr   | Path            |
+---------------------------------------------------------------------------------------------+--------+-------------+------------+------------+-------------+--------+-----------------+
| clk (port)                                                                                  |        | 5.875       | 0.000      | 0.000      |             | 0.000  | 0.000r          |
| clk (clock net)                                                                             | 3702   |             |            |            | NA          |        |                 |
| _793726_:CK (CLKGATE_X1)                                                                    |        | 0.002       | 0.000      | 0.000      |             | 0.000  | 0.000r          |
| _793726_:GCK (CLKGATE_X1)                                                                   |        | 17.454      | 0.000      | 0.000      |             | 0.000  | 0.000r          |
| _355795_ (clock net)                                                                        | 17873  |             |            |            | NA          |        |                 |
| u_systolic_array.pe_row[7].pe_col[7].u_pe_inst.b_reg_$_DFFE_PN0P__Q:CK (DFFR_X1)            |        | 0.001       | 0.000      | 0.000      |             | 0.000  | 0.000r          |
| clock clk (rise edge)                                                                       |        |             |            |            |             | 0      | 0               |
| clock network delay (ideal)                                                                 |        |             |            |            |             | 0.000  | 0.000           |
| u_systolic_array.pe_row[7].pe_col[7].u_pe_inst.b_reg_$_DFFE_PN0P__Q:CK (DFFR_X1)            |        | 0.001       | 0.000      | 0.000      |             | 0.000  | 0.000r          |
| u_systolic_array.pe_row[7].pe_col[7].u_pe_inst.b_reg_$_DFFE_PN0P__Q:Q (DFFR_X1)             |        | 0.071       | 0.000      | 0.165      |             | 0.263  | 0.263r          |
| u_systolic_array.b_data_wires[792][7] (net)                                                 | 14     |             |            |            | 0.000       |        |                 |
| _767611_:A (INV_X32)                                                                        |        | 0.049       | 0.000      | 0.165      |             | 0.000  | 0.263r          |
| _767611_:ZN (INV_X32)                                                                       |        | 0.010       | 0.000      | 0.025      |             | -0.006 | 0.257f          |
| _319043_ (net)                                                                              | 4      |             |            |            | 0.000       |        |                 |
| _767687_:A1 (OR2_X4)                                                                        |        | 0.003       | 0.000      | 0.025      |             | 0.000  | 0.257f          |
| _767687_:ZN (OR2_X4)                                                                        |        | 0.005       | 0.000      | 0.009      |             | 0.048  | 0.305f          |
| _319119_ (net)                                                                              | 2      |             |            |            | 0.000       |        |                 |
| _767689_:A (XNOR2_X2)                                                                       |        | 0.004       | 0.000      | 0.009      |             | 0.000  | 0.305f          |
| _767689_:ZN (XNOR2_X2)                                                                      |        | 0.006       | 0.000      | 0.025      |             | 0.034  | 0.339r          |
| _319121_ (net)                                                                              | 2      |             |            |            | 0.000       |        |                 |
| _767690_:A1 (NAND3_X1)                                                                      |        | 0.002       | 0.000      | 0.025      |             | 0.000  | 0.339r          |
| _767690_:ZN (NAND3_X1)                                                                      |        | 0.002       | 0.000      | 0.019      |             | 0.023  | 0.362f          |
| _319122_ (net)                                                                              | 1      |             |            |            | 0.000       |        |                 |
| _767692_:A (OAI21_X1)                                                                       |        | 0.002       | 0.000      | 0.019      |             | 0.000  | 0.362f          |
| _767692_:ZN (OAI21_X1)                                                                      |        | 0.006       | 0.000      | 0.038      |             | 0.035  | 0.396r          |
| _319124_ (net)                                                                              | 2      |             |            |            | 0.000       |        |                 |
| _767694_:A (XOR2_X2)                                                                        |        | 0.004       | 0.000      | 0.038      |             | 0.000  | 0.396r          |
| _767694_:Z (XOR2_X2)                                                                        |        | 0.006       | 0.000      | 0.028      |             | 0.060  | 0.457r          |
| _319126_ (net)                                                                              | 2      |             |            |            | 0.000       |        |                 |
| _767719_:A (XOR2_X2)                                                                        |        | 0.004       | 0.000      | 0.028      |             | 0.000  | 0.457r          |
| _767719_:Z (XOR2_X2)                                                                        |        | 0.006       | 0.000      | 0.028      |             | 0.058  | 0.515r          |
| _319151_ (net)                                                                              | 2      |             |            |            | 0.000       |        |                 |
| _767736_:A (XOR2_X2)                                                                        |        | 0.004       | 0.000      | 0.028      |             | 0.000  | 0.515r          |
| _767736_:Z (XOR2_X2)                                                                        |        | 0.006       | 0.000      | 0.028      |             | 0.058  | 0.573r          |
| _319168_ (net)                                                                              | 2      |             |            |            | 0.000       |        |                 |
| _767861_:A (XOR2_X2)                                                                        |        | 0.004       | 0.000      | 0.028      |             | 0.000  | 0.573r          |
| _767861_:Z (XOR2_X2)                                                                        |        | 0.006       | 0.000      | 0.028      |             | 0.058  | 0.632r          |
| _319293_ (net)                                                                              | 2      |             |            |            | 0.000       |        |                 |
| _767865_:A (XOR2_X2)                                                                        |        | 0.004       | 0.000      | 0.028      |             | 0.000  | 0.632r          |
| _767865_:Z (XOR2_X2)                                                                        |        | 0.004       | 0.000      | 0.023      |             | 0.053  | 0.685r          |
| _319297_ (net)                                                                              | 2      |             |            |            | 0.000       |        |                 |
| _767869_:A (XOR2_X1)                                                                        |        | 0.002       | 0.000      | 0.023      |             | 0.000  | 0.685r          |
| _767869_:Z (XOR2_X1)                                                                        |        | 0.006       | 0.000      | 0.042      |             | 0.072  | 0.757r          |
| _319301_ (net)                                                                              | 3      |             |            |            | 0.000       |        |                 |
| _767873_:A1 (AND2_X2)                                                                       |        | 0.002       | 0.000      | 0.042      |             | 0.000  | 0.757r          |
| _767873_:ZN (AND2_X2)                                                                       |        | 0.013       | 0.000      | 0.019      |             | 0.052  | 0.809r          |
| _319305_ (net)                                                                              | 2      |             |            |            | 0.000       |        |                 |
| _767875_:A2 (NOR3_X4)                                                                       |        | 0.006       | 0.000      | 0.019      |             | 0.000  | 0.809r          |
| _767875_:ZN (NOR3_X4)                                                                       |        | 0.006       | 0.000      | 0.013      |             | 0.013  | 0.822f          |
| _319307_ (net)                                                                              | 1      |             |            |            | 0.000       |        |                 |
| _767876_:A1 (NOR2_X4)                                                                       |        | 0.007       | 0.000      | 0.013      |             | 0.000  | 0.822f          |
| _767876_:ZN (NOR2_X4)                                                                       |        | 0.005       | 0.000      | 0.015      |             | 0.024  | 0.846r          |
| _319308_ (net)                                                                              | 2      |             |            |            | 0.000       |        |                 |
| _767877_:A (INV_X2)                                                                         |        | 0.003       | 0.000      | 0.015      |             | 0.000  | 0.846r          |
| _767877_:ZN (INV_X2)                                                                        |        | 0.003       | 0.000      | 0.006      |             | 0.009  | 0.855f          |
| _319309_ (net)                                                                              | 1      |             |            |            | 0.000       |        |                 |
| _767883_:A1 (AND2_X4)                                                                       |        | 0.003       | 0.000      | 0.006      |             | 0.000  | 0.855f          |
| _767883_:ZN (AND2_X4)                                                                       |        | 0.007       | 0.000      | 0.006      |             | 0.025  | 0.881f          |
| _319315_ (net)                                                                              | 2      |             |            |            | 0.000       |        |                 |
| _767885_:B1 (OAI21_X4)                                                                      |        | 0.006       | 0.000      | 0.006      |             | 0.000  | 0.881f          |
| _767885_:ZN (OAI21_X4)                                                                      |        | 0.003       | 0.000      | 0.015      |             | 0.022  | 0.903r          |
| _319317_ (net)                                                                              | 1      |             |            |            | 0.000       |        |                 |
| _767886_:A (INV_X2)                                                                         |        | 0.003       | 0.000      | 0.015      |             | 0.000  | 0.903r          |
| _767886_:ZN (INV_X2)                                                                        |        | 0.004       | 0.000      | 0.006      |             | 0.010  | 0.913f          |
| _319318_ (net)                                                                              | 2      |             |            |            | 0.000       |        |                 |
| _767888_:B1 (OAI21_X2)                                                                      |        | 0.003       | 0.000      | 0.006      |             | 0.000  | 0.913f          |
| _767888_:ZN (OAI21_X2)                                                                      |        | 0.003       | 0.000      | 0.020      |             | 0.027  | 0.940r          |
| _319320_ (net)                                                                              | 1      |             |            |            | 0.000       |        |                 |
| _767890_:A1 (NAND2_X2)                                                                      |        | 0.003       | 0.000      | 0.020      |             | 0.000  | 0.940r          |
| _767890_:ZN (NAND2_X2)                                                                      |        | 0.005       | 0.000      | 0.011      |             | 0.019  | 0.959f          |
| _319322_ (net)                                                                              | 2      |             |            |            | 0.000       |        |                 |
| _767902_:A1 (NAND2_X2)                                                                      |        | 0.003       | 0.000      | 0.011      |             | 0.000  | 0.959f          |
| _767902_:ZN (NAND2_X2)                                                                      |        | 0.003       | 0.000      | 0.011      |             | 0.016  | 0.976r          |
| _319334_ (net)                                                                              | 1      |             |            |            | 0.000       |        |                 |
| _767904_:A1 (NAND2_X2)                                                                      |        | 0.003       | 0.000      | 0.011      |             | 0.000  | 0.976r          |
| _767904_:ZN (NAND2_X2)                                                                      |        | 0.005       | 0.000      | 0.009      |             | 0.016  | 0.992f          |
| _319336_ (net)                                                                              | 2      |             |            |            | 0.000       |        |                 |
| _767910_:A1 (NAND2_X2)                                                                      |        | 0.003       | 0.000      | 0.009      |             | 0.000  | 0.992f          |
| _767910_:ZN (NAND2_X2)                                                                      |        | 0.003       | 0.000      | 0.011      |             | 0.016  | 1.007r          |
| _319342_ (net)                                                                              | 1      |             |            |            | 0.000       |        |                 |
| _767912_:A1 (NAND2_X2)                                                                      |        | 0.003       | 0.000      | 0.011      |             | 0.000  | 1.007r          |
| _767912_:ZN (NAND2_X2)                                                                      |        | 0.004       | 0.000      | 0.008      |             | 0.014  | 1.021f          |
| _319344_ (net)                                                                              | 2      |             |            |            | 0.000       |        |                 |
| _767918_:A (XOR2_X1)                                                                        |        | 0.002       | 0.000      | 0.008      |             | 0.000  | 1.021f          |
| _767918_:Z (XOR2_X1)                                                                        |        | 0.001       | 0.000      | 0.012      |             | 0.050  | 1.071f          |
| u_systolic_array.pe_row[7].pe_col[7].u_pe_inst.mul_output_data[14] (net)                    | 1      |             |            |            | 0.000       |        |                 |
| u_systolic_array.pe_row[7].pe_col[7].u_pe_inst.mul_result_reg_$_DFFE_PN0P__Q_1:D (DFFR_X1)  |        | 0.001       | 0.000      | 0.012      |             | 0.000  | 1.071f          |
|                                                                                             |        |             |            |            |             |        |                 |
| clk (port)                                                                                  |        | 5.875       | 0.000      | 0.000      |             | 0.000  | 0.000r          |
| clk (clock net)                                                                             | 3702   |             |            |            | NA          |        |                 |
| _793726_:CK (CLKGATE_X1)                                                                    |        | 0.002       | 0.000      | 0.000      |             | 0.000  | 0.000r          |
| _793726_:GCK (CLKGATE_X1)                                                                   |        | 17.454      | 0.000      | 0.000      |             | 0.000  | 0.000r          |
| _355795_ (clock net)                                                                        | 17873  |             |            |            | NA          |        |                 |
| u_systolic_array.pe_row[7].pe_col[7].u_pe_inst.mul_result_reg_$_DFFE_PN0P__Q_1:CK (DFFR_X1) |        | 0.001       | 0.000      | 0.000      |             | 0.000  | 0.000r          |
| clock clk (rise edge)                                                                       |        |             |            |            |             | 1.13   | 1.13            |
| clock network delay (ideal)                                                                 |        |             |            |            |             | 0.000  | 1.130           |
| u_systolic_array.pe_row[7].pe_col[7].u_pe_inst.mul_result_reg_$_DFFE_PN0P__Q_1:CK (DFFR_X1) |        |             |            |            |             |        | 1.130r          |
| library setup time                                                                          |        |             |            |            |             | -0.042 | 1.088           |
| clock reconvergence pessimism                                                               |        |             |            |            |             | 0.000  | 1.088           |
|                                                                                             |        |             |            |            |             |        |                 |
| path cell delay                                                                             |        |             |            |            |             |        | 1.071(100.000%) |
| path net delay                                                                              |        |             |            |            |             |        | 0.000(0.000%)   |
|                                                                                             |        |             |            |            |             |        |                 |
| data require time                                                                           |        |             |            |            |             |        | 1.088           |
| data arrival time                                                                           |        |             |            |            |             |        | 1.071           |
| slack (MET)                                                                                 |        |             |            |            |             |        | 0.017           |
+---------------------------------------------------------------------------------------------+--------+-------------+------------+------------+-------------+--------+-----------------+
+----------------------------------------------------------------------------------------------+--------+-------------+------------+------------+-------------+--------+-----------------+
| Point                                                                                        | Fanout | Capacitance | Resistance | Transition | Delta Delay | Incr   | Path            |
+----------------------------------------------------------------------------------------------+--------+-------------+------------+------------+-------------+--------+-----------------+
| clk (port)                                                                                   |        | 5.875       | 0.000      | 0.000      |             | 0.000  | 0.000r          |
| clk (clock net)                                                                              | 3702   |             |            |            | NA          |        |                 |
| _793726_:CK (CLKGATE_X1)                                                                     |        | 0.002       | 0.000      | 0.000      |             | 0.000  | 0.000r          |
| _793726_:GCK (CLKGATE_X1)                                                                    |        | 17.454      | 0.000      | 0.000      |             | 0.000  | 0.000r          |
| _355795_ (clock net)                                                                         | 17873  |             |            |            | NA          |        |                 |
| u_systolic_array.pe_row[19].pe_col[5].u_pe_inst.b_reg_$_DFFE_PN0P__Q:CK (DFFR_X1)            |        | 0.001       | 0.000      | 0.000      |             | 0.000  | 0.000r          |
| clock clk (rise edge)                                                                        |        |             |            |            |             | 0      | 0               |
| clock network delay (ideal)                                                                  |        |             |            |            |             | 0.000  | 0.000           |
| u_systolic_array.pe_row[19].pe_col[5].u_pe_inst.b_reg_$_DFFE_PN0P__Q:CK (DFFR_X1)            |        | 0.001       | 0.000      | 0.000      |             | 0.000  | 0.000r          |
| u_systolic_array.pe_row[19].pe_col[5].u_pe_inst.b_reg_$_DFFE_PN0P__Q:Q (DFFR_X1)             |        | 0.071       | 0.000      | 0.165      |             | 0.263  | 0.263r          |
| u_systolic_array.b_data_wires[410][7] (net)                                                  | 14     |             |            |            | 0.000       |        |                 |
| _549926_:A (INV_X32)                                                                         |        | 0.049       | 0.000      | 0.165      |             | 0.000  | 0.263r          |
| _549926_:ZN (INV_X32)                                                                        |        | 0.010       | 0.000      | 0.025      |             | -0.006 | 0.257f          |
| _122282_ (net)                                                                               | 4      |             |            |            | 0.000       |        |                 |
| _550002_:A1 (OR2_X4)                                                                         |        | 0.003       | 0.000      | 0.025      |             | 0.000  | 0.257f          |
| _550002_:ZN (OR2_X4)                                                                         |        | 0.005       | 0.000      | 0.009      |             | 0.048  | 0.305f          |
| _122358_ (net)                                                                               | 2      |             |            |            | 0.000       |        |                 |
| _550004_:A (XNOR2_X2)                                                                        |        | 0.004       | 0.000      | 0.009      |             | 0.000  | 0.305f          |
| _550004_:ZN (XNOR2_X2)                                                                       |        | 0.006       | 0.000      | 0.025      |             | 0.034  | 0.339r          |
| _122360_ (net)                                                                               | 2      |             |            |            | 0.000       |        |                 |
| _550005_:A1 (NAND3_X1)                                                                       |        | 0.002       | 0.000      | 0.025      |             | 0.000  | 0.339r          |
| _550005_:ZN (NAND3_X1)                                                                       |        | 0.002       | 0.000      | 0.019      |             | 0.023  | 0.362f          |
| _122361_ (net)                                                                               | 1      |             |            |            | 0.000       |        |                 |
| _550007_:A (OAI21_X1)                                                                        |        | 0.002       | 0.000      | 0.019      |             | 0.000  | 0.362f          |
| _550007_:ZN (OAI21_X1)                                                                       |        | 0.006       | 0.000      | 0.038      |             | 0.035  | 0.396r          |
| _122363_ (net)                                                                               | 2      |             |            |            | 0.000       |        |                 |
| _550009_:A (XOR2_X2)                                                                         |        | 0.004       | 0.000      | 0.038      |             | 0.000  | 0.396r          |
| _550009_:Z (XOR2_X2)                                                                         |        | 0.006       | 0.000      | 0.028      |             | 0.060  | 0.457r          |
| _122365_ (net)                                                                               | 2      |             |            |            | 0.000       |        |                 |
| _550034_:A (XOR2_X2)                                                                         |        | 0.004       | 0.000      | 0.028      |             | 0.000  | 0.457r          |
| _550034_:Z (XOR2_X2)                                                                         |        | 0.006       | 0.000      | 0.028      |             | 0.058  | 0.515r          |
| _122390_ (net)                                                                               | 2      |             |            |            | 0.000       |        |                 |
| _550050_:A (XOR2_X2)                                                                         |        | 0.004       | 0.000      | 0.028      |             | 0.000  | 0.515r          |
| _550050_:Z (XOR2_X2)                                                                         |        | 0.006       | 0.000      | 0.028      |             | 0.058  | 0.573r          |
| _122406_ (net)                                                                               | 2      |             |            |            | 0.000       |        |                 |
| _550175_:A (XOR2_X2)                                                                         |        | 0.004       | 0.000      | 0.028      |             | 0.000  | 0.573r          |
| _550175_:Z (XOR2_X2)                                                                         |        | 0.006       | 0.000      | 0.028      |             | 0.058  | 0.632r          |
| _122531_ (net)                                                                               | 2      |             |            |            | 0.000       |        |                 |
| _550179_:A (XOR2_X2)                                                                         |        | 0.004       | 0.000      | 0.028      |             | 0.000  | 0.632r          |
| _550179_:Z (XOR2_X2)                                                                         |        | 0.004       | 0.000      | 0.023      |             | 0.053  | 0.685r          |
| _122535_ (net)                                                                               | 2      |             |            |            | 0.000       |        |                 |
| _550183_:A (XOR2_X1)                                                                         |        | 0.002       | 0.000      | 0.023      |             | 0.000  | 0.685r          |
| _550183_:Z (XOR2_X1)                                                                         |        | 0.006       | 0.000      | 0.042      |             | 0.072  | 0.757r          |
| _122539_ (net)                                                                               | 3      |             |            |            | 0.000       |        |                 |
| _550187_:A1 (AND2_X2)                                                                        |        | 0.002       | 0.000      | 0.042      |             | 0.000  | 0.757r          |
| _550187_:ZN (AND2_X2)                                                                        |        | 0.013       | 0.000      | 0.019      |             | 0.052  | 0.809r          |
| _122543_ (net)                                                                               | 2      |             |            |            | 0.000       |        |                 |
| _550189_:A2 (NOR3_X4)                                                                        |        | 0.006       | 0.000      | 0.019      |             | 0.000  | 0.809r          |
| _550189_:ZN (NOR3_X4)                                                                        |        | 0.006       | 0.000      | 0.013      |             | 0.013  | 0.822f          |
| _122545_ (net)                                                                               | 1      |             |            |            | 0.000       |        |                 |
| _550190_:A1 (NOR2_X4)                                                                        |        | 0.007       | 0.000      | 0.013      |             | 0.000  | 0.822f          |
| _550190_:ZN (NOR2_X4)                                                                        |        | 0.005       | 0.000      | 0.015      |             | 0.024  | 0.846r          |
| _122546_ (net)                                                                               | 2      |             |            |            | 0.000       |        |                 |
| _550191_:A (INV_X2)                                                                          |        | 0.003       | 0.000      | 0.015      |             | 0.000  | 0.846r          |
| _550191_:ZN (INV_X2)                                                                         |        | 0.003       | 0.000      | 0.006      |             | 0.009  | 0.855f          |
| _122547_ (net)                                                                               | 1      |             |            |            | 0.000       |        |                 |
| _550197_:A1 (AND2_X4)                                                                        |        | 0.003       | 0.000      | 0.006      |             | 0.000  | 0.855f          |
| _550197_:ZN (AND2_X4)                                                                        |        | 0.007       | 0.000      | 0.006      |             | 0.025  | 0.881f          |
| _122553_ (net)                                                                               | 2      |             |            |            | 0.000       |        |                 |
| _550199_:B1 (OAI21_X4)                                                                       |        | 0.006       | 0.000      | 0.006      |             | 0.000  | 0.881f          |
| _550199_:ZN (OAI21_X4)                                                                       |        | 0.003       | 0.000      | 0.015      |             | 0.022  | 0.903r          |
| _122555_ (net)                                                                               | 1      |             |            |            | 0.000       |        |                 |
| _550200_:A (INV_X2)                                                                          |        | 0.003       | 0.000      | 0.015      |             | 0.000  | 0.903r          |
| _550200_:ZN (INV_X2)                                                                         |        | 0.004       | 0.000      | 0.006      |             | 0.010  | 0.913f          |
| _122556_ (net)                                                                               | 2      |             |            |            | 0.000       |        |                 |
| _550202_:B1 (OAI21_X2)                                                                       |        | 0.003       | 0.000      | 0.006      |             | 0.000  | 0.913f          |
| _550202_:ZN (OAI21_X2)                                                                       |        | 0.003       | 0.000      | 0.020      |             | 0.027  | 0.940r          |
| _122558_ (net)                                                                               | 1      |             |            |            | 0.000       |        |                 |
| _550204_:A1 (NAND2_X2)                                                                       |        | 0.003       | 0.000      | 0.020      |             | 0.000  | 0.940r          |
| _550204_:ZN (NAND2_X2)                                                                       |        | 0.005       | 0.000      | 0.011      |             | 0.019  | 0.959f          |
| _122560_ (net)                                                                               | 2      |             |            |            | 0.000       |        |                 |
| _550216_:A1 (NAND2_X2)                                                                       |        | 0.003       | 0.000      | 0.011      |             | 0.000  | 0.959f          |
| _550216_:ZN (NAND2_X2)                                                                       |        | 0.003       | 0.000      | 0.011      |             | 0.016  | 0.976r          |
| _122572_ (net)                                                                               | 1      |             |            |            | 0.000       |        |                 |
| _550218_:A1 (NAND2_X2)                                                                       |        | 0.003       | 0.000      | 0.011      |             | 0.000  | 0.976r          |
| _550218_:ZN (NAND2_X2)                                                                       |        | 0.005       | 0.000      | 0.009      |             | 0.016  | 0.992f          |
| _122574_ (net)                                                                               | 2      |             |            |            | 0.000       |        |                 |
| _550224_:A1 (NAND2_X2)                                                                       |        | 0.003       | 0.000      | 0.009      |             | 0.000  | 0.992f          |
| _550224_:ZN (NAND2_X2)                                                                       |        | 0.003       | 0.000      | 0.011      |             | 0.016  | 1.007r          |
| _122580_ (net)                                                                               | 1      |             |            |            | 0.000       |        |                 |
| _550226_:A1 (NAND2_X2)                                                                       |        | 0.003       | 0.000      | 0.011      |             | 0.000  | 1.007r          |
| _550226_:ZN (NAND2_X2)                                                                       |        | 0.004       | 0.000      | 0.008      |             | 0.014  | 1.021f          |
| _122582_ (net)                                                                               | 2      |             |            |            | 0.000       |        |                 |
| _550232_:A (XOR2_X1)                                                                         |        | 0.002       | 0.000      | 0.008      |             | 0.000  | 1.021f          |
| _550232_:Z (XOR2_X1)                                                                         |        | 0.001       | 0.000      | 0.012      |             | 0.050  | 1.071f          |
| u_systolic_array.pe_row[19].pe_col[5].u_pe_inst.mul_output_data[14] (net)                    | 1      |             |            |            | 0.000       |        |                 |
| u_systolic_array.pe_row[19].pe_col[5].u_pe_inst.mul_result_reg_$_DFFE_PN0P__Q_1:D (DFFR_X1)  |        | 0.001       | 0.000      | 0.012      |             | 0.000  | 1.071f          |
|                                                                                              |        |             |            |            |             |        |                 |
| clk (port)                                                                                   |        | 5.875       | 0.000      | 0.000      |             | 0.000  | 0.000r          |
| clk (clock net)                                                                              | 3702   |             |            |            | NA          |        |                 |
| _793726_:CK (CLKGATE_X1)                                                                     |        | 0.002       | 0.000      | 0.000      |             | 0.000  | 0.000r          |
| _793726_:GCK (CLKGATE_X1)                                                                    |        | 17.454      | 0.000      | 0.000      |             | 0.000  | 0.000r          |
| _355795_ (clock net)                                                                         | 17873  |             |            |            | NA          |        |                 |
| u_systolic_array.pe_row[19].pe_col[5].u_pe_inst.mul_result_reg_$_DFFE_PN0P__Q_1:CK (DFFR_X1) |        | 0.001       | 0.000      | 0.000      |             | 0.000  | 0.000r          |
| clock clk (rise edge)                                                                        |        |             |            |            |             | 1.13   | 1.13            |
| clock network delay (ideal)                                                                  |        |             |            |            |             | 0.000  | 1.130           |
| u_systolic_array.pe_row[19].pe_col[5].u_pe_inst.mul_result_reg_$_DFFE_PN0P__Q_1:CK (DFFR_X1) |        |             |            |            |             |        | 1.130r          |
| library setup time                                                                           |        |             |            |            |             | -0.042 | 1.088           |
| clock reconvergence pessimism                                                                |        |             |            |            |             | 0.000  | 1.088           |
|                                                                                              |        |             |            |            |             |        |                 |
| path cell delay                                                                              |        |             |            |            |             |        | 1.071(100.000%) |
| path net delay                                                                               |        |             |            |            |             |        | 0.000(0.000%)   |
|                                                                                              |        |             |            |            |             |        |                 |
| data require time                                                                            |        |             |            |            |             |        | 1.088           |
| data arrival time                                                                            |        |             |            |            |             |        | 1.071           |
| slack (MET)                                                                                  |        |             |            |            |             |        | 0.017           |
+----------------------------------------------------------------------------------------------+--------+-------------+------------+------------+-------------+--------+-----------------+
+---------------------------------------------------------------------------------------------+--------+-------------+------------+------------+-------------+--------+-----------------+
| Point                                                                                       | Fanout | Capacitance | Resistance | Transition | Delta Delay | Incr   | Path            |
+---------------------------------------------------------------------------------------------+--------+-------------+------------+------------+-------------+--------+-----------------+
| clk (port)                                                                                  |        | 5.875       | 0.000      | 0.000      |             | 0.000  | 0.000r          |
| clk (clock net)                                                                             | 3702   |             |            |            | NA          |        |                 |
| _793726_:CK (CLKGATE_X1)                                                                    |        | 0.002       | 0.000      | 0.000      |             | 0.000  | 0.000r          |
| _793726_:GCK (CLKGATE_X1)                                                                   |        | 17.454      | 0.000      | 0.000      |             | 0.000  | 0.000r          |
| _355795_ (clock net)                                                                        | 17873  |             |            |            | NA          |        |                 |
| u_systolic_array.pe_row[1].pe_col[7].u_pe_inst.b_reg_$_DFFE_PN0P__Q:CK (DFFR_X1)            |        | 0.001       | 0.000      | 0.000      |             | 0.000  | 0.000r          |
| clock clk (rise edge)                                                                       |        |             |            |            |             | 0      | 0               |
| clock network delay (ideal)                                                                 |        |             |            |            |             | 0.000  | 0.000           |
| u_systolic_array.pe_row[1].pe_col[7].u_pe_inst.b_reg_$_DFFE_PN0P__Q:CK (DFFR_X1)            |        | 0.001       | 0.000      | 0.000      |             | 0.000  | 0.000r          |
| u_systolic_array.pe_row[1].pe_col[7].u_pe_inst.b_reg_$_DFFE_PN0P__Q:Q (DFFR_X1)             |        | 0.071       | 0.000      | 0.165      |             | 0.263  | 0.263r          |
| u_systolic_array.b_data_wires[984][7] (net)                                                 | 14     |             |            |            | 0.000       |        |                 |
| _562696_:A (INV_X32)                                                                        |        | 0.049       | 0.000      | 0.165      |             | 0.000  | 0.263r          |
| _562696_:ZN (INV_X32)                                                                       |        | 0.010       | 0.000      | 0.025      |             | -0.006 | 0.257f          |
| _133862_ (net)                                                                              | 4      |             |            |            | 0.000       |        |                 |
| _562771_:A1 (OR2_X4)                                                                        |        | 0.003       | 0.000      | 0.025      |             | 0.000  | 0.257f          |
| _562771_:ZN (OR2_X4)                                                                        |        | 0.005       | 0.000      | 0.009      |             | 0.048  | 0.305f          |
| _133937_ (net)                                                                              | 2      |             |            |            | 0.000       |        |                 |
| _562773_:A (XNOR2_X2)                                                                       |        | 0.004       | 0.000      | 0.009      |             | 0.000  | 0.305f          |
| _562773_:ZN (XNOR2_X2)                                                                      |        | 0.006       | 0.000      | 0.025      |             | 0.034  | 0.339r          |
| _133939_ (net)                                                                              | 2      |             |            |            | 0.000       |        |                 |
| _562774_:A1 (NAND3_X1)                                                                      |        | 0.002       | 0.000      | 0.025      |             | 0.000  | 0.339r          |
| _562774_:ZN (NAND3_X1)                                                                      |        | 0.002       | 0.000      | 0.019      |             | 0.023  | 0.362f          |
| _133940_ (net)                                                                              | 1      |             |            |            | 0.000       |        |                 |
| _562776_:A (OAI21_X1)                                                                       |        | 0.002       | 0.000      | 0.019      |             | 0.000  | 0.362f          |
| _562776_:ZN (OAI21_X1)                                                                      |        | 0.006       | 0.000      | 0.038      |             | 0.035  | 0.396r          |
| _133942_ (net)                                                                              | 2      |             |            |            | 0.000       |        |                 |
| _562778_:A (XOR2_X2)                                                                        |        | 0.004       | 0.000      | 0.038      |             | 0.000  | 0.396r          |
| _562778_:Z (XOR2_X2)                                                                        |        | 0.006       | 0.000      | 0.028      |             | 0.060  | 0.457r          |
| _133944_ (net)                                                                              | 2      |             |            |            | 0.000       |        |                 |
| _562803_:A (XOR2_X2)                                                                        |        | 0.004       | 0.000      | 0.028      |             | 0.000  | 0.457r          |
| _562803_:Z (XOR2_X2)                                                                        |        | 0.006       | 0.000      | 0.028      |             | 0.058  | 0.515r          |
| _133969_ (net)                                                                              | 2      |             |            |            | 0.000       |        |                 |
| _562818_:A (XOR2_X2)                                                                        |        | 0.004       | 0.000      | 0.028      |             | 0.000  | 0.515r          |
| _562818_:Z (XOR2_X2)                                                                        |        | 0.006       | 0.000      | 0.028      |             | 0.058  | 0.573r          |
| _133984_ (net)                                                                              | 2      |             |            |            | 0.000       |        |                 |
| _562946_:A (XOR2_X2)                                                                        |        | 0.004       | 0.000      | 0.028      |             | 0.000  | 0.573r          |
| _562946_:Z (XOR2_X2)                                                                        |        | 0.006       | 0.000      | 0.028      |             | 0.058  | 0.632r          |
| _134112_ (net)                                                                              | 2      |             |            |            | 0.000       |        |                 |
| _562950_:A (XOR2_X2)                                                                        |        | 0.004       | 0.000      | 0.028      |             | 0.000  | 0.632r          |
| _562950_:Z (XOR2_X2)                                                                        |        | 0.004       | 0.000      | 0.023      |             | 0.053  | 0.685r          |
| _134116_ (net)                                                                              | 2      |             |            |            | 0.000       |        |                 |
| _562954_:A (XOR2_X1)                                                                        |        | 0.002       | 0.000      | 0.023      |             | 0.000  | 0.685r          |
| _562954_:Z (XOR2_X1)                                                                        |        | 0.006       | 0.000      | 0.042      |             | 0.072  | 0.757r          |
| _134120_ (net)                                                                              | 3      |             |            |            | 0.000       |        |                 |
| _562958_:A1 (AND2_X2)                                                                       |        | 0.002       | 0.000      | 0.042      |             | 0.000  | 0.757r          |
| _562958_:ZN (AND2_X2)                                                                       |        | 0.013       | 0.000      | 0.019      |             | 0.052  | 0.809r          |
| _134124_ (net)                                                                              | 2      |             |            |            | 0.000       |        |                 |
| _562960_:A2 (NOR3_X4)                                                                       |        | 0.006       | 0.000      | 0.019      |             | 0.000  | 0.809r          |
| _562960_:ZN (NOR3_X4)                                                                       |        | 0.006       | 0.000      | 0.013      |             | 0.013  | 0.822f          |
| _134126_ (net)                                                                              | 1      |             |            |            | 0.000       |        |                 |
| _562961_:A1 (NOR2_X4)                                                                       |        | 0.007       | 0.000      | 0.013      |             | 0.000  | 0.822f          |
| _562961_:ZN (NOR2_X4)                                                                       |        | 0.005       | 0.000      | 0.015      |             | 0.024  | 0.846r          |
| _134127_ (net)                                                                              | 2      |             |            |            | 0.000       |        |                 |
| _562962_:A (INV_X2)                                                                         |        | 0.003       | 0.000      | 0.015      |             | 0.000  | 0.846r          |
| _562962_:ZN (INV_X2)                                                                        |        | 0.003       | 0.000      | 0.006      |             | 0.009  | 0.855f          |
| _134128_ (net)                                                                              | 1      |             |            |            | 0.000       |        |                 |
| _562968_:A1 (AND2_X4)                                                                       |        | 0.003       | 0.000      | 0.006      |             | 0.000  | 0.855f          |
| _562968_:ZN (AND2_X4)                                                                       |        | 0.007       | 0.000      | 0.006      |             | 0.025  | 0.881f          |
| _134134_ (net)                                                                              | 2      |             |            |            | 0.000       |        |                 |
| _562970_:B1 (OAI21_X4)                                                                      |        | 0.006       | 0.000      | 0.006      |             | 0.000  | 0.881f          |
| _562970_:ZN (OAI21_X4)                                                                      |        | 0.003       | 0.000      | 0.015      |             | 0.022  | 0.903r          |
| _134136_ (net)                                                                              | 1      |             |            |            | 0.000       |        |                 |
| _562971_:A (INV_X2)                                                                         |        | 0.003       | 0.000      | 0.015      |             | 0.000  | 0.903r          |
| _562971_:ZN (INV_X2)                                                                        |        | 0.004       | 0.000      | 0.006      |             | 0.010  | 0.913f          |
| _134137_ (net)                                                                              | 2      |             |            |            | 0.000       |        |                 |
| _562973_:B1 (OAI21_X2)                                                                      |        | 0.003       | 0.000      | 0.006      |             | 0.000  | 0.913f          |
| _562973_:ZN (OAI21_X2)                                                                      |        | 0.003       | 0.000      | 0.020      |             | 0.027  | 0.940r          |
| _134139_ (net)                                                                              | 1      |             |            |            | 0.000       |        |                 |
| _562975_:A1 (NAND2_X2)                                                                      |        | 0.003       | 0.000      | 0.020      |             | 0.000  | 0.940r          |
| _562975_:ZN (NAND2_X2)                                                                      |        | 0.005       | 0.000      | 0.011      |             | 0.019  | 0.959f          |
| _134141_ (net)                                                                              | 2      |             |            |            | 0.000       |        |                 |
| _562987_:A1 (NAND2_X2)                                                                      |        | 0.003       | 0.000      | 0.011      |             | 0.000  | 0.959f          |
| _562987_:ZN (NAND2_X2)                                                                      |        | 0.003       | 0.000      | 0.011      |             | 0.016  | 0.976r          |
| _134153_ (net)                                                                              | 1      |             |            |            | 0.000       |        |                 |
| _562989_:A1 (NAND2_X2)                                                                      |        | 0.003       | 0.000      | 0.011      |             | 0.000  | 0.976r          |
| _562989_:ZN (NAND2_X2)                                                                      |        | 0.005       | 0.000      | 0.009      |             | 0.016  | 0.992f          |
| _134155_ (net)                                                                              | 2      |             |            |            | 0.000       |        |                 |
| _562995_:A1 (NAND2_X2)                                                                      |        | 0.003       | 0.000      | 0.009      |             | 0.000  | 0.992f          |
| _562995_:ZN (NAND2_X2)                                                                      |        | 0.003       | 0.000      | 0.011      |             | 0.016  | 1.007r          |
| _134161_ (net)                                                                              | 1      |             |            |            | 0.000       |        |                 |
| _562997_:A1 (NAND2_X2)                                                                      |        | 0.003       | 0.000      | 0.011      |             | 0.000  | 1.007r          |
| _562997_:ZN (NAND2_X2)                                                                      |        | 0.004       | 0.000      | 0.008      |             | 0.014  | 1.021f          |
| _134163_ (net)                                                                              | 2      |             |            |            | 0.000       |        |                 |
| _563003_:A (XOR2_X1)                                                                        |        | 0.002       | 0.000      | 0.008      |             | 0.000  | 1.021f          |
| _563003_:Z (XOR2_X1)                                                                        |        | 0.001       | 0.000      | 0.012      |             | 0.050  | 1.071f          |
| u_systolic_array.pe_row[1].pe_col[7].u_pe_inst.mul_output_data[14] (net)                    | 1      |             |            |            | 0.000       |        |                 |
| u_systolic_array.pe_row[1].pe_col[7].u_pe_inst.mul_result_reg_$_DFFE_PN0P__Q_1:D (DFFR_X1)  |        | 0.001       | 0.000      | 0.012      |             | 0.000  | 1.071f          |
|                                                                                             |        |             |            |            |             |        |                 |
| clk (port)                                                                                  |        | 5.875       | 0.000      | 0.000      |             | 0.000  | 0.000r          |
| clk (clock net)                                                                             | 3702   |             |            |            | NA          |        |                 |
| _793726_:CK (CLKGATE_X1)                                                                    |        | 0.002       | 0.000      | 0.000      |             | 0.000  | 0.000r          |
| _793726_:GCK (CLKGATE_X1)                                                                   |        | 17.454      | 0.000      | 0.000      |             | 0.000  | 0.000r          |
| _355795_ (clock net)                                                                        | 17873  |             |            |            | NA          |        |                 |
| u_systolic_array.pe_row[1].pe_col[7].u_pe_inst.mul_result_reg_$_DFFE_PN0P__Q_1:CK (DFFR_X1) |        | 0.001       | 0.000      | 0.000      |             | 0.000  | 0.000r          |
| clock clk (rise edge)                                                                       |        |             |            |            |             | 1.13   | 1.13            |
| clock network delay (ideal)                                                                 |        |             |            |            |             | 0.000  | 1.130           |
| u_systolic_array.pe_row[1].pe_col[7].u_pe_inst.mul_result_reg_$_DFFE_PN0P__Q_1:CK (DFFR_X1) |        |             |            |            |             |        | 1.130r          |
| library setup time                                                                          |        |             |            |            |             | -0.042 | 1.088           |
| clock reconvergence pessimism                                                               |        |             |            |            |             | 0.000  | 1.088           |
|                                                                                             |        |             |            |            |             |        |                 |
| path cell delay                                                                             |        |             |            |            |             |        | 1.071(100.000%) |
| path net delay                                                                              |        |             |            |            |             |        | 0.000(0.000%)   |
|                                                                                             |        |             |            |            |             |        |                 |
| data require time                                                                           |        |             |            |            |             |        | 1.088           |
| data arrival time                                                                           |        |             |            |            |             |        | 1.071           |
| slack (MET)                                                                                 |        |             |            |            |             |        | 0.017           |
+---------------------------------------------------------------------------------------------+--------+-------------+------------+------------+-------------+--------+-----------------+
+------------------------------------------------------------------------------------------------------------------------------------+--------+-------------+------------+------------+-------------+--------+-----------------+
| Point                                                                                                                              | Fanout | Capacitance | Resistance | Transition | Delta Delay | Incr   | Path            |
+------------------------------------------------------------------------------------------------------------------------------------+--------+-------------+------------+------------+-------------+--------+-----------------+
| clk (port)                                                                                                                         |        | 5.875       | 0.000      | 0.000      |             | 0.000  | 0.000r          |
| clk (clock net)                                                                                                                    | 3702   |             |            |            | NA          |        |                 |
| _794795_:CK (CLKGATE_X1)                                                                                                           |        | 0.002       | 0.000      | 0.000      |             | 0.000  | 0.000r          |
| _794795_:GCK (CLKGATE_X1)                                                                                                          |        | 0.001       | 0.000      | 0.000      |             | 0.000  | 0.000r          |
| _356864_ (clock net)                                                                                                               | 1      |             |            |            | NA          |        |                 |
| sa_activate_comp_reg_$_DFFE_PN0N__Q:CK (DFFR_X1)                                                                                   |        | 0.001       | 0.000      | 0.000      |             | 0.000  | 0.000r          |
| clock clk (rise edge)                                                                                                              |        |             |            |            |             | 0      | 0               |
| clock network delay (ideal)                                                                                                        |        |             |            |            |             | 0.000  | 0.000           |
| sa_activate_comp_reg_$_DFFE_PN0N__Q:CK (DFFR_X1)                                                                                   |        | 0.001       | 0.000      | 0.000      |             | 0.000  | 0.000r          |
| sa_activate_comp_reg_$_DFFE_PN0N__Q:Q (DFFR_X1)                                                                                    |        | 0.121       | 0.000      | 0.281      |             | 0.385  | 0.385r          |
| sa_activate_comp_reg (net)                                                                                                         | 23     |             |            |            | 0.000       |        |                 |
| fanout_buf_1737:A (BUF_X8)                                                                                                         |        | 0.007       | 0.000      | 0.281      |             | 0.000  | 0.385r          |
| fanout_buf_1737:Z (BUF_X8)                                                                                                         |        | 0.034       | 0.000      | 0.021      |             | 0.038  | 0.423r          |
| fanout_net_1737 (net)                                                                                                              | 30     |             |            |            | 0.000       |        |                 |
| _403737_:A (INV_X4)                                                                                                                |        | 0.006       | 0.000      | 0.021      |             | 0.000  | 0.423r          |
| _403737_:ZN (INV_X4)                                                                                                               |        | 0.031       | 0.000      | 0.012      |             | 0.021  | 0.444f          |
| _343819_ (net)                                                                                                                     | 5      |             |            |            | 0.000       |        |                 |
| _403738_:A1 (NOR2_X2)                                                                                                              |        | 0.003       | 0.000      | 0.012      |             | 0.000  | 0.444f          |
| _403738_:ZN (NOR2_X2)                                                                                                              |        | 0.023       | 0.000      | 0.063      |             | 0.077  | 0.521r          |
| _343820_ (net)                                                                                                                     | 5      |             |            |            | 0.000       |        |                 |
| _427876_:A (INV_X2)                                                                                                                |        | 0.003       | 0.000      | 0.063      |             | 0.000  | 0.521r          |
| _427876_:ZN (INV_X2)                                                                                                               |        | 0.020       | 0.000      | 0.024      |             | 0.033  | 0.554f          |
| _012194_ (net)                                                                                                                     | 4      |             |            |            | 0.000       |        |                 |
| _439432_:A (BUF_X8)                                                                                                                |        | 0.007       | 0.000      | 0.024      |             | 0.000  | 0.554f          |
| _439432_:Z (BUF_X8)                                                                                                                |        | 0.036       | 0.000      | 0.009      |             | 0.037  | 0.591f          |
| _022609_ (net)                                                                                                                     | 10     |             |            |            | 0.000       |        |                 |
| _516828_:A (BUF_X8)                                                                                                                |        | 0.007       | 0.000      | 0.009      |             | 0.000  | 0.591f          |
| _516828_:Z (BUF_X8)                                                                                                                |        | 0.030       | 0.000      | 0.008      |             | 0.029  | 0.620f          |
| _092382_ (net)                                                                                                                     | 10     |             |            |            | 0.000       |        |                 |
| _530930_:A (BUF_X4)                                                                                                                |        | 0.003       | 0.000      | 0.008      |             | 0.000  | 0.620f          |
| _530930_:Z (BUF_X4)                                                                                                                |        | 0.015       | 0.000      | 0.007      |             | 0.028  | 0.648f          |
| _105143_ (net)                                                                                                                     | 10     |             |            |            | 0.000       |        |                 |
| _531605_:B1 (OAI21_X1)                                                                                                             |        | 0.002       | 0.000      | 0.007      |             | 0.000  | 0.648f          |
| _531605_:ZN (OAI21_X1)                                                                                                             |        | 0.003       | 0.000      | 0.029      |             | 0.038  | 0.686r          |
| _105759_ (net)                                                                                                                     | 2      |             |            |            | 0.000       |        |                 |
| _531608_:A1 (NOR2_X1)                                                                                                              |        | 0.002       | 0.000      | 0.029      |             | 0.000  | 0.686r          |
| _531608_:ZN (NOR2_X1)                                                                                                              |        | 0.001       | 0.000      | 0.008      |             | 0.009  | 0.695f          |
| u_systolic_array.pe_row[18].pe_col[10].u_pe_inst.pe_calculation_done_latch_$_OR__B_Y_$_ANDNOT__B_Y_$_OR__A_Y_$_ANDNOT__B_1_Y (net) | 1      |             |            |            | 0.000       |        |                 |
| _793290_:E (CLKGATE_X1)                                                                                                            |        | 0.001       | 0.000      | 0.008      |             | 0.000  | 0.695f          |
|                                                                                                                                    |        |             |            |            |             |        |                 |
| clk (port)                                                                                                                         |        | 5.875       | 0.000      | 0.000      |             | 0.000  | 0.000r          |
| clk (clock net)                                                                                                                    | 3702   |             |            |            | NA          |        |                 |
| _793290_:CK (CLKGATE_X1)                                                                                                           |        | 0.002       | 0.000      | 0.000      |             | 0.000  | 0.000r          |
| clock clk (rise edge)                                                                                                              |        |             |            |            |             | 1.13   | 1.13            |
| clock network delay (ideal)                                                                                                        |        |             |            |            |             | 0.000  | 1.130           |
| _793290_:CK (CLKGATE_X1)                                                                                                           |        |             |            |            |             |        | 1.130r          |
| library setup time                                                                                                                 |        |             |            |            |             | -0.045 | 1.085           |
| clock reconvergence pessimism                                                                                                      |        |             |            |            |             | 0.000  | 1.085           |
|                                                                                                                                    |        |             |            |            |             |        |                 |
| path cell delay                                                                                                                    |        |             |            |            |             |        | 0.695(100.000%) |
| path net delay                                                                                                                     |        |             |            |            |             |        | 0.000(0.000%)   |
|                                                                                                                                    |        |             |            |            |             |        |                 |
| data require time                                                                                                                  |        |             |            |            |             |        | 1.085           |
| data arrival time                                                                                                                  |        |             |            |            |             |        | 0.695           |
| slack (MET)                                                                                                                        |        |             |            |            |             |        | 0.390           |
+------------------------------------------------------------------------------------------------------------------------------------+--------+-------------+------------+------------+-------------+--------+-----------------+
+------------------------------------------------------------------------------------------------------------------------------------+--------+-------------+------------+------------+-------------+--------+-----------------+
| Point                                                                                                                              | Fanout | Capacitance | Resistance | Transition | Delta Delay | Incr   | Path            |
+------------------------------------------------------------------------------------------------------------------------------------+--------+-------------+------------+------------+-------------+--------+-----------------+
| clk (port)                                                                                                                         |        | 5.875       | 0.000      | 0.000      |             | 0.000  | 0.000r          |
| clk (clock net)                                                                                                                    | 3702   |             |            |            | NA          |        |                 |
| _794795_:CK (CLKGATE_X1)                                                                                                           |        | 0.002       | 0.000      | 0.000      |             | 0.000  | 0.000r          |
| _794795_:GCK (CLKGATE_X1)                                                                                                          |        | 0.001       | 0.000      | 0.000      |             | 0.000  | 0.000r          |
| _356864_ (clock net)                                                                                                               | 1      |             |            |            | NA          |        |                 |
| sa_activate_comp_reg_$_DFFE_PN0N__Q:CK (DFFR_X1)                                                                                   |        | 0.001       | 0.000      | 0.000      |             | 0.000  | 0.000r          |
| clock clk (rise edge)                                                                                                              |        |             |            |            |             | 0      | 0               |
| clock network delay (ideal)                                                                                                        |        |             |            |            |             | 0.000  | 0.000           |
| sa_activate_comp_reg_$_DFFE_PN0N__Q:CK (DFFR_X1)                                                                                   |        | 0.001       | 0.000      | 0.000      |             | 0.000  | 0.000r          |
| sa_activate_comp_reg_$_DFFE_PN0N__Q:Q (DFFR_X1)                                                                                    |        | 0.121       | 0.000      | 0.281      |             | 0.385  | 0.385r          |
| sa_activate_comp_reg (net)                                                                                                         | 23     |             |            |            | 0.000       |        |                 |
| fanout_buf_1737:A (BUF_X8)                                                                                                         |        | 0.007       | 0.000      | 0.281      |             | 0.000  | 0.385r          |
| fanout_buf_1737:Z (BUF_X8)                                                                                                         |        | 0.034       | 0.000      | 0.021      |             | 0.038  | 0.423r          |
| fanout_net_1737 (net)                                                                                                              | 30     |             |            |            | 0.000       |        |                 |
| _403737_:A (INV_X4)                                                                                                                |        | 0.006       | 0.000      | 0.021      |             | 0.000  | 0.423r          |
| _403737_:ZN (INV_X4)                                                                                                               |        | 0.031       | 0.000      | 0.012      |             | 0.021  | 0.444f          |
| _343819_ (net)                                                                                                                     | 5      |             |            |            | 0.000       |        |                 |
| _403738_:A1 (NOR2_X2)                                                                                                              |        | 0.003       | 0.000      | 0.012      |             | 0.000  | 0.444f          |
| _403738_:ZN (NOR2_X2)                                                                                                              |        | 0.023       | 0.000      | 0.063      |             | 0.077  | 0.521r          |
| _343820_ (net)                                                                                                                     | 5      |             |            |            | 0.000       |        |                 |
| _427876_:A (INV_X2)                                                                                                                |        | 0.003       | 0.000      | 0.063      |             | 0.000  | 0.521r          |
| _427876_:ZN (INV_X2)                                                                                                               |        | 0.020       | 0.000      | 0.024      |             | 0.033  | 0.554f          |
| _012194_ (net)                                                                                                                     | 4      |             |            |            | 0.000       |        |                 |
| _439432_:A (BUF_X8)                                                                                                                |        | 0.007       | 0.000      | 0.024      |             | 0.000  | 0.554f          |
| _439432_:Z (BUF_X8)                                                                                                                |        | 0.036       | 0.000      | 0.009      |             | 0.037  | 0.591f          |
| _022609_ (net)                                                                                                                     | 10     |             |            |            | 0.000       |        |                 |
| _516828_:A (BUF_X8)                                                                                                                |        | 0.007       | 0.000      | 0.009      |             | 0.000  | 0.591f          |
| _516828_:Z (BUF_X8)                                                                                                                |        | 0.030       | 0.000      | 0.008      |             | 0.029  | 0.620f          |
| _092382_ (net)                                                                                                                     | 10     |             |            |            | 0.000       |        |                 |
| _516829_:A (BUF_X4)                                                                                                                |        | 0.003       | 0.000      | 0.008      |             | 0.000  | 0.620f          |
| _516829_:Z (BUF_X4)                                                                                                                |        | 0.015       | 0.000      | 0.007      |             | 0.028  | 0.648f          |
| _092383_ (net)                                                                                                                     | 10     |             |            |            | 0.000       |        |                 |
| _522916_:B1 (OAI21_X1)                                                                                                             |        | 0.002       | 0.000      | 0.007      |             | 0.000  | 0.648f          |
| _522916_:ZN (OAI21_X1)                                                                                                             |        | 0.003       | 0.000      | 0.029      |             | 0.038  | 0.686r          |
| _097934_ (net)                                                                                                                     | 2      |             |            |            | 0.000       |        |                 |
| _522918_:A1 (NOR2_X1)                                                                                                              |        | 0.002       | 0.000      | 0.029      |             | 0.000  | 0.686r          |
| _522918_:ZN (NOR2_X1)                                                                                                              |        | 0.001       | 0.000      | 0.008      |             | 0.009  | 0.695f          |
| u_systolic_array.pe_row[17].pe_col[14].u_pe_inst.pe_calculation_done_latch_$_OR__B_Y_$_ANDNOT__B_Y_$_OR__A_Y_$_ANDNOT__B_1_Y (net) | 1      |             |            |            | 0.000       |        |                 |
| _793330_:E (CLKGATE_X1)                                                                                                            |        | 0.001       | 0.000      | 0.008      |             | 0.000  | 0.695f          |
|                                                                                                                                    |        |             |            |            |             |        |                 |
| clk (port)                                                                                                                         |        | 5.875       | 0.000      | 0.000      |             | 0.000  | 0.000r          |
| clk (clock net)                                                                                                                    | 3702   |             |            |            | NA          |        |                 |
| _793330_:CK (CLKGATE_X1)                                                                                                           |        | 0.002       | 0.000      | 0.000      |             | 0.000  | 0.000r          |
| clock clk (rise edge)                                                                                                              |        |             |            |            |             | 1.13   | 1.13            |
| clock network delay (ideal)                                                                                                        |        |             |            |            |             | 0.000  | 1.130           |
| _793330_:CK (CLKGATE_X1)                                                                                                           |        |             |            |            |             |        | 1.130r          |
| library setup time                                                                                                                 |        |             |            |            |             | -0.045 | 1.085           |
| clock reconvergence pessimism                                                                                                      |        |             |            |            |             | 0.000  | 1.085           |
|                                                                                                                                    |        |             |            |            |             |        |                 |
| path cell delay                                                                                                                    |        |             |            |            |             |        | 0.695(100.000%) |
| path net delay                                                                                                                     |        |             |            |            |             |        | 0.000(0.000%)   |
|                                                                                                                                    |        |             |            |            |             |        |                 |
| data require time                                                                                                                  |        |             |            |            |             |        | 1.085           |
| data arrival time                                                                                                                  |        |             |            |            |             |        | 0.695           |
| slack (MET)                                                                                                                        |        |             |            |            |             |        | 0.390           |
+------------------------------------------------------------------------------------------------------------------------------------+--------+-------------+------------+------------+-------------+--------+-----------------+
+----------------------------------------------------------------------------------------------------------------------------------+--------+-------------+------------+------------+-------------+--------+-----------------+
| Point                                                                                                                            | Fanout | Capacitance | Resistance | Transition | Delta Delay | Incr   | Path            |
+----------------------------------------------------------------------------------------------------------------------------------+--------+-------------+------------+------------+-------------+--------+-----------------+
| clk (port)                                                                                                                       |        | 5.875       | 0.000      | 0.000      |             | 0.000  | 0.000r          |
| clk (clock net)                                                                                                                  | 3702   |             |            |            | NA          |        |                 |
| _794795_:CK (CLKGATE_X1)                                                                                                         |        | 0.002       | 0.000      | 0.000      |             | 0.000  | 0.000r          |
| _794795_:GCK (CLKGATE_X1)                                                                                                        |        | 0.001       | 0.000      | 0.000      |             | 0.000  | 0.000r          |
| _356864_ (clock net)                                                                                                             | 1      |             |            |            | NA          |        |                 |
| sa_activate_comp_reg_$_DFFE_PN0N__Q:CK (DFFR_X1)                                                                                 |        | 0.001       | 0.000      | 0.000      |             | 0.000  | 0.000r          |
| clock clk (rise edge)                                                                                                            |        |             |            |            |             | 0      | 0               |
| clock network delay (ideal)                                                                                                      |        |             |            |            |             | 0.000  | 0.000           |
| sa_activate_comp_reg_$_DFFE_PN0N__Q:CK (DFFR_X1)                                                                                 |        | 0.001       | 0.000      | 0.000      |             | 0.000  | 0.000r          |
| sa_activate_comp_reg_$_DFFE_PN0N__Q:Q (DFFR_X1)                                                                                  |        | 0.121       | 0.000      | 0.281      |             | 0.385  | 0.385r          |
| sa_activate_comp_reg (net)                                                                                                       | 23     |             |            |            | 0.000       |        |                 |
| fanout_buf_1737:A (BUF_X8)                                                                                                       |        | 0.007       | 0.000      | 0.281      |             | 0.000  | 0.385r          |
| fanout_buf_1737:Z (BUF_X8)                                                                                                       |        | 0.034       | 0.000      | 0.021      |             | 0.038  | 0.423r          |
| fanout_net_1737 (net)                                                                                                            | 30     |             |            |            | 0.000       |        |                 |
| _403737_:A (INV_X4)                                                                                                              |        | 0.006       | 0.000      | 0.021      |             | 0.000  | 0.423r          |
| _403737_:ZN (INV_X4)                                                                                                             |        | 0.031       | 0.000      | 0.012      |             | 0.021  | 0.444f          |
| _343819_ (net)                                                                                                                   | 5      |             |            |            | 0.000       |        |                 |
| _403738_:A1 (NOR2_X2)                                                                                                            |        | 0.003       | 0.000      | 0.012      |             | 0.000  | 0.444f          |
| _403738_:ZN (NOR2_X2)                                                                                                            |        | 0.023       | 0.000      | 0.063      |             | 0.077  | 0.521r          |
| _343820_ (net)                                                                                                                   | 5      |             |            |            | 0.000       |        |                 |
| _427876_:A (INV_X2)                                                                                                              |        | 0.003       | 0.000      | 0.063      |             | 0.000  | 0.521r          |
| _427876_:ZN (INV_X2)                                                                                                             |        | 0.020       | 0.000      | 0.024      |             | 0.033  | 0.554f          |
| _012194_ (net)                                                                                                                   | 4      |             |            |            | 0.000       |        |                 |
| _439432_:A (BUF_X8)                                                                                                              |        | 0.007       | 0.000      | 0.024      |             | 0.000  | 0.554f          |
| _439432_:Z (BUF_X8)                                                                                                              |        | 0.036       | 0.000      | 0.009      |             | 0.037  | 0.591f          |
| _022609_ (net)                                                                                                                   | 10     |             |            |            | 0.000       |        |                 |
| _516828_:A (BUF_X8)                                                                                                              |        | 0.007       | 0.000      | 0.009      |             | 0.000  | 0.591f          |
| _516828_:Z (BUF_X8)                                                                                                              |        | 0.030       | 0.000      | 0.008      |             | 0.029  | 0.620f          |
| _092382_ (net)                                                                                                                   | 10     |             |            |            | 0.000       |        |                 |
| _530930_:A (BUF_X4)                                                                                                              |        | 0.003       | 0.000      | 0.008      |             | 0.000  | 0.620f          |
| _530930_:Z (BUF_X4)                                                                                                              |        | 0.015       | 0.000      | 0.007      |             | 0.028  | 0.648f          |
| _105143_ (net)                                                                                                                   | 10     |             |            |            | 0.000       |        |                 |
| _531605_:B1 (OAI21_X1)                                                                                                           |        | 0.002       | 0.000      | 0.007      |             | 0.000  | 0.648f          |
| _531605_:ZN (OAI21_X1)                                                                                                           |        | 0.003       | 0.000      | 0.029      |             | 0.038  | 0.686r          |
| _105759_ (net)                                                                                                                   | 2      |             |            |            | 0.000       |        |                 |
| _531607_:A1 (NOR2_X1)                                                                                                            |        | 0.002       | 0.000      | 0.029      |             | 0.000  | 0.686r          |
| _531607_:ZN (NOR2_X1)                                                                                                            |        | 0.001       | 0.000      | 0.008      |             | 0.009  | 0.695f          |
| u_systolic_array.pe_row[18].pe_col[10].u_pe_inst.pe_calculation_done_latch_$_OR__B_Y_$_ANDNOT__B_Y_$_OR__A_Y_$_ANDNOT__B_Y (net) | 1      |             |            |            | 0.000       |        |                 |
| _793289_:E (CLKGATE_X1)                                                                                                          |        | 0.001       | 0.000      | 0.008      |             | 0.000  | 0.695f          |
|                                                                                                                                  |        |             |            |            |             |        |                 |
| clk (port)                                                                                                                       |        | 5.875       | 0.000      | 0.000      |             | 0.000  | 0.000r          |
| clk (clock net)                                                                                                                  | 3702   |             |            |            | NA          |        |                 |
| _793289_:CK (CLKGATE_X1)                                                                                                         |        | 0.002       | 0.000      | 0.000      |             | 0.000  | 0.000r          |
| clock clk (rise edge)                                                                                                            |        |             |            |            |             | 1.13   | 1.13            |
| clock network delay (ideal)                                                                                                      |        |             |            |            |             | 0.000  | 1.130           |
| _793289_:CK (CLKGATE_X1)                                                                                                         |        |             |            |            |             |        | 1.130r          |
| library setup time                                                                                                               |        |             |            |            |             | -0.045 | 1.085           |
| clock reconvergence pessimism                                                                                                    |        |             |            |            |             | 0.000  | 1.085           |
|                                                                                                                                  |        |             |            |            |             |        |                 |
| path cell delay                                                                                                                  |        |             |            |            |             |        | 0.695(100.000%) |
| path net delay                                                                                                                   |        |             |            |            |             |        | 0.000(0.000%)   |
|                                                                                                                                  |        |             |            |            |             |        |                 |
| data require time                                                                                                                |        |             |            |            |             |        | 1.085           |
| data arrival time                                                                                                                |        |             |            |            |             |        | 0.695           |
| slack (MET)                                                                                                                      |        |             |            |            |             |        | 0.390           |
+----------------------------------------------------------------------------------------------------------------------------------+--------+-------------+------------+------------+-------------+--------+-----------------+
+---------------------------------------------------------------------------------------------------------------------------------+--------+-------------+------------+------------+-------------+--------+-----------------+
| Point                                                                                                                           | Fanout | Capacitance | Resistance | Transition | Delta Delay | Incr   | Path            |
+---------------------------------------------------------------------------------------------------------------------------------+--------+-------------+------------+------------+-------------+--------+-----------------+
| clk (port)                                                                                                                      |        | 5.875       | 0.000      | 0.000      |             | 0.000  | 0.000r          |
| clk (clock net)                                                                                                                 | 3702   |             |            |            | NA          |        |                 |
| _794795_:CK (CLKGATE_X1)                                                                                                        |        | 0.002       | 0.000      | 0.000      |             | 0.000  | 0.000r          |
| _794795_:GCK (CLKGATE_X1)                                                                                                       |        | 0.001       | 0.000      | 0.000      |             | 0.000  | 0.000r          |
| _356864_ (clock net)                                                                                                            | 1      |             |            |            | NA          |        |                 |
| sa_activate_comp_reg_$_DFFE_PN0N__Q:CK (DFFR_X1)                                                                                |        | 0.001       | 0.000      | 0.000      |             | 0.000  | 0.000r          |
| clock clk (rise edge)                                                                                                           |        |             |            |            |             | 0      | 0               |
| clock network delay (ideal)                                                                                                     |        |             |            |            |             | 0.000  | 0.000           |
| sa_activate_comp_reg_$_DFFE_PN0N__Q:CK (DFFR_X1)                                                                                |        | 0.001       | 0.000      | 0.000      |             | 0.000  | 0.000r          |
| sa_activate_comp_reg_$_DFFE_PN0N__Q:Q (DFFR_X1)                                                                                 |        | 0.121       | 0.000      | 0.281      |             | 0.385  | 0.385r          |
| sa_activate_comp_reg (net)                                                                                                      | 23     |             |            |            | 0.000       |        |                 |
| fanout_buf_1737:A (BUF_X8)                                                                                                      |        | 0.007       | 0.000      | 0.281      |             | 0.000  | 0.385r          |
| fanout_buf_1737:Z (BUF_X8)                                                                                                      |        | 0.034       | 0.000      | 0.021      |             | 0.038  | 0.423r          |
| fanout_net_1737 (net)                                                                                                           | 30     |             |            |            | 0.000       |        |                 |
| _403737_:A (INV_X4)                                                                                                             |        | 0.006       | 0.000      | 0.021      |             | 0.000  | 0.423r          |
| _403737_:ZN (INV_X4)                                                                                                            |        | 0.031       | 0.000      | 0.012      |             | 0.021  | 0.444f          |
| _343819_ (net)                                                                                                                  | 5      |             |            |            | 0.000       |        |                 |
| _403738_:A1 (NOR2_X2)                                                                                                           |        | 0.003       | 0.000      | 0.012      |             | 0.000  | 0.444f          |
| _403738_:ZN (NOR2_X2)                                                                                                           |        | 0.023       | 0.000      | 0.063      |             | 0.077  | 0.521r          |
| _343820_ (net)                                                                                                                  | 5      |             |            |            | 0.000       |        |                 |
| _427876_:A (INV_X2)                                                                                                             |        | 0.003       | 0.000      | 0.063      |             | 0.000  | 0.521r          |
| _427876_:ZN (INV_X2)                                                                                                            |        | 0.020       | 0.000      | 0.024      |             | 0.033  | 0.554f          |
| _012194_ (net)                                                                                                                  | 4      |             |            |            | 0.000       |        |                 |
| _439432_:A (BUF_X8)                                                                                                             |        | 0.007       | 0.000      | 0.024      |             | 0.000  | 0.554f          |
| _439432_:Z (BUF_X8)                                                                                                             |        | 0.036       | 0.000      | 0.009      |             | 0.037  | 0.591f          |
| _022609_ (net)                                                                                                                  | 10     |             |            |            | 0.000       |        |                 |
| _516828_:A (BUF_X8)                                                                                                             |        | 0.007       | 0.000      | 0.009      |             | 0.000  | 0.591f          |
| _516828_:Z (BUF_X8)                                                                                                             |        | 0.030       | 0.000      | 0.008      |             | 0.029  | 0.620f          |
| _092382_ (net)                                                                                                                  | 10     |             |            |            | 0.000       |        |                 |
| _538236_:A (BUF_X4)                                                                                                             |        | 0.003       | 0.000      | 0.008      |             | 0.000  | 0.620f          |
| _538236_:Z (BUF_X4)                                                                                                             |        | 0.015       | 0.000      | 0.007      |             | 0.028  | 0.648f          |
| _111710_ (net)                                                                                                                  | 10     |             |            |            | 0.000       |        |                 |
| _540248_:B1 (OAI21_X1)                                                                                                          |        | 0.002       | 0.000      | 0.007      |             | 0.000  | 0.648f          |
| _540248_:ZN (OAI21_X1)                                                                                                          |        | 0.003       | 0.000      | 0.029      |             | 0.038  | 0.686r          |
| _113548_ (net)                                                                                                                  | 2      |             |            |            | 0.000       |        |                 |
| _540249_:A1 (NOR2_X1)                                                                                                           |        | 0.002       | 0.000      | 0.029      |             | 0.000  | 0.686r          |
| _540249_:ZN (NOR2_X1)                                                                                                           |        | 0.001       | 0.000      | 0.008      |             | 0.009  | 0.695f          |
| u_systolic_array.pe_row[18].pe_col[7].u_pe_inst.pe_calculation_done_latch_$_OR__B_Y_$_ANDNOT__B_Y_$_OR__A_Y_$_ANDNOT__B_Y (net) | 1      |             |            |            | 0.000       |        |                 |
| _793249_:E (CLKGATE_X1)                                                                                                         |        | 0.001       | 0.000      | 0.008      |             | 0.000  | 0.695f          |
|                                                                                                                                 |        |             |            |            |             |        |                 |
| clk (port)                                                                                                                      |        | 5.875       | 0.000      | 0.000      |             | 0.000  | 0.000r          |
| clk (clock net)                                                                                                                 | 3702   |             |            |            | NA          |        |                 |
| _793249_:CK (CLKGATE_X1)                                                                                                        |        | 0.002       | 0.000      | 0.000      |             | 0.000  | 0.000r          |
| clock clk (rise edge)                                                                                                           |        |             |            |            |             | 1.13   | 1.13            |
| clock network delay (ideal)                                                                                                     |        |             |            |            |             | 0.000  | 1.130           |
| _793249_:CK (CLKGATE_X1)                                                                                                        |        |             |            |            |             |        | 1.130r          |
| library setup time                                                                                                              |        |             |            |            |             | -0.045 | 1.085           |
| clock reconvergence pessimism                                                                                                   |        |             |            |            |             | 0.000  | 1.085           |
|                                                                                                                                 |        |             |            |            |             |        |                 |
| path cell delay                                                                                                                 |        |             |            |            |             |        | 0.695(100.000%) |
| path net delay                                                                                                                  |        |             |            |            |             |        | 0.000(0.000%)   |
|                                                                                                                                 |        |             |            |            |             |        |                 |
| data require time                                                                                                               |        |             |            |            |             |        | 1.085           |
| data arrival time                                                                                                               |        |             |            |            |             |        | 0.695           |
| slack (MET)                                                                                                                     |        |             |            |            |             |        | 0.390           |
+---------------------------------------------------------------------------------------------------------------------------------+--------+-------------+------------+------------+-------------+--------+-----------------+
+------------------------------------------------------------------------------------------------------------------------------------+--------+-------------+------------+------------+-------------+--------+-----------------+
| Point                                                                                                                              | Fanout | Capacitance | Resistance | Transition | Delta Delay | Incr   | Path            |
+------------------------------------------------------------------------------------------------------------------------------------+--------+-------------+------------+------------+-------------+--------+-----------------+
| clk (port)                                                                                                                         |        | 5.875       | 0.000      | 0.000      |             | 0.000  | 0.000r          |
| clk (clock net)                                                                                                                    | 3702   |             |            |            | NA          |        |                 |
| _794795_:CK (CLKGATE_X1)                                                                                                           |        | 0.002       | 0.000      | 0.000      |             | 0.000  | 0.000r          |
| _794795_:GCK (CLKGATE_X1)                                                                                                          |        | 0.001       | 0.000      | 0.000      |             | 0.000  | 0.000r          |
| _356864_ (clock net)                                                                                                               | 1      |             |            |            | NA          |        |                 |
| sa_activate_comp_reg_$_DFFE_PN0N__Q:CK (DFFR_X1)                                                                                   |        | 0.001       | 0.000      | 0.000      |             | 0.000  | 0.000r          |
| clock clk (rise edge)                                                                                                              |        |             |            |            |             | 0      | 0               |
| clock network delay (ideal)                                                                                                        |        |             |            |            |             | 0.000  | 0.000           |
| sa_activate_comp_reg_$_DFFE_PN0N__Q:CK (DFFR_X1)                                                                                   |        | 0.001       | 0.000      | 0.000      |             | 0.000  | 0.000r          |
| sa_activate_comp_reg_$_DFFE_PN0N__Q:Q (DFFR_X1)                                                                                    |        | 0.121       | 0.000      | 0.281      |             | 0.385  | 0.385r          |
| sa_activate_comp_reg (net)                                                                                                         | 23     |             |            |            | 0.000       |        |                 |
| fanout_buf_1737:A (BUF_X8)                                                                                                         |        | 0.007       | 0.000      | 0.281      |             | 0.000  | 0.385r          |
| fanout_buf_1737:Z (BUF_X8)                                                                                                         |        | 0.034       | 0.000      | 0.021      |             | 0.038  | 0.423r          |
| fanout_net_1737 (net)                                                                                                              | 30     |             |            |            | 0.000       |        |                 |
| _403737_:A (INV_X4)                                                                                                                |        | 0.006       | 0.000      | 0.021      |             | 0.000  | 0.423r          |
| _403737_:ZN (INV_X4)                                                                                                               |        | 0.031       | 0.000      | 0.012      |             | 0.021  | 0.444f          |
| _343819_ (net)                                                                                                                     | 5      |             |            |            | 0.000       |        |                 |
| _403738_:A1 (NOR2_X2)                                                                                                              |        | 0.003       | 0.000      | 0.012      |             | 0.000  | 0.444f          |
| _403738_:ZN (NOR2_X2)                                                                                                              |        | 0.023       | 0.000      | 0.063      |             | 0.077  | 0.521r          |
| _343820_ (net)                                                                                                                     | 5      |             |            |            | 0.000       |        |                 |
| _427876_:A (INV_X2)                                                                                                                |        | 0.003       | 0.000      | 0.063      |             | 0.000  | 0.521r          |
| _427876_:ZN (INV_X2)                                                                                                               |        | 0.020       | 0.000      | 0.024      |             | 0.033  | 0.554f          |
| _012194_ (net)                                                                                                                     | 4      |             |            |            | 0.000       |        |                 |
| _439432_:A (BUF_X8)                                                                                                                |        | 0.007       | 0.000      | 0.024      |             | 0.000  | 0.554f          |
| _439432_:Z (BUF_X8)                                                                                                                |        | 0.036       | 0.000      | 0.009      |             | 0.037  | 0.591f          |
| _022609_ (net)                                                                                                                     | 10     |             |            |            | 0.000       |        |                 |
| _516828_:A (BUF_X8)                                                                                                                |        | 0.007       | 0.000      | 0.009      |             | 0.000  | 0.591f          |
| _516828_:Z (BUF_X8)                                                                                                                |        | 0.030       | 0.000      | 0.008      |             | 0.029  | 0.620f          |
| _092382_ (net)                                                                                                                     | 10     |             |            |            | 0.000       |        |                 |
| _530930_:A (BUF_X4)                                                                                                                |        | 0.003       | 0.000      | 0.008      |             | 0.000  | 0.620f          |
| _530930_:Z (BUF_X4)                                                                                                                |        | 0.015       | 0.000      | 0.007      |             | 0.028  | 0.648f          |
| _105143_ (net)                                                                                                                     | 10     |             |            |            | 0.000       |        |                 |
| _532289_:B1 (OAI21_X1)                                                                                                             |        | 0.002       | 0.000      | 0.007      |             | 0.000  | 0.648f          |
| _532289_:ZN (OAI21_X1)                                                                                                             |        | 0.003       | 0.000      | 0.029      |             | 0.038  | 0.686r          |
| _106384_ (net)                                                                                                                     | 2      |             |            |            | 0.000       |        |                 |
| _532291_:A1 (NOR2_X1)                                                                                                              |        | 0.002       | 0.000      | 0.029      |             | 0.000  | 0.686r          |
| _532291_:ZN (NOR2_X1)                                                                                                              |        | 0.001       | 0.000      | 0.008      |             | 0.009  | 0.695f          |
| u_systolic_array.pe_row[18].pe_col[11].u_pe_inst.pe_calculation_done_latch_$_OR__B_Y_$_ANDNOT__B_Y_$_OR__A_Y_$_ANDNOT__B_1_Y (net) | 1      |             |            |            | 0.000       |        |                 |
| _793288_:E (CLKGATE_X1)                                                                                                            |        | 0.001       | 0.000      | 0.008      |             | 0.000  | 0.695f          |
|                                                                                                                                    |        |             |            |            |             |        |                 |
| clk (port)                                                                                                                         |        | 5.875       | 0.000      | 0.000      |             | 0.000  | 0.000r          |
| clk (clock net)                                                                                                                    | 3702   |             |            |            | NA          |        |                 |
| _793288_:CK (CLKGATE_X1)                                                                                                           |        | 0.002       | 0.000      | 0.000      |             | 0.000  | 0.000r          |
| clock clk (rise edge)                                                                                                              |        |             |            |            |             | 1.13   | 1.13            |
| clock network delay (ideal)                                                                                                        |        |             |            |            |             | 0.000  | 1.130           |
| _793288_:CK (CLKGATE_X1)                                                                                                           |        |             |            |            |             |        | 1.130r          |
| library setup time                                                                                                                 |        |             |            |            |             | -0.045 | 1.085           |
| clock reconvergence pessimism                                                                                                      |        |             |            |            |             | 0.000  | 1.085           |
|                                                                                                                                    |        |             |            |            |             |        |                 |
| path cell delay                                                                                                                    |        |             |            |            |             |        | 0.695(100.000%) |
| path net delay                                                                                                                     |        |             |            |            |             |        | 0.000(0.000%)   |
|                                                                                                                                    |        |             |            |            |             |        |                 |
| data require time                                                                                                                  |        |             |            |            |             |        | 1.085           |
| data arrival time                                                                                                                  |        |             |            |            |             |        | 0.695           |
| slack (MET)                                                                                                                        |        |             |            |            |             |        | 0.390           |
+------------------------------------------------------------------------------------------------------------------------------------+--------+-------------+------------+------------+-------------+--------+-----------------+
+---------------------------------------------------------------------------------------------------+--------+-------------+------------+------------+-------------+--------+-----------------+
| Point                                                                                             | Fanout | Capacitance | Resistance | Transition | Delta Delay | Incr   | Path            |
+---------------------------------------------------------------------------------------------------+--------+-------------+------------+------------+-------------+--------+-----------------+
| clk (port)                                                                                        |        | 5.875       | 0.000      | 0.000      |             | 0.000  | 0.000r          |
| clk (clock net)                                                                                   | 3702   |             |            |            | NA          |        |                 |
| _793726_:CK (CLKGATE_X1)                                                                          |        | 0.002       | 0.000      | 0.000      |             | 0.000  | 0.000r          |
| _793726_:GCK (CLKGATE_X1)                                                                         |        | 17.454      | 0.000      | 0.000      |             | 0.000  | 0.000r          |
| _355795_ (clock net)                                                                              | 17873  |             |            |            | NA          |        |                 |
| u_systolic_array.pe_row[9].pe_col[7].u_pe_inst.a_valid_for_output_reg_$_DFFE_PN0P__Q:CK (DFFR_X1) |        | 0.001       | 0.000      | 0.000      |             | 0.000  | 0.000r          |
| clock clk (rise edge)                                                                             |        |             |            |            |             | 0      | 0               |
| clock network delay (ideal)                                                                       |        |             |            |            |             | 0.000  | 0.000           |
| u_systolic_array.pe_row[9].pe_col[7].u_pe_inst.a_valid_for_output_reg_$_DFFE_PN0P__Q:CK (DFFR_X1) |        | 0.001       | 0.000      | 0.000      |             | 0.000  | 0.000r          |
| u_systolic_array.pe_row[9].pe_col[7].u_pe_inst.a_valid_for_output_reg_$_DFFE_PN0P__Q:Q (DFFR_X1)  |        | 0.002       | 0.000      | 0.007      |             | 0.085  | 0.085f          |
| u_systolic_array.a_valid_wires[750][0] (net)                                                      | 2      |             |            |            | 0.000       |        |                 |
| u_systolic_array.pe_row[9].pe_col[8].u_pe_inst.a_valid_for_output_reg_$_DFFE_PN0P__Q:D (DFFR_X1)  |        | 0.001       | 0.000      | 0.007      |             | 0.000  | 0.085f          |
|                                                                                                   |        |             |            |            |             |        |                 |
| clk (port)                                                                                        |        | 5.875       | 0.000      | 0.000      |             | 0.000  | 0.000r          |
| clk (clock net)                                                                                   | 3702   |             |            |            | NA          |        |                 |
| _793726_:CK (CLKGATE_X1)                                                                          |        | 0.002       | 0.000      | 0.000      |             | 0.000  | 0.000r          |
| _793726_:GCK (CLKGATE_X1)                                                                         |        | 17.454      | 0.000      | 0.000      |             | 0.000  | 0.000r          |
| _355795_ (clock net)                                                                              | 17873  |             |            |            | NA          |        |                 |
| u_systolic_array.pe_row[9].pe_col[8].u_pe_inst.a_valid_for_output_reg_$_DFFE_PN0P__Q:CK (DFFR_X1) |        | 0.001       | 0.000      | 0.000      |             | 0.000  | 0.000r          |
| clock clk (rise edge)                                                                             |        |             |            |            |             | 0      | 0               |
| clock network delay (ideal)                                                                       |        |             |            |            |             | 0.000  | 0.000           |
| u_systolic_array.pe_row[9].pe_col[8].u_pe_inst.a_valid_for_output_reg_$_DFFE_PN0P__Q:CK (DFFR_X1) |        |             |            |            |             |        | 0.000r          |
| library hold time                                                                                 |        |             |            |            |             | 0.003  | 0.003           |
| clock reconvergence pessimism                                                                     |        |             |            |            |             | -0.000 | 0.003           |
|                                                                                                   |        |             |            |            |             |        |                 |
| path cell delay                                                                                   |        |             |            |            |             |        | 0.085(100.000%) |
| path net delay                                                                                    |        |             |            |            |             |        | 0.000(0.000%)   |
|                                                                                                   |        |             |            |            |             |        |                 |
| data require time                                                                                 |        |             |            |            |             |        | 0.003           |
| data arrival time                                                                                 |        |             |            |            |             |        | 0.085           |
| slack (MET)                                                                                       |        |             |            |            |             |        | 0.082           |
+---------------------------------------------------------------------------------------------------+--------+-------------+------------+------------+-------------+--------+-----------------+
+---------------------------------------------------------------------------------------------------+--------+-------------+------------+------------+-------------+--------+-----------------+
| Point                                                                                             | Fanout | Capacitance | Resistance | Transition | Delta Delay | Incr   | Path            |
+---------------------------------------------------------------------------------------------------+--------+-------------+------------+------------+-------------+--------+-----------------+
| clk (port)                                                                                        |        | 5.875       | 0.000      | 0.000      |             | 0.000  | 0.000r          |
| clk (clock net)                                                                                   | 3702   |             |            |            | NA          |        |                 |
| _793726_:CK (CLKGATE_X1)                                                                          |        | 0.002       | 0.000      | 0.000      |             | 0.000  | 0.000r          |
| _793726_:GCK (CLKGATE_X1)                                                                         |        | 17.454      | 0.000      | 0.000      |             | 0.000  | 0.000r          |
| _355795_ (clock net)                                                                              | 17873  |             |            |            | NA          |        |                 |
| u_systolic_array.pe_row[8].pe_col[5].u_pe_inst.b_valid_for_output_reg_$_DFFE_PN0P__Q:CK (DFFR_X1) |        | 0.001       | 0.000      | 0.000      |             | 0.000  | 0.000r          |
| clock clk (rise edge)                                                                             |        |             |            |            |             | 0      | 0               |
| clock network delay (ideal)                                                                       |        |             |            |            |             | 0.000  | 0.000           |
| u_systolic_array.pe_row[8].pe_col[5].u_pe_inst.b_valid_for_output_reg_$_DFFE_PN0P__Q:CK (DFFR_X1) |        | 0.001       | 0.000      | 0.000      |             | 0.000  | 0.000r          |
| u_systolic_array.pe_row[8].pe_col[5].u_pe_inst.b_valid_for_output_reg_$_DFFE_PN0P__Q:Q (DFFR_X1)  |        | 0.002       | 0.000      | 0.007      |             | 0.085  | 0.085f          |
| u_systolic_array.a_valid_wires[881][0] (net)                                                      | 2      |             |            |            | 0.000       |        |                 |
| u_systolic_array.pe_row[9].pe_col[5].u_pe_inst.b_valid_for_output_reg_$_DFFE_PN0P__Q:D (DFFR_X1)  |        | 0.001       | 0.000      | 0.007      |             | 0.000  | 0.085f          |
|                                                                                                   |        |             |            |            |             |        |                 |
| clk (port)                                                                                        |        | 5.875       | 0.000      | 0.000      |             | 0.000  | 0.000r          |
| clk (clock net)                                                                                   | 3702   |             |            |            | NA          |        |                 |
| _793726_:CK (CLKGATE_X1)                                                                          |        | 0.002       | 0.000      | 0.000      |             | 0.000  | 0.000r          |
| _793726_:GCK (CLKGATE_X1)                                                                         |        | 17.454      | 0.000      | 0.000      |             | 0.000  | 0.000r          |
| _355795_ (clock net)                                                                              | 17873  |             |            |            | NA          |        |                 |
| u_systolic_array.pe_row[9].pe_col[5].u_pe_inst.b_valid_for_output_reg_$_DFFE_PN0P__Q:CK (DFFR_X1) |        | 0.001       | 0.000      | 0.000      |             | 0.000  | 0.000r          |
| clock clk (rise edge)                                                                             |        |             |            |            |             | 0      | 0               |
| clock network delay (ideal)                                                                       |        |             |            |            |             | 0.000  | 0.000           |
| u_systolic_array.pe_row[9].pe_col[5].u_pe_inst.b_valid_for_output_reg_$_DFFE_PN0P__Q:CK (DFFR_X1) |        |             |            |            |             |        | 0.000r          |
| library hold time                                                                                 |        |             |            |            |             | 0.003  | 0.003           |
| clock reconvergence pessimism                                                                     |        |             |            |            |             | -0.000 | 0.003           |
|                                                                                                   |        |             |            |            |             |        |                 |
| path cell delay                                                                                   |        |             |            |            |             |        | 0.085(100.000%) |
| path net delay                                                                                    |        |             |            |            |             |        | 0.000(0.000%)   |
|                                                                                                   |        |             |            |            |             |        |                 |
| data require time                                                                                 |        |             |            |            |             |        | 0.003           |
| data arrival time                                                                                 |        |             |            |            |             |        | 0.085           |
| slack (MET)                                                                                       |        |             |            |            |             |        | 0.082           |
+---------------------------------------------------------------------------------------------------+--------+-------------+------------+------------+-------------+--------+-----------------+
+----------------------------------------------------------------------------------------------------+--------+-------------+------------+------------+-------------+--------+-----------------+
| Point                                                                                              | Fanout | Capacitance | Resistance | Transition | Delta Delay | Incr   | Path            |
+----------------------------------------------------------------------------------------------------+--------+-------------+------------+------------+-------------+--------+-----------------+
| clk (port)                                                                                         |        | 5.875       | 0.000      | 0.000      |             | 0.000  | 0.000r          |
| clk (clock net)                                                                                    | 3702   |             |            |            | NA          |        |                 |
| _793726_:CK (CLKGATE_X1)                                                                           |        | 0.002       | 0.000      | 0.000      |             | 0.000  | 0.000r          |
| _793726_:GCK (CLKGATE_X1)                                                                          |        | 17.454      | 0.000      | 0.000      |             | 0.000  | 0.000r          |
| _355795_ (clock net)                                                                               | 17873  |             |            |            | NA          |        |                 |
| u_systolic_array.pe_row[8].pe_col[20].u_pe_inst.b_valid_for_output_reg_$_DFFE_PN0P__Q:CK (DFFR_X1) |        | 0.001       | 0.000      | 0.000      |             | 0.000  | 0.000r          |
| clock clk (rise edge)                                                                              |        |             |            |            |             | 0      | 0               |
| clock network delay (ideal)                                                                        |        |             |            |            |             | 0.000  | 0.000           |
| u_systolic_array.pe_row[8].pe_col[20].u_pe_inst.b_valid_for_output_reg_$_DFFE_PN0P__Q:CK (DFFR_X1) |        | 0.001       | 0.000      | 0.000      |             | 0.000  | 0.000r          |
| u_systolic_array.pe_row[8].pe_col[20].u_pe_inst.b_valid_for_output_reg_$_DFFE_PN0P__Q:Q (DFFR_X1)  |        | 0.002       | 0.000      | 0.007      |             | 0.085  | 0.085f          |
| u_systolic_array.a_valid_wires[386][0] (net)                                                       | 2      |             |            |            | 0.000       |        |                 |
| u_systolic_array.pe_row[9].pe_col[20].u_pe_inst.b_valid_for_output_reg_$_DFFE_PN0P__Q:D (DFFR_X1)  |        | 0.001       | 0.000      | 0.007      |             | 0.000  | 0.085f          |
|                                                                                                    |        |             |            |            |             |        |                 |
| clk (port)                                                                                         |        | 5.875       | 0.000      | 0.000      |             | 0.000  | 0.000r          |
| clk (clock net)                                                                                    | 3702   |             |            |            | NA          |        |                 |
| _793726_:CK (CLKGATE_X1)                                                                           |        | 0.002       | 0.000      | 0.000      |             | 0.000  | 0.000r          |
| _793726_:GCK (CLKGATE_X1)                                                                          |        | 17.454      | 0.000      | 0.000      |             | 0.000  | 0.000r          |
| _355795_ (clock net)                                                                               | 17873  |             |            |            | NA          |        |                 |
| u_systolic_array.pe_row[9].pe_col[20].u_pe_inst.b_valid_for_output_reg_$_DFFE_PN0P__Q:CK (DFFR_X1) |        | 0.001       | 0.000      | 0.000      |             | 0.000  | 0.000r          |
| clock clk (rise edge)                                                                              |        |             |            |            |             | 0      | 0               |
| clock network delay (ideal)                                                                        |        |             |            |            |             | 0.000  | 0.000           |
| u_systolic_array.pe_row[9].pe_col[20].u_pe_inst.b_valid_for_output_reg_$_DFFE_PN0P__Q:CK (DFFR_X1) |        |             |            |            |             |        | 0.000r          |
| library hold time                                                                                  |        |             |            |            |             | 0.003  | 0.003           |
| clock reconvergence pessimism                                                                      |        |             |            |            |             | -0.000 | 0.003           |
|                                                                                                    |        |             |            |            |             |        |                 |
| path cell delay                                                                                    |        |             |            |            |             |        | 0.085(100.000%) |
| path net delay                                                                                     |        |             |            |            |             |        | 0.000(0.000%)   |
|                                                                                                    |        |             |            |            |             |        |                 |
| data require time                                                                                  |        |             |            |            |             |        | 0.003           |
| data arrival time                                                                                  |        |             |            |            |             |        | 0.085           |
| slack (MET)                                                                                        |        |             |            |            |             |        | 0.082           |
+----------------------------------------------------------------------------------------------------+--------+-------------+------------+------------+-------------+--------+-----------------+
+----------------------------------------------------------------------------------------------------+--------+-------------+------------+------------+-------------+--------+-----------------+
| Point                                                                                              | Fanout | Capacitance | Resistance | Transition | Delta Delay | Incr   | Path            |
+----------------------------------------------------------------------------------------------------+--------+-------------+------------+------------+-------------+--------+-----------------+
| clk (port)                                                                                         |        | 5.875       | 0.000      | 0.000      |             | 0.000  | 0.000r          |
| clk (clock net)                                                                                    | 3702   |             |            |            | NA          |        |                 |
| _793726_:CK (CLKGATE_X1)                                                                           |        | 0.002       | 0.000      | 0.000      |             | 0.000  | 0.000r          |
| _793726_:GCK (CLKGATE_X1)                                                                          |        | 17.454      | 0.000      | 0.000      |             | 0.000  | 0.000r          |
| _355795_ (clock net)                                                                               | 17873  |             |            |            | NA          |        |                 |
| u_systolic_array.pe_row[8].pe_col[19].u_pe_inst.b_valid_for_output_reg_$_DFFE_PN0P__Q:CK (DFFR_X1) |        | 0.001       | 0.000      | 0.000      |             | 0.000  | 0.000r          |
| clock clk (rise edge)                                                                              |        |             |            |            |             | 0      | 0               |
| clock network delay (ideal)                                                                        |        |             |            |            |             | 0.000  | 0.000           |
| u_systolic_array.pe_row[8].pe_col[19].u_pe_inst.b_valid_for_output_reg_$_DFFE_PN0P__Q:CK (DFFR_X1) |        | 0.001       | 0.000      | 0.000      |             | 0.000  | 0.000r          |
| u_systolic_array.pe_row[8].pe_col[19].u_pe_inst.b_valid_for_output_reg_$_DFFE_PN0P__Q:Q (DFFR_X1)  |        | 0.002       | 0.000      | 0.007      |             | 0.085  | 0.085f          |
| u_systolic_array.a_valid_wires[419][0] (net)                                                       | 2      |             |            |            | 0.000       |        |                 |
| u_systolic_array.pe_row[9].pe_col[19].u_pe_inst.b_valid_for_output_reg_$_DFFE_PN0P__Q:D (DFFR_X1)  |        | 0.001       | 0.000      | 0.007      |             | 0.000  | 0.085f          |
|                                                                                                    |        |             |            |            |             |        |                 |
| clk (port)                                                                                         |        | 5.875       | 0.000      | 0.000      |             | 0.000  | 0.000r          |
| clk (clock net)                                                                                    | 3702   |             |            |            | NA          |        |                 |
| _793726_:CK (CLKGATE_X1)                                                                           |        | 0.002       | 0.000      | 0.000      |             | 0.000  | 0.000r          |
| _793726_:GCK (CLKGATE_X1)                                                                          |        | 17.454      | 0.000      | 0.000      |             | 0.000  | 0.000r          |
| _355795_ (clock net)                                                                               | 17873  |             |            |            | NA          |        |                 |
| u_systolic_array.pe_row[9].pe_col[19].u_pe_inst.b_valid_for_output_reg_$_DFFE_PN0P__Q:CK (DFFR_X1) |        | 0.001       | 0.000      | 0.000      |             | 0.000  | 0.000r          |
| clock clk (rise edge)                                                                              |        |             |            |            |             | 0      | 0               |
| clock network delay (ideal)                                                                        |        |             |            |            |             | 0.000  | 0.000           |
| u_systolic_array.pe_row[9].pe_col[19].u_pe_inst.b_valid_for_output_reg_$_DFFE_PN0P__Q:CK (DFFR_X1) |        |             |            |            |             |        | 0.000r          |
| library hold time                                                                                  |        |             |            |            |             | 0.003  | 0.003           |
| clock reconvergence pessimism                                                                      |        |             |            |            |             | -0.000 | 0.003           |
|                                                                                                    |        |             |            |            |             |        |                 |
| path cell delay                                                                                    |        |             |            |            |             |        | 0.085(100.000%) |
| path net delay                                                                                     |        |             |            |            |             |        | 0.000(0.000%)   |
|                                                                                                    |        |             |            |            |             |        |                 |
| data require time                                                                                  |        |             |            |            |             |        | 0.003           |
| data arrival time                                                                                  |        |             |            |            |             |        | 0.085           |
| slack (MET)                                                                                        |        |             |            |            |             |        | 0.082           |
+----------------------------------------------------------------------------------------------------+--------+-------------+------------+------------+-------------+--------+-----------------+
+----------------------------------------------------------------------------------------------------+--------+-------------+------------+------------+-------------+--------+-----------------+
| Point                                                                                              | Fanout | Capacitance | Resistance | Transition | Delta Delay | Incr   | Path            |
+----------------------------------------------------------------------------------------------------+--------+-------------+------------+------------+-------------+--------+-----------------+
| clk (port)                                                                                         |        | 5.875       | 0.000      | 0.000      |             | 0.000  | 0.000r          |
| clk (clock net)                                                                                    | 3702   |             |            |            | NA          |        |                 |
| _793726_:CK (CLKGATE_X1)                                                                           |        | 0.002       | 0.000      | 0.000      |             | 0.000  | 0.000r          |
| _793726_:GCK (CLKGATE_X1)                                                                          |        | 17.454      | 0.000      | 0.000      |             | 0.000  | 0.000r          |
| _355795_ (clock net)                                                                               | 17873  |             |            |            | NA          |        |                 |
| u_systolic_array.pe_row[8].pe_col[18].u_pe_inst.b_valid_for_output_reg_$_DFFE_PN0P__Q:CK (DFFR_X1) |        | 0.001       | 0.000      | 0.000      |             | 0.000  | 0.000r          |
| clock clk (rise edge)                                                                              |        |             |            |            |             | 0      | 0               |
| clock network delay (ideal)                                                                        |        |             |            |            |             | 0.000  | 0.000           |
| u_systolic_array.pe_row[8].pe_col[18].u_pe_inst.b_valid_for_output_reg_$_DFFE_PN0P__Q:CK (DFFR_X1) |        | 0.001       | 0.000      | 0.000      |             | 0.000  | 0.000r          |
| u_systolic_array.pe_row[8].pe_col[18].u_pe_inst.b_valid_for_output_reg_$_DFFE_PN0P__Q:Q (DFFR_X1)  |        | 0.002       | 0.000      | 0.007      |             | 0.085  | 0.085f          |
| u_systolic_array.a_valid_wires[452][0] (net)                                                       | 2      |             |            |            | 0.000       |        |                 |
| u_systolic_array.pe_row[9].pe_col[18].u_pe_inst.b_valid_for_output_reg_$_DFFE_PN0P__Q:D (DFFR_X1)  |        | 0.001       | 0.000      | 0.007      |             | 0.000  | 0.085f          |
|                                                                                                    |        |             |            |            |             |        |                 |
| clk (port)                                                                                         |        | 5.875       | 0.000      | 0.000      |             | 0.000  | 0.000r          |
| clk (clock net)                                                                                    | 3702   |             |            |            | NA          |        |                 |
| _793726_:CK (CLKGATE_X1)                                                                           |        | 0.002       | 0.000      | 0.000      |             | 0.000  | 0.000r          |
| _793726_:GCK (CLKGATE_X1)                                                                          |        | 17.454      | 0.000      | 0.000      |             | 0.000  | 0.000r          |
| _355795_ (clock net)                                                                               | 17873  |             |            |            | NA          |        |                 |
| u_systolic_array.pe_row[9].pe_col[18].u_pe_inst.b_valid_for_output_reg_$_DFFE_PN0P__Q:CK (DFFR_X1) |        | 0.001       | 0.000      | 0.000      |             | 0.000  | 0.000r          |
| clock clk (rise edge)                                                                              |        |             |            |            |             | 0      | 0               |
| clock network delay (ideal)                                                                        |        |             |            |            |             | 0.000  | 0.000           |
| u_systolic_array.pe_row[9].pe_col[18].u_pe_inst.b_valid_for_output_reg_$_DFFE_PN0P__Q:CK (DFFR_X1) |        |             |            |            |             |        | 0.000r          |
| library hold time                                                                                  |        |             |            |            |             | 0.003  | 0.003           |
| clock reconvergence pessimism                                                                      |        |             |            |            |             | -0.000 | 0.003           |
|                                                                                                    |        |             |            |            |             |        |                 |
| path cell delay                                                                                    |        |             |            |            |             |        | 0.085(100.000%) |
| path net delay                                                                                     |        |             |            |            |             |        | 0.000(0.000%)   |
|                                                                                                    |        |             |            |            |             |        |                 |
| data require time                                                                                  |        |             |            |            |             |        | 0.003           |
| data arrival time                                                                                  |        |             |            |            |             |        | 0.085           |
| slack (MET)                                                                                        |        |             |            |            |             |        | 0.082           |
+----------------------------------------------------------------------------------------------------+--------+-------------+------------+------------+-------------+--------+-----------------+
+----------------------------------------------------------------------------------------------------------------------+--------+-------------+------------+------------+-------------+--------+-----------------+
| Point                                                                                                                | Fanout | Capacitance | Resistance | Transition | Delta Delay | Incr   | Path            |
+----------------------------------------------------------------------------------------------------------------------+--------+-------------+------------+------------+-------------+--------+-----------------+
| clk (port)                                                                                                           |        | 5.875       | 0.000      | 0.000      |             | 0.000  | 0.000r          |
| clk (clock net)                                                                                                      | 3702   |             |            |            | NA          |        |                 |
| _793724_:CK (CLKGATE_X1)                                                                                             |        | 0.002       | 0.000      | 0.000      |             | 0.000  | 0.000r          |
| _793724_:GCK (CLKGATE_X1)                                                                                            |        | 1.516       | 0.000      | 0.000      |             | 0.000  | 0.000r          |
| _355793_ (clock net)                                                                                                 | 1552   |             |            |            | NA          |        |                 |
| u_systolic_array.pe_row[17].pe_col[17].u_pe_inst.pe_calculation_done_latch_$_DFFE_PN0N__Q:CK (DFFR_X1)               |        | 0.001       | 0.000      | 0.000      |             | 0.000  | 0.000r          |
| clock clk (rise edge)                                                                                                |        |             |            |            |             | 0      | 0               |
| clock network delay (ideal)                                                                                          |        |             |            |            |             | 0.000  | 0.000           |
| u_systolic_array.pe_row[17].pe_col[17].u_pe_inst.pe_calculation_done_latch_$_DFFE_PN0N__Q:CK (DFFR_X1)               |        | 0.001       | 0.000      | 0.000      |             | 0.000  | 0.000r          |
| u_systolic_array.pe_row[17].pe_col[17].u_pe_inst.pe_calculation_done_latch_$_DFFE_PN0N__Q:QN (DFFR_X1)               |        | 0.003       | 0.000      | 0.013      |             | 0.069  | 0.069r          |
| u_systolic_array.pe_row[17].pe_col[17].u_pe_inst.pe_calculation_done_latch_$_NOT__A_Y (net)                          | 2      |             |            |            | 0.000       |        |                 |
| _523635_:A (INV_X1)                                                                                                  |        | 0.002       | 0.000      | 0.013      |             | 0.000  | 0.069r          |
| _523635_:ZN (INV_X1)                                                                                                 |        | 0.003       | 0.000      | 0.006      |             | 0.011  | 0.080f          |
| _098575_ (net)                                                                                                       | 2      |             |            |            | 0.000       |        |                 |
| _523636_:C1 (AOI211_X1)                                                                                              |        | 0.002       | 0.000      | 0.006      |             | 0.000  | 0.080f          |
| _523636_:ZN (AOI211_X1)                                                                                              |        | 0.001       | 0.000      | 0.026      |             | 0.031  | 0.110r          |
| u_systolic_array.pe_row[17].pe_col[17].u_pe_inst.mul_valid_reg_$_OR__A_Y_$_ANDNOT__B_Y_$_OR__A_Y_$_ANDNOT__B_Y (net) | 1      |             |            |            | 0.000       |        |                 |
| _793325_:E (CLKGATE_X1)                                                                                              |        | 0.001       | 0.000      | 0.026      |             | 0.000  | 0.110r          |
|                                                                                                                      |        |             |            |            |             |        |                 |
| clk (port)                                                                                                           |        | 5.875       | 0.000      | 0.000      |             | 0.000  | 0.000r          |
| clk (clock net)                                                                                                      | 3702   |             |            |            | NA          |        |                 |
| _793325_:CK (CLKGATE_X1)                                                                                             |        | 0.002       | 0.000      | 0.000      |             | 0.000  | 0.000r          |
| clock clk (rise edge)                                                                                                |        |             |            |            |             | 0      | 0               |
| clock network delay (ideal)                                                                                          |        |             |            |            |             | 0.000  | 0.000           |
| _793325_:CK (CLKGATE_X1)                                                                                             |        |             |            |            |             |        | 0.000r          |
| library hold time                                                                                                    |        |             |            |            |             | 0.001  | 0.001           |
| clock reconvergence pessimism                                                                                        |        |             |            |            |             | -0.000 | 0.001           |
|                                                                                                                      |        |             |            |            |             |        |                 |
| path cell delay                                                                                                      |        |             |            |            |             |        | 0.110(100.000%) |
| path net delay                                                                                                       |        |             |            |            |             |        | 0.000(0.000%)   |
|                                                                                                                      |        |             |            |            |             |        |                 |
| data require time                                                                                                    |        |             |            |            |             |        | 0.001           |
| data arrival time                                                                                                    |        |             |            |            |             |        | 0.110           |
| slack (MET)                                                                                                          |        |             |            |            |             |        | 0.109           |
+----------------------------------------------------------------------------------------------------------------------+--------+-------------+------------+------------+-------------+--------+-----------------+
+----------------------------------------------------------------------------------------------------------------------------------+--------+-------------+------------+------------+-------------+--------+-----------------+
| Point                                                                                                                            | Fanout | Capacitance | Resistance | Transition | Delta Delay | Incr   | Path            |
+----------------------------------------------------------------------------------------------------------------------------------+--------+-------------+------------+------------+-------------+--------+-----------------+
| clk (port)                                                                                                                       |        | 5.875       | 0.000      | 0.000      |             | 0.000  | 0.000r          |
| clk (clock net)                                                                                                                  | 3702   |             |            |            | NA          |        |                 |
| _793724_:CK (CLKGATE_X1)                                                                                                         |        | 0.002       | 0.000      | 0.000      |             | 0.000  | 0.000r          |
| _793724_:GCK (CLKGATE_X1)                                                                                                        |        | 1.516       | 0.000      | 0.000      |             | 0.000  | 0.000r          |
| _355793_ (clock net)                                                                                                             | 1552   |             |            |            | NA          |        |                 |
| u_systolic_array.pe_row[31].pe_col[16].u_pe_inst.pe_calculation_done_latch_$_DFFE_PN0N__Q:CK (DFFR_X1)                           |        | 0.001       | 0.000      | 0.000      |             | 0.000  | 0.000r          |
| clock clk (rise edge)                                                                                                            |        |             |            |            |             | 0      | 0               |
| clock network delay (ideal)                                                                                                      |        |             |            |            |             | 0.000  | 0.000           |
| u_systolic_array.pe_row[31].pe_col[16].u_pe_inst.pe_calculation_done_latch_$_DFFE_PN0N__Q:CK (DFFR_X1)                           |        | 0.001       | 0.000      | 0.000      |             | 0.000  | 0.000r          |
| u_systolic_array.pe_row[31].pe_col[16].u_pe_inst.pe_calculation_done_latch_$_DFFE_PN0N__Q:QN (DFFR_X1)                           |        | 0.003       | 0.000      | 0.013      |             | 0.069  | 0.069r          |
| u_systolic_array.pe_row[31].pe_col[16].u_pe_inst.pe_calculation_done_latch_$_NOT__A_Y (net)                                      | 2      |             |            |            | 0.000       |        |                 |
| _705479_:A (INV_X1)                                                                                                              |        | 0.002       | 0.000      | 0.013      |             | 0.000  | 0.069r          |
| _705479_:ZN (INV_X1)                                                                                                             |        | 0.003       | 0.000      | 0.006      |             | 0.011  | 0.080f          |
| _262997_ (net)                                                                                                                   | 2      |             |            |            | 0.000       |        |                 |
| _705481_:C1 (AOI211_X1)                                                                                                          |        | 0.002       | 0.000      | 0.006      |             | 0.000  | 0.080f          |
| _705481_:ZN (AOI211_X1)                                                                                                          |        | 0.001       | 0.000      | 0.026      |             | 0.031  | 0.110r          |
| u_systolic_array.pe_row[31].pe_col[16].u_pe_inst.pe_calculation_done_latch_$_OR__B_Y_$_ANDNOT__B_Y_$_OR__A_Y_$_ANDNOT__B_Y (net) | 1      |             |            |            | 0.000       |        |                 |
| _792558_:E (CLKGATE_X1)                                                                                                          |        | 0.001       | 0.000      | 0.026      |             | 0.000  | 0.110r          |
|                                                                                                                                  |        |             |            |            |             |        |                 |
| clk (port)                                                                                                                       |        | 5.875       | 0.000      | 0.000      |             | 0.000  | 0.000r          |
| clk (clock net)                                                                                                                  | 3702   |             |            |            | NA          |        |                 |
| _792558_:CK (CLKGATE_X1)                                                                                                         |        | 0.002       | 0.000      | 0.000      |             | 0.000  | 0.000r          |
| clock clk (rise edge)                                                                                                            |        |             |            |            |             | 0      | 0               |
| clock network delay (ideal)                                                                                                      |        |             |            |            |             | 0.000  | 0.000           |
| _792558_:CK (CLKGATE_X1)                                                                                                         |        |             |            |            |             |        | 0.000r          |
| library hold time                                                                                                                |        |             |            |            |             | 0.001  | 0.001           |
| clock reconvergence pessimism                                                                                                    |        |             |            |            |             | -0.000 | 0.001           |
|                                                                                                                                  |        |             |            |            |             |        |                 |
| path cell delay                                                                                                                  |        |             |            |            |             |        | 0.110(100.000%) |
| path net delay                                                                                                                   |        |             |            |            |             |        | 0.000(0.000%)   |
|                                                                                                                                  |        |             |            |            |             |        |                 |
| data require time                                                                                                                |        |             |            |            |             |        | 0.001           |
| data arrival time                                                                                                                |        |             |            |            |             |        | 0.110           |
| slack (MET)                                                                                                                      |        |             |            |            |             |        | 0.109           |
+----------------------------------------------------------------------------------------------------------------------------------+--------+-------------+------------+------------+-------------+--------+-----------------+
+----------------------------------------------------------------------------------------------------------------------------------+--------+-------------+------------+------------+-------------+--------+-----------------+
| Point                                                                                                                            | Fanout | Capacitance | Resistance | Transition | Delta Delay | Incr   | Path            |
+----------------------------------------------------------------------------------------------------------------------------------+--------+-------------+------------+------------+-------------+--------+-----------------+
| clk (port)                                                                                                                       |        | 5.875       | 0.000      | 0.000      |             | 0.000  | 0.000r          |
| clk (clock net)                                                                                                                  | 3702   |             |            |            | NA          |        |                 |
| _793724_:CK (CLKGATE_X1)                                                                                                         |        | 0.002       | 0.000      | 0.000      |             | 0.000  | 0.000r          |
| _793724_:GCK (CLKGATE_X1)                                                                                                        |        | 1.516       | 0.000      | 0.000      |             | 0.000  | 0.000r          |
| _355793_ (clock net)                                                                                                             | 1552   |             |            |            | NA          |        |                 |
| u_systolic_array.pe_row[31].pe_col[22].u_pe_inst.pe_calculation_done_latch_$_DFFE_PN0N__Q:CK (DFFR_X1)                           |        | 0.001       | 0.000      | 0.000      |             | 0.000  | 0.000r          |
| clock clk (rise edge)                                                                                                            |        |             |            |            |             | 0      | 0               |
| clock network delay (ideal)                                                                                                      |        |             |            |            |             | 0.000  | 0.000           |
| u_systolic_array.pe_row[31].pe_col[22].u_pe_inst.pe_calculation_done_latch_$_DFFE_PN0N__Q:CK (DFFR_X1)                           |        | 0.001       | 0.000      | 0.000      |             | 0.000  | 0.000r          |
| u_systolic_array.pe_row[31].pe_col[22].u_pe_inst.pe_calculation_done_latch_$_DFFE_PN0N__Q:QN (DFFR_X1)                           |        | 0.003       | 0.000      | 0.013      |             | 0.069  | 0.069r          |
| u_systolic_array.pe_row[31].pe_col[22].u_pe_inst.pe_calculation_done_latch_$_NOT__A_Y (net)                                      | 2      |             |            |            | 0.000       |        |                 |
| _706365_:A (INV_X1)                                                                                                              |        | 0.002       | 0.000      | 0.013      |             | 0.000  | 0.069r          |
| _706365_:ZN (INV_X1)                                                                                                             |        | 0.003       | 0.000      | 0.006      |             | 0.011  | 0.080f          |
| _263765_ (net)                                                                                                                   | 2      |             |            |            | 0.000       |        |                 |
| _706366_:C1 (AOI211_X1)                                                                                                          |        | 0.002       | 0.000      | 0.006      |             | 0.000  | 0.080f          |
| _706366_:ZN (AOI211_X1)                                                                                                          |        | 0.001       | 0.000      | 0.026      |             | 0.031  | 0.110r          |
| u_systolic_array.pe_row[31].pe_col[22].u_pe_inst.pe_calculation_done_latch_$_OR__B_Y_$_ANDNOT__B_Y_$_OR__A_Y_$_ANDNOT__B_Y (net) | 1      |             |            |            | 0.000       |        |                 |
| _792550_:E (CLKGATE_X1)                                                                                                          |        | 0.001       | 0.000      | 0.026      |             | 0.000  | 0.110r          |
|                                                                                                                                  |        |             |            |            |             |        |                 |
| clk (port)                                                                                                                       |        | 5.875       | 0.000      | 0.000      |             | 0.000  | 0.000r          |
| clk (clock net)                                                                                                                  | 3702   |             |            |            | NA          |        |                 |
| _792550_:CK (CLKGATE_X1)                                                                                                         |        | 0.002       | 0.000      | 0.000      |             | 0.000  | 0.000r          |
| clock clk (rise edge)                                                                                                            |        |             |            |            |             | 0      | 0               |
| clock network delay (ideal)                                                                                                      |        |             |            |            |             | 0.000  | 0.000           |
| _792550_:CK (CLKGATE_X1)                                                                                                         |        |             |            |            |             |        | 0.000r          |
| library hold time                                                                                                                |        |             |            |            |             | 0.001  | 0.001           |
| clock reconvergence pessimism                                                                                                    |        |             |            |            |             | -0.000 | 0.001           |
|                                                                                                                                  |        |             |            |            |             |        |                 |
| path cell delay                                                                                                                  |        |             |            |            |             |        | 0.110(100.000%) |
| path net delay                                                                                                                   |        |             |            |            |             |        | 0.000(0.000%)   |
|                                                                                                                                  |        |             |            |            |             |        |                 |
| data require time                                                                                                                |        |             |            |            |             |        | 0.001           |
| data arrival time                                                                                                                |        |             |            |            |             |        | 0.110           |
| slack (MET)                                                                                                                      |        |             |            |            |             |        | 0.109           |
+----------------------------------------------------------------------------------------------------------------------------------+--------+-------------+------------+------------+-------------+--------+-----------------+
+----------------------------------------------------------------------------------------------------------------------------------+--------+-------------+------------+------------+-------------+--------+-----------------+
| Point                                                                                                                            | Fanout | Capacitance | Resistance | Transition | Delta Delay | Incr   | Path            |
+----------------------------------------------------------------------------------------------------------------------------------+--------+-------------+------------+------------+-------------+--------+-----------------+
| clk (port)                                                                                                                       |        | 5.875       | 0.000      | 0.000      |             | 0.000  | 0.000r          |
| clk (clock net)                                                                                                                  | 3702   |             |            |            | NA          |        |                 |
| _793724_:CK (CLKGATE_X1)                                                                                                         |        | 0.002       | 0.000      | 0.000      |             | 0.000  | 0.000r          |
| _793724_:GCK (CLKGATE_X1)                                                                                                        |        | 1.516       | 0.000      | 0.000      |             | 0.000  | 0.000r          |
| _355793_ (clock net)                                                                                                             | 1552   |             |            |            | NA          |        |                 |
| u_systolic_array.pe_row[26].pe_col[18].u_pe_inst.pe_calculation_done_latch_$_DFFE_PN0N__Q:CK (DFFR_X1)                           |        | 0.001       | 0.000      | 0.000      |             | 0.000  | 0.000r          |
| clock clk (rise edge)                                                                                                            |        |             |            |            |             | 0      | 0               |
| clock network delay (ideal)                                                                                                      |        |             |            |            |             | 0.000  | 0.000           |
| u_systolic_array.pe_row[26].pe_col[18].u_pe_inst.pe_calculation_done_latch_$_DFFE_PN0N__Q:CK (DFFR_X1)                           |        | 0.001       | 0.000      | 0.000      |             | 0.000  | 0.000r          |
| u_systolic_array.pe_row[26].pe_col[18].u_pe_inst.pe_calculation_done_latch_$_DFFE_PN0N__Q:QN (DFFR_X1)                           |        | 0.003       | 0.000      | 0.013      |             | 0.069  | 0.069r          |
| u_systolic_array.pe_row[26].pe_col[18].u_pe_inst.pe_calculation_done_latch_$_NOT__A_Y (net)                                      | 2      |             |            |            | 0.000       |        |                 |
| _637314_:A (INV_X1)                                                                                                              |        | 0.002       | 0.000      | 0.013      |             | 0.000  | 0.069r          |
| _637314_:ZN (INV_X1)                                                                                                             |        | 0.003       | 0.000      | 0.006      |             | 0.011  | 0.080f          |
| _201416_ (net)                                                                                                                   | 2      |             |            |            | 0.000       |        |                 |
| _637315_:C1 (AOI211_X1)                                                                                                          |        | 0.002       | 0.000      | 0.006      |             | 0.000  | 0.080f          |
| _637315_:ZN (AOI211_X1)                                                                                                          |        | 0.001       | 0.000      | 0.026      |             | 0.031  | 0.110r          |
| u_systolic_array.pe_row[26].pe_col[18].u_pe_inst.pe_calculation_done_latch_$_OR__B_Y_$_ANDNOT__B_Y_$_OR__A_Y_$_ANDNOT__B_Y (net) | 1      |             |            |            | 0.000       |        |                 |
| _792844_:E (CLKGATE_X1)                                                                                                          |        | 0.001       | 0.000      | 0.026      |             | 0.000  | 0.110r          |
|                                                                                                                                  |        |             |            |            |             |        |                 |
| clk (port)                                                                                                                       |        | 5.875       | 0.000      | 0.000      |             | 0.000  | 0.000r          |
| clk (clock net)                                                                                                                  | 3702   |             |            |            | NA          |        |                 |
| _792844_:CK (CLKGATE_X1)                                                                                                         |        | 0.002       | 0.000      | 0.000      |             | 0.000  | 0.000r          |
| clock clk (rise edge)                                                                                                            |        |             |            |            |             | 0      | 0               |
| clock network delay (ideal)                                                                                                      |        |             |            |            |             | 0.000  | 0.000           |
| _792844_:CK (CLKGATE_X1)                                                                                                         |        |             |            |            |             |        | 0.000r          |
| library hold time                                                                                                                |        |             |            |            |             | 0.001  | 0.001           |
| clock reconvergence pessimism                                                                                                    |        |             |            |            |             | -0.000 | 0.001           |
|                                                                                                                                  |        |             |            |            |             |        |                 |
| path cell delay                                                                                                                  |        |             |            |            |             |        | 0.110(100.000%) |
| path net delay                                                                                                                   |        |             |            |            |             |        | 0.000(0.000%)   |
|                                                                                                                                  |        |             |            |            |             |        |                 |
| data require time                                                                                                                |        |             |            |            |             |        | 0.001           |
| data arrival time                                                                                                                |        |             |            |            |             |        | 0.110           |
| slack (MET)                                                                                                                      |        |             |            |            |             |        | 0.109           |
+----------------------------------------------------------------------------------------------------------------------------------+--------+-------------+------------+------------+-------------+--------+-----------------+
+----------------------------------------------------------------------------------------------------------------------------------+--------+-------------+------------+------------+-------------+--------+-----------------+
| Point                                                                                                                            | Fanout | Capacitance | Resistance | Transition | Delta Delay | Incr   | Path            |
+----------------------------------------------------------------------------------------------------------------------------------+--------+-------------+------------+------------+-------------+--------+-----------------+
| clk (port)                                                                                                                       |        | 5.875       | 0.000      | 0.000      |             | 0.000  | 0.000r          |
| clk (clock net)                                                                                                                  | 3702   |             |            |            | NA          |        |                 |
| _793724_:CK (CLKGATE_X1)                                                                                                         |        | 0.002       | 0.000      | 0.000      |             | 0.000  | 0.000r          |
| _793724_:GCK (CLKGATE_X1)                                                                                                        |        | 1.516       | 0.000      | 0.000      |             | 0.000  | 0.000r          |
| _355793_ (clock net)                                                                                                             | 1552   |             |            |            | NA          |        |                 |
| u_systolic_array.pe_row[26].pe_col[19].u_pe_inst.pe_calculation_done_latch_$_DFFE_PN0N__Q:CK (DFFR_X1)                           |        | 0.001       | 0.000      | 0.000      |             | 0.000  | 0.000r          |
| clock clk (rise edge)                                                                                                            |        |             |            |            |             | 0      | 0               |
| clock network delay (ideal)                                                                                                      |        |             |            |            |             | 0.000  | 0.000           |
| u_systolic_array.pe_row[26].pe_col[19].u_pe_inst.pe_calculation_done_latch_$_DFFE_PN0N__Q:CK (DFFR_X1)                           |        | 0.001       | 0.000      | 0.000      |             | 0.000  | 0.000r          |
| u_systolic_array.pe_row[26].pe_col[19].u_pe_inst.pe_calculation_done_latch_$_DFFE_PN0N__Q:QN (DFFR_X1)                           |        | 0.003       | 0.000      | 0.013      |             | 0.069  | 0.069r          |
| u_systolic_array.pe_row[26].pe_col[19].u_pe_inst.pe_calculation_done_latch_$_NOT__A_Y (net)                                      | 2      |             |            |            | 0.000       |        |                 |
| _637351_:A (INV_X1)                                                                                                              |        | 0.002       | 0.000      | 0.013      |             | 0.000  | 0.069r          |
| _637351_:ZN (INV_X1)                                                                                                             |        | 0.003       | 0.000      | 0.006      |             | 0.011  | 0.080f          |
| _201442_ (net)                                                                                                                   | 2      |             |            |            | 0.000       |        |                 |
| _637352_:C1 (AOI211_X1)                                                                                                          |        | 0.002       | 0.000      | 0.006      |             | 0.000  | 0.080f          |
| _637352_:ZN (AOI211_X1)                                                                                                          |        | 0.001       | 0.000      | 0.026      |             | 0.031  | 0.110r          |
| u_systolic_array.pe_row[26].pe_col[19].u_pe_inst.pe_calculation_done_latch_$_OR__B_Y_$_ANDNOT__B_Y_$_OR__A_Y_$_ANDNOT__B_Y (net) | 1      |             |            |            | 0.000       |        |                 |
| _792843_:E (CLKGATE_X1)                                                                                                          |        | 0.001       | 0.000      | 0.026      |             | 0.000  | 0.110r          |
|                                                                                                                                  |        |             |            |            |             |        |                 |
| clk (port)                                                                                                                       |        | 5.875       | 0.000      | 0.000      |             | 0.000  | 0.000r          |
| clk (clock net)                                                                                                                  | 3702   |             |            |            | NA          |        |                 |
| _792843_:CK (CLKGATE_X1)                                                                                                         |        | 0.002       | 0.000      | 0.000      |             | 0.000  | 0.000r          |
| clock clk (rise edge)                                                                                                            |        |             |            |            |             | 0      | 0               |
| clock network delay (ideal)                                                                                                      |        |             |            |            |             | 0.000  | 0.000           |
| _792843_:CK (CLKGATE_X1)                                                                                                         |        |             |            |            |             |        | 0.000r          |
| library hold time                                                                                                                |        |             |            |            |             | 0.001  | 0.001           |
| clock reconvergence pessimism                                                                                                    |        |             |            |            |             | -0.000 | 0.001           |
|                                                                                                                                  |        |             |            |            |             |        |                 |
| path cell delay                                                                                                                  |        |             |            |            |             |        | 0.110(100.000%) |
| path net delay                                                                                                                   |        |             |            |            |             |        | 0.000(0.000%)   |
|                                                                                                                                  |        |             |            |            |             |        |                 |
| data require time                                                                                                                |        |             |            |            |             |        | 0.001           |
| data arrival time                                                                                                                |        |             |            |            |             |        | 0.110           |
| slack (MET)                                                                                                                      |        |             |            |            |             |        | 0.109           |
+----------------------------------------------------------------------------------------------------------------------------------+--------+-------------+------------+------------+-------------+--------+-----------------+
