Generate the report at 2025-06-18T03:22:12, GitVersion: aa25008b3778a76ae1975c839d4cc459f7f7b3b7.
+--------------------------------------------------------------------------------------------------------------+--------------------------+------------+------------+---------------+-------+-------+-----------+
| Endpoint                                                                                                     | Clock Group              | Delay Type | Path Delay | Path Required | CPPR  | Slack | Freq(MHz) |
+--------------------------------------------------------------------------------------------------------------+--------------------------+------------+------------+---------------+-------+-------+-----------+
| u_systolic_array.pe_row[12].pe_col[15].u_pe_inst.mul_result_reg_$_DFFE_PN0P__Q_1:D                           | clk                      | max        | 1.052f     | 9.958         | 0.000 | 8.906 | 913.956   |
| u_systolic_array.pe_row[12].pe_col[15].u_pe_inst.mul_result_reg_$_DFFE_PN0P__Q_1:D                           | clk                      | max        | 1.052f     | 9.958         | 0.000 | 8.906 | 913.956   |
| u_systolic_array.pe_row[12].pe_col[15].u_pe_inst.mul_result_reg_$_DFFE_PN0P__Q:D                             | clk                      | max        | 1.042r     | 9.959         | 0.000 | 8.917 | 923.031   |
| u_systolic_array.pe_row[12].pe_col[15].u_pe_inst.mul_result_reg_$_DFFE_PN0P__Q:D                             | clk                      | max        | 1.042r     | 9.959         | 0.000 | 8.917 | 923.031   |
| u_systolic_array.pe_row[12].pe_col[6].u_pe_inst.mul_result_reg_$_DFFE_PN0P__Q_1:D                            | clk                      | max        | 1.040f     | 9.958         | 0.000 | 8.918 | 924.382   |
| _375104_:E                                                                                                   | **clock_gating_default** | max        | 0.569f     | 9.955         | 0.000 | 9.386 | NA        |
| _375072_:E                                                                                                   | **clock_gating_default** | max        | 0.569f     | 9.955         | 0.000 | 9.386 | NA        |
| _375067_:E                                                                                                   | **clock_gating_default** | max        | 0.569f     | 9.955         | 0.000 | 9.386 | NA        |
| _375110_:E                                                                                                   | **clock_gating_default** | max        | 0.569f     | 9.955         | 0.000 | 9.386 | NA        |
| _375116_:E                                                                                                   | **clock_gating_default** | max        | 0.569f     | 9.955         | 0.000 | 9.386 | NA        |
| c_store_word_in_row_idx_reg_$_DFFE_PN0P__Q:D                                                                 | clk                      | min        | 0.085f     | 0.003         | 0.000 | 0.082 | NA        |
| c_store_word_in_row_idx_reg_$_DFFE_PN0P__Q:D                                                                 | clk                      | min        | 0.085f     | 0.003         | 0.000 | 0.082 | NA        |
| u_systolic_array.pe_row[9].pe_col[9].u_pe_inst.inputs_that_produced_a_b_regs_were_valid_reg_$_DFFE_PN0P__Q:D | clk                      | min        | 0.085f     | 0.003         | 0.000 | 0.082 | NA        |
| u_systolic_array.pe_row[9].pe_col[7].u_pe_inst.a_valid_for_output_reg_$_DFFE_PN0P__Q:D                       | clk                      | min        | 0.085f     | 0.003         | 0.000 | 0.082 | NA        |
| u_systolic_array.pe_row[13].pe_col[0].u_pe_inst.a_reg_$_DFFE_PN0P__Q_7:D                                     | clk                      | min        | 0.085f     | 0.003         | 0.000 | 0.082 | NA        |
| _375444_:E                                                                                                   | **clock_gating_default** | min        | 0.109r     | -0.001        | 0.000 | 0.109 | NA        |
| _375443_:E                                                                                                   | **clock_gating_default** | min        | 0.109r     | -0.001        | 0.000 | 0.109 | NA        |
| _375442_:E                                                                                                   | **clock_gating_default** | min        | 0.109r     | -0.001        | 0.000 | 0.109 | NA        |
| _374636_:E                                                                                                   | **clock_gating_default** | min        | 0.111r     | -0.001        | 0.000 | 0.111 | NA        |
| _374638_:E                                                                                                   | **clock_gating_default** | min        | 0.111r     | -0.001        | 0.000 | 0.111 | NA        |
+--------------------------------------------------------------------------------------------------------------+--------------------------+------------+------------+---------------+-------+-------+-----------+
+-------+------------+-------+
| Clock | Delay Type | TNS   |
+-------+------------+-------+
| clk   | max        | 0.000 |
| clk   | min        | 0.000 |
+-------+------------+-------+
+-----------------------------------------------------------------------------------------------+--------+-------------+------------+------------+-------------+--------+-----------------+
| Point                                                                                         | Fanout | Capacitance | Resistance | Transition | Delta Delay | Incr   | Path            |
+-----------------------------------------------------------------------------------------------+--------+-------------+------------+------------+-------------+--------+-----------------+
| clk (port)                                                                                    |        | 1.779       | 0.000      | 0.000      |             | 0.000  | 0.000r          |
| clk (clock net)                                                                               | 1098   |             |            |            | NA          |        |                 |
| _375146_:CK (CLKGATE_X1)                                                                      |        | 0.002       | 0.000      | 0.000      |             | 0.000  | 0.000r          |
| _375146_:GCK (CLKGATE_X1)                                                                     |        | 8.353       | 0.000      | 0.000      |             | 0.000  | 0.000r          |
| _169347_ (clock net)                                                                          | 8553   |             |            |            | NA          |        |                 |
| u_systolic_array.pe_row[12].pe_col[15].u_pe_inst.b_reg_$_DFFE_PN0P__Q:CK (DFFR_X1)            |        | 0.001       | 0.000      | 0.000      |             | 0.000  | 0.000r          |
| clock clk (rise edge)                                                                         |        |             |            |            |             | 0      | 0               |
| clock network delay (ideal)                                                                   |        |             |            |            |             | 0.000  | 0.000           |
| u_systolic_array.pe_row[12].pe_col[15].u_pe_inst.b_reg_$_DFFE_PN0P__Q:CK (DFFR_X1)            |        | 0.001       | 0.000      | 0.000      |             | 0.000  | 0.000r          |
| u_systolic_array.pe_row[12].pe_col[15].u_pe_inst.b_reg_$_DFFE_PN0P__Q:Q (DFFR_X1)             |        | 0.044       | 0.000      | 0.104      |             | 0.199  | 0.199r          |
| u_systolic_array.b_data_wires[48][7] (net)                                                    | 15     |             |            |            | 0.000       |        |                 |
| _238688_:A2 (NAND2_X1)                                                                        |        | 0.002       | 0.000      | 0.104      |             | 0.000  | 0.199r          |
| _238688_:ZN (NAND2_X1)                                                                        |        | 0.002       | 0.000      | 0.021      |             | 0.027  | 0.226f          |
| _154878_ (net)                                                                                | 1      |             |            |            | 0.000       |        |                 |
| _238690_:A (XNOR2_X1)                                                                         |        | 0.002       | 0.000      | 0.021      |             | 0.000  | 0.226f          |
| _238690_:ZN (XNOR2_X1)                                                                        |        | 0.003       | 0.000      | 0.030      |             | 0.044  | 0.269r          |
| _154880_ (net)                                                                                | 2      |             |            |            | 0.000       |        |                 |
| _238723_:A (XOR2_X1)                                                                          |        | 0.002       | 0.000      | 0.030      |             | 0.000  | 0.269r          |
| _238723_:Z (XOR2_X1)                                                                          |        | 0.004       | 0.000      | 0.037      |             | 0.068  | 0.337r          |
| _154913_ (net)                                                                                | 2      |             |            |            | 0.000       |        |                 |
| _238724_:B (XOR2_X1)                                                                          |        | 0.002       | 0.000      | 0.037      |             | 0.000  | 0.337r          |
| _238724_:Z (XOR2_X1)                                                                          |        | 0.004       | 0.000      | 0.032      |             | 0.063  | 0.400r          |
| _154914_ (net)                                                                                | 2      |             |            |            | 0.000       |        |                 |
| _238749_:A (XOR2_X1)                                                                          |        | 0.002       | 0.000      | 0.032      |             | 0.000  | 0.400r          |
| _238749_:Z (XOR2_X1)                                                                          |        | 0.004       | 0.000      | 0.032      |             | 0.063  | 0.463r          |
| _154939_ (net)                                                                                | 2      |             |            |            | 0.000       |        |                 |
| _238765_:A (XOR2_X1)                                                                          |        | 0.002       | 0.000      | 0.032      |             | 0.000  | 0.463r          |
| _238765_:Z (XOR2_X1)                                                                          |        | 0.004       | 0.000      | 0.032      |             | 0.063  | 0.526r          |
| _154955_ (net)                                                                                | 2      |             |            |            | 0.000       |        |                 |
| _238870_:A (XOR2_X1)                                                                          |        | 0.002       | 0.000      | 0.032      |             | 0.000  | 0.526r          |
| _238870_:Z (XOR2_X1)                                                                          |        | 0.004       | 0.000      | 0.032      |             | 0.063  | 0.589r          |
| _155060_ (net)                                                                                | 2      |             |            |            | 0.000       |        |                 |
| _238874_:A (XOR2_X1)                                                                          |        | 0.002       | 0.000      | 0.032      |             | 0.000  | 0.589r          |
| _238874_:Z (XOR2_X1)                                                                          |        | 0.004       | 0.000      | 0.032      |             | 0.063  | 0.652r          |
| _155064_ (net)                                                                                | 2      |             |            |            | 0.000       |        |                 |
| _238878_:A (XOR2_X1)                                                                          |        | 0.002       | 0.000      | 0.032      |             | 0.000  | 0.652r          |
| _238878_:Z (XOR2_X1)                                                                          |        | 0.005       | 0.000      | 0.037      |             | 0.068  | 0.720r          |
| _155068_ (net)                                                                                | 3      |             |            |            | 0.000       |        |                 |
| _238882_:A1 (AND2_X1)                                                                         |        | 0.001       | 0.000      | 0.037      |             | 0.000  | 0.720r          |
| _238882_:ZN (AND2_X1)                                                                         |        | 0.007       | 0.000      | 0.020      |             | 0.054  | 0.773r          |
| _155072_ (net)                                                                                | 2      |             |            |            | 0.000       |        |                 |
| _238884_:A2 (NOR3_X2)                                                                         |        | 0.003       | 0.000      | 0.020      |             | 0.000  | 0.773r          |
| _238884_:ZN (NOR3_X2)                                                                         |        | 0.003       | 0.000      | 0.010      |             | 0.013  | 0.786f          |
| _155074_ (net)                                                                                | 1      |             |            |            | 0.000       |        |                 |
| _238885_:A1 (NOR2_X2)                                                                         |        | 0.003       | 0.000      | 0.010      |             | 0.000  | 0.786f          |
| _238885_:ZN (NOR2_X2)                                                                         |        | 0.004       | 0.000      | 0.017      |             | 0.025  | 0.811r          |
| _155075_ (net)                                                                                | 2      |             |            |            | 0.000       |        |                 |
| _238886_:A (INV_X1)                                                                           |        | 0.002       | 0.000      | 0.017      |             | 0.000  | 0.811r          |
| _238886_:ZN (INV_X1)                                                                          |        | 0.002       | 0.000      | 0.006      |             | 0.010  | 0.821f          |
| _155076_ (net)                                                                                | 1      |             |            |            | 0.000       |        |                 |
| _238892_:A1 (AND2_X2)                                                                         |        | 0.002       | 0.000      | 0.006      |             | 0.000  | 0.821f          |
| _238892_:ZN (AND2_X2)                                                                         |        | 0.004       | 0.000      | 0.007      |             | 0.027  | 0.849f          |
| _155082_ (net)                                                                                | 2      |             |            |            | 0.000       |        |                 |
| _238894_:B1 (OAI21_X2)                                                                        |        | 0.003       | 0.000      | 0.007      |             | 0.000  | 0.849f          |
| _238894_:ZN (OAI21_X2)                                                                        |        | 0.003       | 0.000      | 0.020      |             | 0.027  | 0.876r          |
| _155084_ (net)                                                                                | 1      |             |            |            | 0.000       |        |                 |
| _238895_:A (INV_X2)                                                                           |        | 0.003       | 0.000      | 0.020      |             | 0.000  | 0.876r          |
| _238895_:ZN (INV_X2)                                                                          |        | 0.003       | 0.000      | 0.006      |             | 0.009  | 0.885f          |
| _155085_ (net)                                                                                | 2      |             |            |            | 0.000       |        |                 |
| _238897_:B1 (OAI21_X1)                                                                        |        | 0.002       | 0.000      | 0.006      |             | 0.000  | 0.885f          |
| _238897_:ZN (OAI21_X1)                                                                        |        | 0.002       | 0.000      | 0.020      |             | 0.027  | 0.912r          |
| _155087_ (net)                                                                                | 1      |             |            |            | 0.000       |        |                 |
| _238899_:A1 (NAND2_X1)                                                                        |        | 0.002       | 0.000      | 0.020      |             | 0.000  | 0.912r          |
| _238899_:ZN (NAND2_X1)                                                                        |        | 0.004       | 0.000      | 0.012      |             | 0.021  | 0.934f          |
| _155089_ (net)                                                                                | 2      |             |            |            | 0.000       |        |                 |
| _238911_:A1 (NAND2_X1)                                                                        |        | 0.002       | 0.000      | 0.012      |             | 0.000  | 0.934f          |
| _238911_:ZN (NAND2_X1)                                                                        |        | 0.003       | 0.000      | 0.015      |             | 0.022  | 0.955r          |
| _155101_ (net)                                                                                | 1      |             |            |            | 0.000       |        |                 |
| _238913_:A1 (NAND2_X2)                                                                        |        | 0.003       | 0.000      | 0.015      |             | 0.000  | 0.955r          |
| _238913_:ZN (NAND2_X2)                                                                        |        | 0.005       | 0.000      | 0.010      |             | 0.018  | 0.973f          |
| _155103_ (net)                                                                                | 2      |             |            |            | 0.000       |        |                 |
| _238919_:A1 (NAND2_X2)                                                                        |        | 0.003       | 0.000      | 0.010      |             | 0.000  | 0.973f          |
| _238919_:ZN (NAND2_X2)                                                                        |        | 0.003       | 0.000      | 0.011      |             | 0.016  | 0.989r          |
| _155109_ (net)                                                                                | 1      |             |            |            | 0.000       |        |                 |
| _238921_:A1 (NAND2_X2)                                                                        |        | 0.003       | 0.000      | 0.011      |             | 0.000  | 0.989r          |
| _238921_:ZN (NAND2_X2)                                                                        |        | 0.004       | 0.000      | 0.008      |             | 0.014  | 1.002f          |
| _155111_ (net)                                                                                | 2      |             |            |            | 0.000       |        |                 |
| _238930_:A (XOR2_X1)                                                                          |        | 0.002       | 0.000      | 0.008      |             | 0.000  | 1.002f          |
| _238930_:Z (XOR2_X1)                                                                          |        | 0.001       | 0.000      | 0.012      |             | 0.050  | 1.052f          |
| u_systolic_array.pe_row[12].pe_col[15].u_pe_inst.mul_output_data[14] (net)                    | 1      |             |            |            | 0.000       |        |                 |
| u_systolic_array.pe_row[12].pe_col[15].u_pe_inst.mul_result_reg_$_DFFE_PN0P__Q_1:D (DFFR_X1)  |        | 0.001       | 0.000      | 0.012      |             | 0.000  | 1.052f          |
|                                                                                               |        |             |            |            |             |        |                 |
| clk (port)                                                                                    |        | 1.779       | 0.000      | 0.000      |             | 0.000  | 0.000r          |
| clk (clock net)                                                                               | 1098   |             |            |            | NA          |        |                 |
| _375146_:CK (CLKGATE_X1)                                                                      |        | 0.002       | 0.000      | 0.000      |             | 0.000  | 0.000r          |
| _375146_:GCK (CLKGATE_X1)                                                                     |        | 8.353       | 0.000      | 0.000      |             | 0.000  | 0.000r          |
| _169347_ (clock net)                                                                          | 8553   |             |            |            | NA          |        |                 |
| u_systolic_array.pe_row[12].pe_col[15].u_pe_inst.mul_result_reg_$_DFFE_PN0P__Q_1:CK (DFFR_X1) |        | 0.001       | 0.000      | 0.000      |             | 0.000  | 0.000r          |
| clock clk (rise edge)                                                                         |        |             |            |            |             | 10     | 10              |
| clock network delay (ideal)                                                                   |        |             |            |            |             | 0.000  | 10.000          |
| u_systolic_array.pe_row[12].pe_col[15].u_pe_inst.mul_result_reg_$_DFFE_PN0P__Q_1:CK (DFFR_X1) |        |             |            |            |             |        | 10.000r         |
| library setup time                                                                            |        |             |            |            |             | -0.042 | 9.958           |
| clock reconvergence pessimism                                                                 |        |             |            |            |             | 0.000  | 9.958           |
|                                                                                               |        |             |            |            |             |        |                 |
| path cell delay                                                                               |        |             |            |            |             |        | 1.052(100.000%) |
| path net delay                                                                                |        |             |            |            |             |        | 0.000(0.000%)   |
|                                                                                               |        |             |            |            |             |        |                 |
| data require time                                                                             |        |             |            |            |             |        | 9.958           |
| data arrival time                                                                             |        |             |            |            |             |        | 1.052           |
| slack (MET)                                                                                   |        |             |            |            |             |        | 8.906           |
+-----------------------------------------------------------------------------------------------+--------+-------------+------------+------------+-------------+--------+-----------------+
+-----------------------------------------------------------------------------------------------+--------+-------------+------------+------------+-------------+--------+-----------------+
| Point                                                                                         | Fanout | Capacitance | Resistance | Transition | Delta Delay | Incr   | Path            |
+-----------------------------------------------------------------------------------------------+--------+-------------+------------+------------+-------------+--------+-----------------+
| clk (port)                                                                                    |        | 1.779       | 0.000      | 0.000      |             | 0.000  | 0.000r          |
| clk (clock net)                                                                               | 1098   |             |            |            | NA          |        |                 |
| _375146_:CK (CLKGATE_X1)                                                                      |        | 0.002       | 0.000      | 0.000      |             | 0.000  | 0.000r          |
| _375146_:GCK (CLKGATE_X1)                                                                     |        | 8.353       | 0.000      | 0.000      |             | 0.000  | 0.000r          |
| _169347_ (clock net)                                                                          | 8553   |             |            |            | NA          |        |                 |
| u_systolic_array.pe_row[12].pe_col[15].u_pe_inst.b_reg_$_DFFE_PN0P__Q:CK (DFFR_X1)            |        | 0.001       | 0.000      | 0.000      |             | 0.000  | 0.000r          |
| clock clk (rise edge)                                                                         |        |             |            |            |             | 0      | 0               |
| clock network delay (ideal)                                                                   |        |             |            |            |             | 0.000  | 0.000           |
| u_systolic_array.pe_row[12].pe_col[15].u_pe_inst.b_reg_$_DFFE_PN0P__Q:CK (DFFR_X1)            |        | 0.001       | 0.000      | 0.000      |             | 0.000  | 0.000r          |
| u_systolic_array.pe_row[12].pe_col[15].u_pe_inst.b_reg_$_DFFE_PN0P__Q:Q (DFFR_X1)             |        | 0.044       | 0.000      | 0.104      |             | 0.199  | 0.199r          |
| u_systolic_array.b_data_wires[48][7] (net)                                                    | 15     |             |            |            | 0.000       |        |                 |
| _238688_:A2 (NAND2_X1)                                                                        |        | 0.002       | 0.000      | 0.104      |             | 0.000  | 0.199r          |
| _238688_:ZN (NAND2_X1)                                                                        |        | 0.002       | 0.000      | 0.021      |             | 0.027  | 0.226f          |
| _154878_ (net)                                                                                | 1      |             |            |            | 0.000       |        |                 |
| _238690_:A (XNOR2_X1)                                                                         |        | 0.002       | 0.000      | 0.021      |             | 0.000  | 0.226f          |
| _238690_:ZN (XNOR2_X1)                                                                        |        | 0.003       | 0.000      | 0.030      |             | 0.044  | 0.269r          |
| _154880_ (net)                                                                                | 2      |             |            |            | 0.000       |        |                 |
| _238723_:A (XOR2_X1)                                                                          |        | 0.002       | 0.000      | 0.030      |             | 0.000  | 0.269r          |
| _238723_:Z (XOR2_X1)                                                                          |        | 0.004       | 0.000      | 0.037      |             | 0.068  | 0.337r          |
| _154913_ (net)                                                                                | 2      |             |            |            | 0.000       |        |                 |
| _238724_:B (XOR2_X1)                                                                          |        | 0.002       | 0.000      | 0.037      |             | 0.000  | 0.337r          |
| _238724_:Z (XOR2_X1)                                                                          |        | 0.004       | 0.000      | 0.032      |             | 0.063  | 0.400r          |
| _154914_ (net)                                                                                | 2      |             |            |            | 0.000       |        |                 |
| _238749_:A (XOR2_X1)                                                                          |        | 0.002       | 0.000      | 0.032      |             | 0.000  | 0.400r          |
| _238749_:Z (XOR2_X1)                                                                          |        | 0.004       | 0.000      | 0.032      |             | 0.063  | 0.463r          |
| _154939_ (net)                                                                                | 2      |             |            |            | 0.000       |        |                 |
| _238765_:A (XOR2_X1)                                                                          |        | 0.002       | 0.000      | 0.032      |             | 0.000  | 0.463r          |
| _238765_:Z (XOR2_X1)                                                                          |        | 0.004       | 0.000      | 0.032      |             | 0.063  | 0.526r          |
| _154955_ (net)                                                                                | 2      |             |            |            | 0.000       |        |                 |
| _238870_:A (XOR2_X1)                                                                          |        | 0.002       | 0.000      | 0.032      |             | 0.000  | 0.526r          |
| _238870_:Z (XOR2_X1)                                                                          |        | 0.004       | 0.000      | 0.032      |             | 0.063  | 0.589r          |
| _155060_ (net)                                                                                | 2      |             |            |            | 0.000       |        |                 |
| _238874_:A (XOR2_X1)                                                                          |        | 0.002       | 0.000      | 0.032      |             | 0.000  | 0.589r          |
| _238874_:Z (XOR2_X1)                                                                          |        | 0.004       | 0.000      | 0.032      |             | 0.063  | 0.652r          |
| _155064_ (net)                                                                                | 2      |             |            |            | 0.000       |        |                 |
| _238878_:A (XOR2_X1)                                                                          |        | 0.002       | 0.000      | 0.032      |             | 0.000  | 0.652r          |
| _238878_:Z (XOR2_X1)                                                                          |        | 0.005       | 0.000      | 0.037      |             | 0.068  | 0.720r          |
| _155068_ (net)                                                                                | 3      |             |            |            | 0.000       |        |                 |
| _238882_:A1 (AND2_X1)                                                                         |        | 0.001       | 0.000      | 0.037      |             | 0.000  | 0.720r          |
| _238882_:ZN (AND2_X1)                                                                         |        | 0.007       | 0.000      | 0.020      |             | 0.054  | 0.773r          |
| _155072_ (net)                                                                                | 2      |             |            |            | 0.000       |        |                 |
| _238884_:A2 (NOR3_X2)                                                                         |        | 0.003       | 0.000      | 0.020      |             | 0.000  | 0.773r          |
| _238884_:ZN (NOR3_X2)                                                                         |        | 0.003       | 0.000      | 0.010      |             | 0.013  | 0.786f          |
| _155074_ (net)                                                                                | 1      |             |            |            | 0.000       |        |                 |
| _238885_:A1 (NOR2_X2)                                                                         |        | 0.003       | 0.000      | 0.010      |             | 0.000  | 0.786f          |
| _238885_:ZN (NOR2_X2)                                                                         |        | 0.004       | 0.000      | 0.017      |             | 0.025  | 0.811r          |
| _155075_ (net)                                                                                | 2      |             |            |            | 0.000       |        |                 |
| _238886_:A (INV_X1)                                                                           |        | 0.002       | 0.000      | 0.017      |             | 0.000  | 0.811r          |
| _238886_:ZN (INV_X1)                                                                          |        | 0.002       | 0.000      | 0.006      |             | 0.010  | 0.821f          |
| _155076_ (net)                                                                                | 1      |             |            |            | 0.000       |        |                 |
| _238892_:A1 (AND2_X2)                                                                         |        | 0.002       | 0.000      | 0.006      |             | 0.000  | 0.821f          |
| _238892_:ZN (AND2_X2)                                                                         |        | 0.004       | 0.000      | 0.007      |             | 0.027  | 0.849f          |
| _155082_ (net)                                                                                | 2      |             |            |            | 0.000       |        |                 |
| _238894_:B1 (OAI21_X2)                                                                        |        | 0.003       | 0.000      | 0.007      |             | 0.000  | 0.849f          |
| _238894_:ZN (OAI21_X2)                                                                        |        | 0.003       | 0.000      | 0.020      |             | 0.027  | 0.876r          |
| _155084_ (net)                                                                                | 1      |             |            |            | 0.000       |        |                 |
| _238895_:A (INV_X2)                                                                           |        | 0.003       | 0.000      | 0.020      |             | 0.000  | 0.876r          |
| _238895_:ZN (INV_X2)                                                                          |        | 0.003       | 0.000      | 0.006      |             | 0.009  | 0.885f          |
| _155085_ (net)                                                                                | 2      |             |            |            | 0.000       |        |                 |
| _238897_:B1 (OAI21_X1)                                                                        |        | 0.002       | 0.000      | 0.006      |             | 0.000  | 0.885f          |
| _238897_:ZN (OAI21_X1)                                                                        |        | 0.002       | 0.000      | 0.020      |             | 0.027  | 0.912r          |
| _155087_ (net)                                                                                | 1      |             |            |            | 0.000       |        |                 |
| _238899_:A1 (NAND2_X1)                                                                        |        | 0.002       | 0.000      | 0.020      |             | 0.000  | 0.912r          |
| _238899_:ZN (NAND2_X1)                                                                        |        | 0.004       | 0.000      | 0.012      |             | 0.021  | 0.934f          |
| _155089_ (net)                                                                                | 2      |             |            |            | 0.000       |        |                 |
| _238911_:A1 (NAND2_X1)                                                                        |        | 0.002       | 0.000      | 0.012      |             | 0.000  | 0.934f          |
| _238911_:ZN (NAND2_X1)                                                                        |        | 0.003       | 0.000      | 0.015      |             | 0.022  | 0.955r          |
| _155101_ (net)                                                                                | 1      |             |            |            | 0.000       |        |                 |
| _238913_:A1 (NAND2_X2)                                                                        |        | 0.003       | 0.000      | 0.015      |             | 0.000  | 0.955r          |
| _238913_:ZN (NAND2_X2)                                                                        |        | 0.005       | 0.000      | 0.010      |             | 0.018  | 0.973f          |
| _155103_ (net)                                                                                | 2      |             |            |            | 0.000       |        |                 |
| _238919_:A1 (NAND2_X2)                                                                        |        | 0.003       | 0.000      | 0.010      |             | 0.000  | 0.973f          |
| _238919_:ZN (NAND2_X2)                                                                        |        | 0.003       | 0.000      | 0.011      |             | 0.016  | 0.989r          |
| _155109_ (net)                                                                                | 1      |             |            |            | 0.000       |        |                 |
| _238921_:A1 (NAND2_X2)                                                                        |        | 0.003       | 0.000      | 0.011      |             | 0.000  | 0.989r          |
| _238921_:ZN (NAND2_X2)                                                                        |        | 0.004       | 0.000      | 0.008      |             | 0.014  | 1.002f          |
| _155111_ (net)                                                                                | 2      |             |            |            | 0.000       |        |                 |
| _238930_:A (XOR2_X1)                                                                          |        | 0.002       | 0.000      | 0.008      |             | 0.000  | 1.002f          |
| _238930_:Z (XOR2_X1)                                                                          |        | 0.001       | 0.000      | 0.012      |             | 0.050  | 1.052f          |
| u_systolic_array.pe_row[12].pe_col[15].u_pe_inst.mul_output_data[14] (net)                    | 1      |             |            |            | 0.000       |        |                 |
| u_systolic_array.pe_row[12].pe_col[15].u_pe_inst.mul_result_reg_$_DFFE_PN0P__Q_1:D (DFFR_X1)  |        | 0.001       | 0.000      | 0.012      |             | 0.000  | 1.052f          |
|                                                                                               |        |             |            |            |             |        |                 |
| clk (port)                                                                                    |        | 1.779       | 0.000      | 0.000      |             | 0.000  | 0.000r          |
| clk (clock net)                                                                               | 1098   |             |            |            | NA          |        |                 |
| _375146_:CK (CLKGATE_X1)                                                                      |        | 0.002       | 0.000      | 0.000      |             | 0.000  | 0.000r          |
| _375146_:GCK (CLKGATE_X1)                                                                     |        | 8.353       | 0.000      | 0.000      |             | 0.000  | 0.000r          |
| _169347_ (clock net)                                                                          | 8553   |             |            |            | NA          |        |                 |
| u_systolic_array.pe_row[12].pe_col[15].u_pe_inst.mul_result_reg_$_DFFE_PN0P__Q_1:CK (DFFR_X1) |        | 0.001       | 0.000      | 0.000      |             | 0.000  | 0.000r          |
| clock clk (rise edge)                                                                         |        |             |            |            |             | 10     | 10              |
| clock network delay (ideal)                                                                   |        |             |            |            |             | 0.000  | 10.000          |
| u_systolic_array.pe_row[12].pe_col[15].u_pe_inst.mul_result_reg_$_DFFE_PN0P__Q_1:CK (DFFR_X1) |        |             |            |            |             |        | 10.000r         |
| library setup time                                                                            |        |             |            |            |             | -0.042 | 9.958           |
| clock reconvergence pessimism                                                                 |        |             |            |            |             | 0.000  | 9.958           |
|                                                                                               |        |             |            |            |             |        |                 |
| path cell delay                                                                               |        |             |            |            |             |        | 1.052(100.000%) |
| path net delay                                                                                |        |             |            |            |             |        | 0.000(0.000%)   |
|                                                                                               |        |             |            |            |             |        |                 |
| data require time                                                                             |        |             |            |            |             |        | 9.958           |
| data arrival time                                                                             |        |             |            |            |             |        | 1.052           |
| slack (MET)                                                                                   |        |             |            |            |             |        | 8.906           |
+-----------------------------------------------------------------------------------------------+--------+-------------+------------+------------+-------------+--------+-----------------+
+---------------------------------------------------------------------------------------------+--------+-------------+------------+------------+-------------+--------+-----------------+
| Point                                                                                       | Fanout | Capacitance | Resistance | Transition | Delta Delay | Incr   | Path            |
+---------------------------------------------------------------------------------------------+--------+-------------+------------+------------+-------------+--------+-----------------+
| clk (port)                                                                                  |        | 1.779       | 0.000      | 0.000      |             | 0.000  | 0.000r          |
| clk (clock net)                                                                             | 1098   |             |            |            | NA          |        |                 |
| _375146_:CK (CLKGATE_X1)                                                                    |        | 0.002       | 0.000      | 0.000      |             | 0.000  | 0.000r          |
| _375146_:GCK (CLKGATE_X1)                                                                   |        | 8.353       | 0.000      | 0.000      |             | 0.000  | 0.000r          |
| _169347_ (clock net)                                                                        | 8553   |             |            |            | NA          |        |                 |
| u_systolic_array.pe_row[12].pe_col[15].u_pe_inst.b_reg_$_DFFE_PN0P__Q:CK (DFFR_X1)          |        | 0.001       | 0.000      | 0.000      |             | 0.000  | 0.000r          |
| clock clk (rise edge)                                                                       |        |             |            |            |             | 0      | 0               |
| clock network delay (ideal)                                                                 |        |             |            |            |             | 0.000  | 0.000           |
| u_systolic_array.pe_row[12].pe_col[15].u_pe_inst.b_reg_$_DFFE_PN0P__Q:CK (DFFR_X1)          |        | 0.001       | 0.000      | 0.000      |             | 0.000  | 0.000r          |
| u_systolic_array.pe_row[12].pe_col[15].u_pe_inst.b_reg_$_DFFE_PN0P__Q:Q (DFFR_X1)           |        | 0.044       | 0.000      | 0.104      |             | 0.199  | 0.199r          |
| u_systolic_array.b_data_wires[48][7] (net)                                                  | 15     |             |            |            | 0.000       |        |                 |
| _238688_:A2 (NAND2_X1)                                                                      |        | 0.002       | 0.000      | 0.104      |             | 0.000  | 0.199r          |
| _238688_:ZN (NAND2_X1)                                                                      |        | 0.002       | 0.000      | 0.021      |             | 0.027  | 0.226f          |
| _154878_ (net)                                                                              | 1      |             |            |            | 0.000       |        |                 |
| _238690_:A (XNOR2_X1)                                                                       |        | 0.002       | 0.000      | 0.021      |             | 0.000  | 0.226f          |
| _238690_:ZN (XNOR2_X1)                                                                      |        | 0.003       | 0.000      | 0.030      |             | 0.044  | 0.269r          |
| _154880_ (net)                                                                              | 2      |             |            |            | 0.000       |        |                 |
| _238723_:A (XOR2_X1)                                                                        |        | 0.002       | 0.000      | 0.030      |             | 0.000  | 0.269r          |
| _238723_:Z (XOR2_X1)                                                                        |        | 0.004       | 0.000      | 0.037      |             | 0.068  | 0.337r          |
| _154913_ (net)                                                                              | 2      |             |            |            | 0.000       |        |                 |
| _238724_:B (XOR2_X1)                                                                        |        | 0.002       | 0.000      | 0.037      |             | 0.000  | 0.337r          |
| _238724_:Z (XOR2_X1)                                                                        |        | 0.004       | 0.000      | 0.032      |             | 0.063  | 0.400r          |
| _154914_ (net)                                                                              | 2      |             |            |            | 0.000       |        |                 |
| _238749_:A (XOR2_X1)                                                                        |        | 0.002       | 0.000      | 0.032      |             | 0.000  | 0.400r          |
| _238749_:Z (XOR2_X1)                                                                        |        | 0.004       | 0.000      | 0.032      |             | 0.063  | 0.463r          |
| _154939_ (net)                                                                              | 2      |             |            |            | 0.000       |        |                 |
| _238765_:A (XOR2_X1)                                                                        |        | 0.002       | 0.000      | 0.032      |             | 0.000  | 0.463r          |
| _238765_:Z (XOR2_X1)                                                                        |        | 0.004       | 0.000      | 0.032      |             | 0.063  | 0.526r          |
| _154955_ (net)                                                                              | 2      |             |            |            | 0.000       |        |                 |
| _238870_:A (XOR2_X1)                                                                        |        | 0.002       | 0.000      | 0.032      |             | 0.000  | 0.526r          |
| _238870_:Z (XOR2_X1)                                                                        |        | 0.004       | 0.000      | 0.032      |             | 0.063  | 0.589r          |
| _155060_ (net)                                                                              | 2      |             |            |            | 0.000       |        |                 |
| _238874_:A (XOR2_X1)                                                                        |        | 0.002       | 0.000      | 0.032      |             | 0.000  | 0.589r          |
| _238874_:Z (XOR2_X1)                                                                        |        | 0.004       | 0.000      | 0.032      |             | 0.063  | 0.652r          |
| _155064_ (net)                                                                              | 2      |             |            |            | 0.000       |        |                 |
| _238878_:A (XOR2_X1)                                                                        |        | 0.002       | 0.000      | 0.032      |             | 0.000  | 0.652r          |
| _238878_:Z (XOR2_X1)                                                                        |        | 0.005       | 0.000      | 0.037      |             | 0.068  | 0.720r          |
| _155068_ (net)                                                                              | 3      |             |            |            | 0.000       |        |                 |
| _238882_:A1 (AND2_X1)                                                                       |        | 0.001       | 0.000      | 0.037      |             | 0.000  | 0.720r          |
| _238882_:ZN (AND2_X1)                                                                       |        | 0.007       | 0.000      | 0.020      |             | 0.054  | 0.773r          |
| _155072_ (net)                                                                              | 2      |             |            |            | 0.000       |        |                 |
| _238884_:A2 (NOR3_X2)                                                                       |        | 0.003       | 0.000      | 0.020      |             | 0.000  | 0.773r          |
| _238884_:ZN (NOR3_X2)                                                                       |        | 0.003       | 0.000      | 0.010      |             | 0.013  | 0.786f          |
| _155074_ (net)                                                                              | 1      |             |            |            | 0.000       |        |                 |
| _238885_:A1 (NOR2_X2)                                                                       |        | 0.003       | 0.000      | 0.010      |             | 0.000  | 0.786f          |
| _238885_:ZN (NOR2_X2)                                                                       |        | 0.004       | 0.000      | 0.017      |             | 0.025  | 0.811r          |
| _155075_ (net)                                                                              | 2      |             |            |            | 0.000       |        |                 |
| _238886_:A (INV_X1)                                                                         |        | 0.002       | 0.000      | 0.017      |             | 0.000  | 0.811r          |
| _238886_:ZN (INV_X1)                                                                        |        | 0.002       | 0.000      | 0.006      |             | 0.010  | 0.821f          |
| _155076_ (net)                                                                              | 1      |             |            |            | 0.000       |        |                 |
| _238892_:A1 (AND2_X2)                                                                       |        | 0.002       | 0.000      | 0.006      |             | 0.000  | 0.821f          |
| _238892_:ZN (AND2_X2)                                                                       |        | 0.004       | 0.000      | 0.007      |             | 0.027  | 0.849f          |
| _155082_ (net)                                                                              | 2      |             |            |            | 0.000       |        |                 |
| _238894_:B1 (OAI21_X2)                                                                      |        | 0.003       | 0.000      | 0.007      |             | 0.000  | 0.849f          |
| _238894_:ZN (OAI21_X2)                                                                      |        | 0.003       | 0.000      | 0.020      |             | 0.027  | 0.876r          |
| _155084_ (net)                                                                              | 1      |             |            |            | 0.000       |        |                 |
| _238895_:A (INV_X2)                                                                         |        | 0.003       | 0.000      | 0.020      |             | 0.000  | 0.876r          |
| _238895_:ZN (INV_X2)                                                                        |        | 0.003       | 0.000      | 0.006      |             | 0.009  | 0.885f          |
| _155085_ (net)                                                                              | 2      |             |            |            | 0.000       |        |                 |
| _238897_:B1 (OAI21_X1)                                                                      |        | 0.002       | 0.000      | 0.006      |             | 0.000  | 0.885f          |
| _238897_:ZN (OAI21_X1)                                                                      |        | 0.002       | 0.000      | 0.020      |             | 0.027  | 0.912r          |
| _155087_ (net)                                                                              | 1      |             |            |            | 0.000       |        |                 |
| _238899_:A1 (NAND2_X1)                                                                      |        | 0.002       | 0.000      | 0.020      |             | 0.000  | 0.912r          |
| _238899_:ZN (NAND2_X1)                                                                      |        | 0.004       | 0.000      | 0.012      |             | 0.021  | 0.934f          |
| _155089_ (net)                                                                              | 2      |             |            |            | 0.000       |        |                 |
| _238911_:A1 (NAND2_X1)                                                                      |        | 0.002       | 0.000      | 0.012      |             | 0.000  | 0.934f          |
| _238911_:ZN (NAND2_X1)                                                                      |        | 0.003       | 0.000      | 0.015      |             | 0.022  | 0.955r          |
| _155101_ (net)                                                                              | 1      |             |            |            | 0.000       |        |                 |
| _238913_:A1 (NAND2_X2)                                                                      |        | 0.003       | 0.000      | 0.015      |             | 0.000  | 0.955r          |
| _238913_:ZN (NAND2_X2)                                                                      |        | 0.005       | 0.000      | 0.010      |             | 0.018  | 0.973f          |
| _155103_ (net)                                                                              | 2      |             |            |            | 0.000       |        |                 |
| _238919_:A1 (NAND2_X2)                                                                      |        | 0.003       | 0.000      | 0.010      |             | 0.000  | 0.973f          |
| _238919_:ZN (NAND2_X2)                                                                      |        | 0.003       | 0.000      | 0.011      |             | 0.016  | 0.989r          |
| _155109_ (net)                                                                              | 1      |             |            |            | 0.000       |        |                 |
| _238921_:A1 (NAND2_X2)                                                                      |        | 0.003       | 0.000      | 0.011      |             | 0.000  | 0.989r          |
| _238921_:ZN (NAND2_X2)                                                                      |        | 0.004       | 0.000      | 0.008      |             | 0.014  | 1.002f          |
| _155111_ (net)                                                                              | 2      |             |            |            | 0.000       |        |                 |
| _238923_:C1 (AOI211_X1)                                                                     |        | 0.002       | 0.000      | 0.008      |             | 0.000  | 1.002f          |
| _238923_:ZN (AOI211_X1)                                                                     |        | 0.001       | 0.000      | 0.039      |             | 0.040  | 1.042r          |
| u_systolic_array.pe_row[12].pe_col[15].u_pe_inst.mul_output_data[15] (net)                  | 1      |             |            |            | 0.000       |        |                 |
| u_systolic_array.pe_row[12].pe_col[15].u_pe_inst.mul_result_reg_$_DFFE_PN0P__Q:D (DFFR_X1)  |        | 0.001       | 0.000      | 0.039      |             | 0.000  | 1.042r          |
|                                                                                             |        |             |            |            |             |        |                 |
| clk (port)                                                                                  |        | 1.779       | 0.000      | 0.000      |             | 0.000  | 0.000r          |
| clk (clock net)                                                                             | 1098   |             |            |            | NA          |        |                 |
| _375146_:CK (CLKGATE_X1)                                                                    |        | 0.002       | 0.000      | 0.000      |             | 0.000  | 0.000r          |
| _375146_:GCK (CLKGATE_X1)                                                                   |        | 8.353       | 0.000      | 0.000      |             | 0.000  | 0.000r          |
| _169347_ (clock net)                                                                        | 8553   |             |            |            | NA          |        |                 |
| u_systolic_array.pe_row[12].pe_col[15].u_pe_inst.mul_result_reg_$_DFFE_PN0P__Q:CK (DFFR_X1) |        | 0.001       | 0.000      | 0.000      |             | 0.000  | 0.000r          |
| clock clk (rise edge)                                                                       |        |             |            |            |             | 10     | 10              |
| clock network delay (ideal)                                                                 |        |             |            |            |             | 0.000  | 10.000          |
| u_systolic_array.pe_row[12].pe_col[15].u_pe_inst.mul_result_reg_$_DFFE_PN0P__Q:CK (DFFR_X1) |        |             |            |            |             |        | 10.000r         |
| library setup time                                                                          |        |             |            |            |             | -0.041 | 9.959           |
| clock reconvergence pessimism                                                               |        |             |            |            |             | 0.000  | 9.959           |
|                                                                                             |        |             |            |            |             |        |                 |
| path cell delay                                                                             |        |             |            |            |             |        | 1.042(100.000%) |
| path net delay                                                                              |        |             |            |            |             |        | 0.000(0.000%)   |
|                                                                                             |        |             |            |            |             |        |                 |
| data require time                                                                           |        |             |            |            |             |        | 9.959           |
| data arrival time                                                                           |        |             |            |            |             |        | 1.042           |
| slack (MET)                                                                                 |        |             |            |            |             |        | 8.917           |
+---------------------------------------------------------------------------------------------+--------+-------------+------------+------------+-------------+--------+-----------------+
+---------------------------------------------------------------------------------------------+--------+-------------+------------+------------+-------------+--------+-----------------+
| Point                                                                                       | Fanout | Capacitance | Resistance | Transition | Delta Delay | Incr   | Path            |
+---------------------------------------------------------------------------------------------+--------+-------------+------------+------------+-------------+--------+-----------------+
| clk (port)                                                                                  |        | 1.779       | 0.000      | 0.000      |             | 0.000  | 0.000r          |
| clk (clock net)                                                                             | 1098   |             |            |            | NA          |        |                 |
| _375146_:CK (CLKGATE_X1)                                                                    |        | 0.002       | 0.000      | 0.000      |             | 0.000  | 0.000r          |
| _375146_:GCK (CLKGATE_X1)                                                                   |        | 8.353       | 0.000      | 0.000      |             | 0.000  | 0.000r          |
| _169347_ (clock net)                                                                        | 8553   |             |            |            | NA          |        |                 |
| u_systolic_array.pe_row[12].pe_col[15].u_pe_inst.b_reg_$_DFFE_PN0P__Q:CK (DFFR_X1)          |        | 0.001       | 0.000      | 0.000      |             | 0.000  | 0.000r          |
| clock clk (rise edge)                                                                       |        |             |            |            |             | 0      | 0               |
| clock network delay (ideal)                                                                 |        |             |            |            |             | 0.000  | 0.000           |
| u_systolic_array.pe_row[12].pe_col[15].u_pe_inst.b_reg_$_DFFE_PN0P__Q:CK (DFFR_X1)          |        | 0.001       | 0.000      | 0.000      |             | 0.000  | 0.000r          |
| u_systolic_array.pe_row[12].pe_col[15].u_pe_inst.b_reg_$_DFFE_PN0P__Q:Q (DFFR_X1)           |        | 0.044       | 0.000      | 0.104      |             | 0.199  | 0.199r          |
| u_systolic_array.b_data_wires[48][7] (net)                                                  | 15     |             |            |            | 0.000       |        |                 |
| _238688_:A2 (NAND2_X1)                                                                      |        | 0.002       | 0.000      | 0.104      |             | 0.000  | 0.199r          |
| _238688_:ZN (NAND2_X1)                                                                      |        | 0.002       | 0.000      | 0.021      |             | 0.027  | 0.226f          |
| _154878_ (net)                                                                              | 1      |             |            |            | 0.000       |        |                 |
| _238690_:A (XNOR2_X1)                                                                       |        | 0.002       | 0.000      | 0.021      |             | 0.000  | 0.226f          |
| _238690_:ZN (XNOR2_X1)                                                                      |        | 0.003       | 0.000      | 0.030      |             | 0.044  | 0.269r          |
| _154880_ (net)                                                                              | 2      |             |            |            | 0.000       |        |                 |
| _238723_:A (XOR2_X1)                                                                        |        | 0.002       | 0.000      | 0.030      |             | 0.000  | 0.269r          |
| _238723_:Z (XOR2_X1)                                                                        |        | 0.004       | 0.000      | 0.037      |             | 0.068  | 0.337r          |
| _154913_ (net)                                                                              | 2      |             |            |            | 0.000       |        |                 |
| _238724_:B (XOR2_X1)                                                                        |        | 0.002       | 0.000      | 0.037      |             | 0.000  | 0.337r          |
| _238724_:Z (XOR2_X1)                                                                        |        | 0.004       | 0.000      | 0.032      |             | 0.063  | 0.400r          |
| _154914_ (net)                                                                              | 2      |             |            |            | 0.000       |        |                 |
| _238749_:A (XOR2_X1)                                                                        |        | 0.002       | 0.000      | 0.032      |             | 0.000  | 0.400r          |
| _238749_:Z (XOR2_X1)                                                                        |        | 0.004       | 0.000      | 0.032      |             | 0.063  | 0.463r          |
| _154939_ (net)                                                                              | 2      |             |            |            | 0.000       |        |                 |
| _238765_:A (XOR2_X1)                                                                        |        | 0.002       | 0.000      | 0.032      |             | 0.000  | 0.463r          |
| _238765_:Z (XOR2_X1)                                                                        |        | 0.004       | 0.000      | 0.032      |             | 0.063  | 0.526r          |
| _154955_ (net)                                                                              | 2      |             |            |            | 0.000       |        |                 |
| _238870_:A (XOR2_X1)                                                                        |        | 0.002       | 0.000      | 0.032      |             | 0.000  | 0.526r          |
| _238870_:Z (XOR2_X1)                                                                        |        | 0.004       | 0.000      | 0.032      |             | 0.063  | 0.589r          |
| _155060_ (net)                                                                              | 2      |             |            |            | 0.000       |        |                 |
| _238874_:A (XOR2_X1)                                                                        |        | 0.002       | 0.000      | 0.032      |             | 0.000  | 0.589r          |
| _238874_:Z (XOR2_X1)                                                                        |        | 0.004       | 0.000      | 0.032      |             | 0.063  | 0.652r          |
| _155064_ (net)                                                                              | 2      |             |            |            | 0.000       |        |                 |
| _238878_:A (XOR2_X1)                                                                        |        | 0.002       | 0.000      | 0.032      |             | 0.000  | 0.652r          |
| _238878_:Z (XOR2_X1)                                                                        |        | 0.005       | 0.000      | 0.037      |             | 0.068  | 0.720r          |
| _155068_ (net)                                                                              | 3      |             |            |            | 0.000       |        |                 |
| _238882_:A1 (AND2_X1)                                                                       |        | 0.001       | 0.000      | 0.037      |             | 0.000  | 0.720r          |
| _238882_:ZN (AND2_X1)                                                                       |        | 0.007       | 0.000      | 0.020      |             | 0.054  | 0.773r          |
| _155072_ (net)                                                                              | 2      |             |            |            | 0.000       |        |                 |
| _238884_:A2 (NOR3_X2)                                                                       |        | 0.003       | 0.000      | 0.020      |             | 0.000  | 0.773r          |
| _238884_:ZN (NOR3_X2)                                                                       |        | 0.003       | 0.000      | 0.010      |             | 0.013  | 0.786f          |
| _155074_ (net)                                                                              | 1      |             |            |            | 0.000       |        |                 |
| _238885_:A1 (NOR2_X2)                                                                       |        | 0.003       | 0.000      | 0.010      |             | 0.000  | 0.786f          |
| _238885_:ZN (NOR2_X2)                                                                       |        | 0.004       | 0.000      | 0.017      |             | 0.025  | 0.811r          |
| _155075_ (net)                                                                              | 2      |             |            |            | 0.000       |        |                 |
| _238886_:A (INV_X1)                                                                         |        | 0.002       | 0.000      | 0.017      |             | 0.000  | 0.811r          |
| _238886_:ZN (INV_X1)                                                                        |        | 0.002       | 0.000      | 0.006      |             | 0.010  | 0.821f          |
| _155076_ (net)                                                                              | 1      |             |            |            | 0.000       |        |                 |
| _238892_:A1 (AND2_X2)                                                                       |        | 0.002       | 0.000      | 0.006      |             | 0.000  | 0.821f          |
| _238892_:ZN (AND2_X2)                                                                       |        | 0.004       | 0.000      | 0.007      |             | 0.027  | 0.849f          |
| _155082_ (net)                                                                              | 2      |             |            |            | 0.000       |        |                 |
| _238894_:B1 (OAI21_X2)                                                                      |        | 0.003       | 0.000      | 0.007      |             | 0.000  | 0.849f          |
| _238894_:ZN (OAI21_X2)                                                                      |        | 0.003       | 0.000      | 0.020      |             | 0.027  | 0.876r          |
| _155084_ (net)                                                                              | 1      |             |            |            | 0.000       |        |                 |
| _238895_:A (INV_X2)                                                                         |        | 0.003       | 0.000      | 0.020      |             | 0.000  | 0.876r          |
| _238895_:ZN (INV_X2)                                                                        |        | 0.003       | 0.000      | 0.006      |             | 0.009  | 0.885f          |
| _155085_ (net)                                                                              | 2      |             |            |            | 0.000       |        |                 |
| _238897_:B1 (OAI21_X1)                                                                      |        | 0.002       | 0.000      | 0.006      |             | 0.000  | 0.885f          |
| _238897_:ZN (OAI21_X1)                                                                      |        | 0.002       | 0.000      | 0.020      |             | 0.027  | 0.912r          |
| _155087_ (net)                                                                              | 1      |             |            |            | 0.000       |        |                 |
| _238899_:A1 (NAND2_X1)                                                                      |        | 0.002       | 0.000      | 0.020      |             | 0.000  | 0.912r          |
| _238899_:ZN (NAND2_X1)                                                                      |        | 0.004       | 0.000      | 0.012      |             | 0.021  | 0.934f          |
| _155089_ (net)                                                                              | 2      |             |            |            | 0.000       |        |                 |
| _238911_:A1 (NAND2_X1)                                                                      |        | 0.002       | 0.000      | 0.012      |             | 0.000  | 0.934f          |
| _238911_:ZN (NAND2_X1)                                                                      |        | 0.003       | 0.000      | 0.015      |             | 0.022  | 0.955r          |
| _155101_ (net)                                                                              | 1      |             |            |            | 0.000       |        |                 |
| _238913_:A1 (NAND2_X2)                                                                      |        | 0.003       | 0.000      | 0.015      |             | 0.000  | 0.955r          |
| _238913_:ZN (NAND2_X2)                                                                      |        | 0.005       | 0.000      | 0.010      |             | 0.018  | 0.973f          |
| _155103_ (net)                                                                              | 2      |             |            |            | 0.000       |        |                 |
| _238919_:A1 (NAND2_X2)                                                                      |        | 0.003       | 0.000      | 0.010      |             | 0.000  | 0.973f          |
| _238919_:ZN (NAND2_X2)                                                                      |        | 0.003       | 0.000      | 0.011      |             | 0.016  | 0.989r          |
| _155109_ (net)                                                                              | 1      |             |            |            | 0.000       |        |                 |
| _238921_:A1 (NAND2_X2)                                                                      |        | 0.003       | 0.000      | 0.011      |             | 0.000  | 0.989r          |
| _238921_:ZN (NAND2_X2)                                                                      |        | 0.004       | 0.000      | 0.008      |             | 0.014  | 1.002f          |
| _155111_ (net)                                                                              | 2      |             |            |            | 0.000       |        |                 |
| _238923_:C1 (AOI211_X1)                                                                     |        | 0.002       | 0.000      | 0.008      |             | 0.000  | 1.002f          |
| _238923_:ZN (AOI211_X1)                                                                     |        | 0.001       | 0.000      | 0.039      |             | 0.040  | 1.042r          |
| u_systolic_array.pe_row[12].pe_col[15].u_pe_inst.mul_output_data[15] (net)                  | 1      |             |            |            | 0.000       |        |                 |
| u_systolic_array.pe_row[12].pe_col[15].u_pe_inst.mul_result_reg_$_DFFE_PN0P__Q:D (DFFR_X1)  |        | 0.001       | 0.000      | 0.039      |             | 0.000  | 1.042r          |
|                                                                                             |        |             |            |            |             |        |                 |
| clk (port)                                                                                  |        | 1.779       | 0.000      | 0.000      |             | 0.000  | 0.000r          |
| clk (clock net)                                                                             | 1098   |             |            |            | NA          |        |                 |
| _375146_:CK (CLKGATE_X1)                                                                    |        | 0.002       | 0.000      | 0.000      |             | 0.000  | 0.000r          |
| _375146_:GCK (CLKGATE_X1)                                                                   |        | 8.353       | 0.000      | 0.000      |             | 0.000  | 0.000r          |
| _169347_ (clock net)                                                                        | 8553   |             |            |            | NA          |        |                 |
| u_systolic_array.pe_row[12].pe_col[15].u_pe_inst.mul_result_reg_$_DFFE_PN0P__Q:CK (DFFR_X1) |        | 0.001       | 0.000      | 0.000      |             | 0.000  | 0.000r          |
| clock clk (rise edge)                                                                       |        |             |            |            |             | 10     | 10              |
| clock network delay (ideal)                                                                 |        |             |            |            |             | 0.000  | 10.000          |
| u_systolic_array.pe_row[12].pe_col[15].u_pe_inst.mul_result_reg_$_DFFE_PN0P__Q:CK (DFFR_X1) |        |             |            |            |             |        | 10.000r         |
| library setup time                                                                          |        |             |            |            |             | -0.041 | 9.959           |
| clock reconvergence pessimism                                                               |        |             |            |            |             | 0.000  | 9.959           |
|                                                                                             |        |             |            |            |             |        |                 |
| path cell delay                                                                             |        |             |            |            |             |        | 1.042(100.000%) |
| path net delay                                                                              |        |             |            |            |             |        | 0.000(0.000%)   |
|                                                                                             |        |             |            |            |             |        |                 |
| data require time                                                                           |        |             |            |            |             |        | 9.959           |
| data arrival time                                                                           |        |             |            |            |             |        | 1.042           |
| slack (MET)                                                                                 |        |             |            |            |             |        | 8.917           |
+---------------------------------------------------------------------------------------------+--------+-------------+------------+------------+-------------+--------+-----------------+
+----------------------------------------------------------------------------------------------+--------+-------------+------------+------------+-------------+--------+-----------------+
| Point                                                                                        | Fanout | Capacitance | Resistance | Transition | Delta Delay | Incr   | Path            |
+----------------------------------------------------------------------------------------------+--------+-------------+------------+------------+-------------+--------+-----------------+
| clk (port)                                                                                   |        | 1.779       | 0.000      | 0.000      |             | 0.000  | 0.000r          |
| clk (clock net)                                                                              | 1098   |             |            |            | NA          |        |                 |
| _375146_:CK (CLKGATE_X1)                                                                     |        | 0.002       | 0.000      | 0.000      |             | 0.000  | 0.000r          |
| _375146_:GCK (CLKGATE_X1)                                                                    |        | 8.353       | 0.000      | 0.000      |             | 0.000  | 0.000r          |
| _169347_ (clock net)                                                                         | 8553   |             |            |            | NA          |        |                 |
| u_systolic_array.pe_row[12].pe_col[6].u_pe_inst.b_reg_$_DFFE_PN0P__Q:CK (DFFR_X1)            |        | 0.001       | 0.000      | 0.000      |             | 0.000  | 0.000r          |
| clock clk (rise edge)                                                                        |        |             |            |            |             | 0      | 0               |
| clock network delay (ideal)                                                                  |        |             |            |            |             | 0.000  | 0.000           |
| u_systolic_array.pe_row[12].pe_col[6].u_pe_inst.b_reg_$_DFFE_PN0P__Q:CK (DFFR_X1)            |        | 0.001       | 0.000      | 0.000      |             | 0.000  | 0.000r          |
| u_systolic_array.pe_row[12].pe_col[6].u_pe_inst.b_reg_$_DFFE_PN0P__Q:Q (DFFR_X1)             |        | 0.044       | 0.000      | 0.104      |             | 0.199  | 0.199r          |
| u_systolic_array.b_data_wires[57][7] (net)                                                   | 15     |             |            |            | 0.000       |        |                 |
| _242653_:A2 (NAND2_X1)                                                                       |        | 0.002       | 0.000      | 0.104      |             | 0.000  | 0.199r          |
| _242653_:ZN (NAND2_X1)                                                                       |        | 0.004       | 0.000      | 0.022      |             | 0.031  | 0.230f          |
| _158490_ (net)                                                                               | 1      |             |            |            | 0.000       |        |                 |
| _242655_:A (XNOR2_X2)                                                                        |        | 0.004       | 0.000      | 0.022      |             | 0.000  | 0.230f          |
| _242655_:ZN (XNOR2_X2)                                                                       |        | 0.003       | 0.000      | 0.021      |             | 0.034  | 0.264r          |
| _158492_ (net)                                                                               | 2      |             |            |            | 0.000       |        |                 |
| _242688_:A (XOR2_X1)                                                                         |        | 0.002       | 0.000      | 0.021      |             | 0.000  | 0.264r          |
| _242688_:Z (XOR2_X1)                                                                         |        | 0.004       | 0.000      | 0.037      |             | 0.066  | 0.330r          |
| _158525_ (net)                                                                               | 2      |             |            |            | 0.000       |        |                 |
| _242689_:B (XOR2_X1)                                                                         |        | 0.002       | 0.000      | 0.037      |             | 0.000  | 0.330r          |
| _242689_:Z (XOR2_X1)                                                                         |        | 0.004       | 0.000      | 0.032      |             | 0.063  | 0.393r          |
| _158526_ (net)                                                                               | 2      |             |            |            | 0.000       |        |                 |
| _242714_:A (XOR2_X1)                                                                         |        | 0.002       | 0.000      | 0.032      |             | 0.000  | 0.393r          |
| _242714_:Z (XOR2_X1)                                                                         |        | 0.004       | 0.000      | 0.032      |             | 0.063  | 0.456r          |
| _158551_ (net)                                                                               | 2      |             |            |            | 0.000       |        |                 |
| _242730_:A (XOR2_X1)                                                                         |        | 0.002       | 0.000      | 0.032      |             | 0.000  | 0.456r          |
| _242730_:Z (XOR2_X1)                                                                         |        | 0.004       | 0.000      | 0.032      |             | 0.063  | 0.519r          |
| _158567_ (net)                                                                               | 2      |             |            |            | 0.000       |        |                 |
| _242872_:A (XOR2_X1)                                                                         |        | 0.002       | 0.000      | 0.032      |             | 0.000  | 0.519r          |
| _242872_:Z (XOR2_X1)                                                                         |        | 0.004       | 0.000      | 0.032      |             | 0.063  | 0.582r          |
| _158709_ (net)                                                                               | 2      |             |            |            | 0.000       |        |                 |
| _242876_:A (XOR2_X1)                                                                         |        | 0.002       | 0.000      | 0.032      |             | 0.000  | 0.582r          |
| _242876_:Z (XOR2_X1)                                                                         |        | 0.004       | 0.000      | 0.032      |             | 0.063  | 0.645r          |
| _158713_ (net)                                                                               | 2      |             |            |            | 0.000       |        |                 |
| _242880_:A (XOR2_X1)                                                                         |        | 0.002       | 0.000      | 0.032      |             | 0.000  | 0.645r          |
| _242880_:Z (XOR2_X1)                                                                         |        | 0.006       | 0.000      | 0.042      |             | 0.073  | 0.718r          |
| _158717_ (net)                                                                               | 3      |             |            |            | 0.000       |        |                 |
| _242884_:A1 (AND2_X2)                                                                        |        | 0.002       | 0.000      | 0.042      |             | 0.000  | 0.718r          |
| _242884_:ZN (AND2_X2)                                                                        |        | 0.007       | 0.000      | 0.013      |             | 0.044  | 0.763r          |
| _158721_ (net)                                                                               | 2      |             |            |            | 0.000       |        |                 |
| _242886_:A2 (NOR3_X2)                                                                        |        | 0.003       | 0.000      | 0.013      |             | 0.000  | 0.763r          |
| _242886_:ZN (NOR3_X2)                                                                        |        | 0.003       | 0.000      | 0.010      |             | 0.011  | 0.774f          |
| _158723_ (net)                                                                               | 1      |             |            |            | 0.000       |        |                 |
| _242887_:A1 (NOR2_X2)                                                                        |        | 0.003       | 0.000      | 0.010      |             | 0.000  | 0.774f          |
| _242887_:ZN (NOR2_X2)                                                                        |        | 0.004       | 0.000      | 0.017      |             | 0.025  | 0.799r          |
| _158724_ (net)                                                                               | 2      |             |            |            | 0.000       |        |                 |
| _242888_:A (INV_X1)                                                                          |        | 0.002       | 0.000      | 0.017      |             | 0.000  | 0.799r          |
| _242888_:ZN (INV_X1)                                                                         |        | 0.002       | 0.000      | 0.006      |             | 0.010  | 0.809f          |
| _158725_ (net)                                                                               | 1      |             |            |            | 0.000       |        |                 |
| _242894_:A1 (AND2_X2)                                                                        |        | 0.002       | 0.000      | 0.006      |             | 0.000  | 0.809f          |
| _242894_:ZN (AND2_X2)                                                                        |        | 0.004       | 0.000      | 0.007      |             | 0.027  | 0.836f          |
| _158731_ (net)                                                                               | 2      |             |            |            | 0.000       |        |                 |
| _242896_:B1 (OAI21_X2)                                                                       |        | 0.003       | 0.000      | 0.007      |             | 0.000  | 0.836f          |
| _242896_:ZN (OAI21_X2)                                                                       |        | 0.003       | 0.000      | 0.020      |             | 0.027  | 0.864r          |
| _158733_ (net)                                                                               | 1      |             |            |            | 0.000       |        |                 |
| _242897_:A (INV_X2)                                                                          |        | 0.003       | 0.000      | 0.020      |             | 0.000  | 0.864r          |
| _242897_:ZN (INV_X2)                                                                         |        | 0.003       | 0.000      | 0.006      |             | 0.009  | 0.873f          |
| _158734_ (net)                                                                               | 2      |             |            |            | 0.000       |        |                 |
| _242899_:B1 (OAI21_X1)                                                                       |        | 0.002       | 0.000      | 0.006      |             | 0.000  | 0.873f          |
| _242899_:ZN (OAI21_X1)                                                                       |        | 0.002       | 0.000      | 0.020      |             | 0.027  | 0.900r          |
| _158736_ (net)                                                                               | 1      |             |            |            | 0.000       |        |                 |
| _242901_:A1 (NAND2_X1)                                                                       |        | 0.002       | 0.000      | 0.020      |             | 0.000  | 0.900r          |
| _242901_:ZN (NAND2_X1)                                                                       |        | 0.004       | 0.000      | 0.012      |             | 0.021  | 0.921f          |
| _158738_ (net)                                                                               | 2      |             |            |            | 0.000       |        |                 |
| _242913_:A1 (NAND2_X1)                                                                       |        | 0.002       | 0.000      | 0.012      |             | 0.000  | 0.921f          |
| _242913_:ZN (NAND2_X1)                                                                       |        | 0.003       | 0.000      | 0.015      |             | 0.022  | 0.943r          |
| _158750_ (net)                                                                               | 1      |             |            |            | 0.000       |        |                 |
| _242915_:A1 (NAND2_X2)                                                                       |        | 0.003       | 0.000      | 0.015      |             | 0.000  | 0.943r          |
| _242915_:ZN (NAND2_X2)                                                                       |        | 0.005       | 0.000      | 0.010      |             | 0.018  | 0.960f          |
| _158752_ (net)                                                                               | 2      |             |            |            | 0.000       |        |                 |
| _242921_:A1 (NAND2_X2)                                                                       |        | 0.003       | 0.000      | 0.010      |             | 0.000  | 0.960f          |
| _242921_:ZN (NAND2_X2)                                                                       |        | 0.003       | 0.000      | 0.011      |             | 0.016  | 0.976r          |
| _158758_ (net)                                                                               | 1      |             |            |            | 0.000       |        |                 |
| _242923_:A1 (NAND2_X2)                                                                       |        | 0.003       | 0.000      | 0.011      |             | 0.000  | 0.976r          |
| _242923_:ZN (NAND2_X2)                                                                       |        | 0.004       | 0.000      | 0.008      |             | 0.014  | 0.990f          |
| _158760_ (net)                                                                               | 2      |             |            |            | 0.000       |        |                 |
| _242926_:A (XOR2_X1)                                                                         |        | 0.002       | 0.000      | 0.008      |             | 0.000  | 0.990f          |
| _242926_:Z (XOR2_X1)                                                                         |        | 0.001       | 0.000      | 0.012      |             | 0.050  | 1.040f          |
| u_systolic_array.pe_row[12].pe_col[6].u_pe_inst.mul_output_data[14] (net)                    | 1      |             |            |            | 0.000       |        |                 |
| u_systolic_array.pe_row[12].pe_col[6].u_pe_inst.mul_result_reg_$_DFFE_PN0P__Q_1:D (DFFR_X1)  |        | 0.001       | 0.000      | 0.012      |             | 0.000  | 1.040f          |
|                                                                                              |        |             |            |            |             |        |                 |
| clk (port)                                                                                   |        | 1.779       | 0.000      | 0.000      |             | 0.000  | 0.000r          |
| clk (clock net)                                                                              | 1098   |             |            |            | NA          |        |                 |
| _375146_:CK (CLKGATE_X1)                                                                     |        | 0.002       | 0.000      | 0.000      |             | 0.000  | 0.000r          |
| _375146_:GCK (CLKGATE_X1)                                                                    |        | 8.353       | 0.000      | 0.000      |             | 0.000  | 0.000r          |
| _169347_ (clock net)                                                                         | 8553   |             |            |            | NA          |        |                 |
| u_systolic_array.pe_row[12].pe_col[6].u_pe_inst.mul_result_reg_$_DFFE_PN0P__Q_1:CK (DFFR_X1) |        | 0.001       | 0.000      | 0.000      |             | 0.000  | 0.000r          |
| clock clk (rise edge)                                                                        |        |             |            |            |             | 10     | 10              |
| clock network delay (ideal)                                                                  |        |             |            |            |             | 0.000  | 10.000          |
| u_systolic_array.pe_row[12].pe_col[6].u_pe_inst.mul_result_reg_$_DFFE_PN0P__Q_1:CK (DFFR_X1) |        |             |            |            |             |        | 10.000r         |
| library setup time                                                                           |        |             |            |            |             | -0.042 | 9.958           |
| clock reconvergence pessimism                                                                |        |             |            |            |             | 0.000  | 9.958           |
|                                                                                              |        |             |            |            |             |        |                 |
| path cell delay                                                                              |        |             |            |            |             |        | 1.040(100.000%) |
| path net delay                                                                               |        |             |            |            |             |        | 0.000(0.000%)   |
|                                                                                              |        |             |            |            |             |        |                 |
| data require time                                                                            |        |             |            |            |             |        | 9.958           |
| data arrival time                                                                            |        |             |            |            |             |        | 1.040           |
| slack (MET)                                                                                  |        |             |            |            |             |        | 8.918           |
+----------------------------------------------------------------------------------------------+--------+-------------+------------+------------+-------------+--------+-----------------+
+----------------------------------------------------------------------------------------------------------------------------------+--------+-------------+------------+------------+-------------+--------+-----------------+
| Point                                                                                                                            | Fanout | Capacitance | Resistance | Transition | Delta Delay | Incr   | Path            |
+----------------------------------------------------------------------------------------------------------------------------------+--------+-------------+------------+------------+-------------+--------+-----------------+
| clk (port)                                                                                                                       |        | 1.779       | 0.000      | 0.000      |             | 0.000  | 0.000r          |
| clk (clock net)                                                                                                                  | 1098   |             |            |            | NA          |        |                 |
| _375435_:CK (CLKGATE_X1)                                                                                                         |        | 0.002       | 0.000      | 0.000      |             | 0.000  | 0.000r          |
| _375435_:GCK (CLKGATE_X1)                                                                                                        |        | 0.001       | 0.000      | 0.000      |             | 0.000  | 0.000r          |
| _169636_ (clock net)                                                                                                             | 1      |             |            |            | NA          |        |                 |
| sa_activate_comp_reg_$_DFFE_PN0N__Q:CK (DFFR_X1)                                                                                 |        | 0.001       | 0.000      | 0.000      |             | 0.000  | 0.000r          |
| clock clk (rise edge)                                                                                                            |        |             |            |            |             | 0      | 0               |
| clock network delay (ideal)                                                                                                      |        |             |            |            |             | 0.000  | 0.000           |
| sa_activate_comp_reg_$_DFFE_PN0N__Q:CK (DFFR_X1)                                                                                 |        | 0.001       | 0.000      | 0.000      |             | 0.000  | 0.000r          |
| sa_activate_comp_reg_$_DFFE_PN0N__Q:Q (DFFR_X1)                                                                                  |        | 0.064       | 0.000      | 0.149      |             | 0.246  | 0.246r          |
| sa_activate_comp_reg (net)                                                                                                       | 27     |             |            |            | 0.000       |        |                 |
| fanout_buf_761:A (BUF_X8)                                                                                                        |        | 0.007       | 0.000      | 0.149      |             | 0.000  | 0.246r          |
| fanout_buf_761:Z (BUF_X8)                                                                                                        |        | 0.039       | 0.000      | 0.018      |             | 0.041  | 0.288r          |
| fanout_net_761 (net)                                                                                                             | 30     |             |            |            | 0.000       |        |                 |
| _200646_:A (INV_X2)                                                                                                              |        | 0.003       | 0.000      | 0.018      |             | 0.000  | 0.288r          |
| _200646_:ZN (INV_X2)                                                                                                             |        | 0.020       | 0.000      | 0.013      |             | 0.023  | 0.311f          |
| _120634_ (net)                                                                                                                   | 5      |             |            |            | 0.000       |        |                 |
| _200647_:A1 (NOR2_X2)                                                                                                            |        | 0.003       | 0.000      | 0.013      |             | 0.000  | 0.311f          |
| _200647_:ZN (NOR2_X2)                                                                                                            |        | 0.026       | 0.000      | 0.068      |             | 0.082  | 0.393r          |
| _120635_ (net)                                                                                                                   | 9      |             |            |            | 0.000       |        |                 |
| _202402_:A (INV_X1)                                                                                                              |        | 0.002       | 0.000      | 0.068      |             | 0.000  | 0.393r          |
| _202402_:ZN (INV_X1)                                                                                                             |        | 0.009       | 0.000      | 0.023      |             | 0.030  | 0.424f          |
| _121754_ (net)                                                                                                                   | 2      |             |            |            | 0.000       |        |                 |
| _202403_:A (BUF_X8)                                                                                                              |        | 0.007       | 0.000      | 0.023      |             | 0.000  | 0.424f          |
| _202403_:Z (BUF_X8)                                                                                                              |        | 0.033       | 0.000      | 0.008      |             | 0.036  | 0.460f          |
| _121755_ (net)                                                                                                                   | 10     |             |            |            | 0.000       |        |                 |
| _202404_:A (BUF_X8)                                                                                                              |        | 0.007       | 0.000      | 0.008      |             | 0.000  | 0.460f          |
| _202404_:Z (BUF_X8)                                                                                                              |        | 0.030       | 0.000      | 0.008      |             | 0.029  | 0.489f          |
| _121756_ (net)                                                                                                                   | 10     |             |            |            | 0.000       |        |                 |
| _215968_:A (BUF_X4)                                                                                                              |        | 0.003       | 0.000      | 0.008      |             | 0.000  | 0.489f          |
| _215968_:Z (BUF_X4)                                                                                                              |        | 0.016       | 0.000      | 0.008      |             | 0.028  | 0.517f          |
| _134144_ (net)                                                                                                                   | 10     |             |            |            | 0.000       |        |                 |
| _215969_:B2 (OAI21_X1)                                                                                                           |        | 0.002       | 0.000      | 0.008      |             | 0.000  | 0.517f          |
| _215969_:ZN (OAI21_X1)                                                                                                           |        | 0.003       | 0.000      | 0.029      |             | 0.043  | 0.560r          |
| _134145_ (net)                                                                                                                   | 2      |             |            |            | 0.000       |        |                 |
| _215972_:A1 (NOR2_X1)                                                                                                            |        | 0.002       | 0.000      | 0.029      |             | 0.000  | 0.560r          |
| _215972_:ZN (NOR2_X1)                                                                                                            |        | 0.001       | 0.000      | 0.008      |             | 0.009  | 0.569f          |
| u_systolic_array.pe_row[10].pe_col[13].u_pe_inst.pe_calculation_done_latch_$_OR__B_Y_$_ANDNOT__B_Y_$_OR__A_Y_$_ANDNOT__B_Y (net) | 1      |             |            |            | 0.000       |        |                 |
| _375104_:E (CLKGATE_X1)                                                                                                          |        | 0.001       | 0.000      | 0.008      |             | 0.000  | 0.569f          |
|                                                                                                                                  |        |             |            |            |             |        |                 |
| clk (port)                                                                                                                       |        | 1.779       | 0.000      | 0.000      |             | 0.000  | 0.000r          |
| clk (clock net)                                                                                                                  | 1098   |             |            |            | NA          |        |                 |
| _375104_:CK (CLKGATE_X1)                                                                                                         |        | 0.002       | 0.000      | 0.000      |             | 0.000  | 0.000r          |
| clock clk (rise edge)                                                                                                            |        |             |            |            |             | 10     | 10              |
| clock network delay (ideal)                                                                                                      |        |             |            |            |             | 0.000  | 10.000          |
| _375104_:CK (CLKGATE_X1)                                                                                                         |        |             |            |            |             |        | 10.000r         |
| library setup time                                                                                                               |        |             |            |            |             | -0.045 | 9.955           |
| clock reconvergence pessimism                                                                                                    |        |             |            |            |             | 0.000  | 9.955           |
|                                                                                                                                  |        |             |            |            |             |        |                 |
| path cell delay                                                                                                                  |        |             |            |            |             |        | 0.569(100.000%) |
| path net delay                                                                                                                   |        |             |            |            |             |        | 0.000(0.000%)   |
|                                                                                                                                  |        |             |            |            |             |        |                 |
| data require time                                                                                                                |        |             |            |            |             |        | 9.955           |
| data arrival time                                                                                                                |        |             |            |            |             |        | 0.569           |
| slack (MET)                                                                                                                      |        |             |            |            |             |        | 9.386           |
+----------------------------------------------------------------------------------------------------------------------------------+--------+-------------+------------+------------+-------------+--------+-----------------+
+----------------------------------------------------------------------------------------------------------------------------------+--------+-------------+------------+------------+-------------+--------+-----------------+
| Point                                                                                                                            | Fanout | Capacitance | Resistance | Transition | Delta Delay | Incr   | Path            |
+----------------------------------------------------------------------------------------------------------------------------------+--------+-------------+------------+------------+-------------+--------+-----------------+
| clk (port)                                                                                                                       |        | 1.779       | 0.000      | 0.000      |             | 0.000  | 0.000r          |
| clk (clock net)                                                                                                                  | 1098   |             |            |            | NA          |        |                 |
| _375435_:CK (CLKGATE_X1)                                                                                                         |        | 0.002       | 0.000      | 0.000      |             | 0.000  | 0.000r          |
| _375435_:GCK (CLKGATE_X1)                                                                                                        |        | 0.001       | 0.000      | 0.000      |             | 0.000  | 0.000r          |
| _169636_ (clock net)                                                                                                             | 1      |             |            |            | NA          |        |                 |
| sa_activate_comp_reg_$_DFFE_PN0N__Q:CK (DFFR_X1)                                                                                 |        | 0.001       | 0.000      | 0.000      |             | 0.000  | 0.000r          |
| clock clk (rise edge)                                                                                                            |        |             |            |            |             | 0      | 0               |
| clock network delay (ideal)                                                                                                      |        |             |            |            |             | 0.000  | 0.000           |
| sa_activate_comp_reg_$_DFFE_PN0N__Q:CK (DFFR_X1)                                                                                 |        | 0.001       | 0.000      | 0.000      |             | 0.000  | 0.000r          |
| sa_activate_comp_reg_$_DFFE_PN0N__Q:Q (DFFR_X1)                                                                                  |        | 0.064       | 0.000      | 0.149      |             | 0.246  | 0.246r          |
| sa_activate_comp_reg (net)                                                                                                       | 27     |             |            |            | 0.000       |        |                 |
| fanout_buf_761:A (BUF_X8)                                                                                                        |        | 0.007       | 0.000      | 0.149      |             | 0.000  | 0.246r          |
| fanout_buf_761:Z (BUF_X8)                                                                                                        |        | 0.039       | 0.000      | 0.018      |             | 0.041  | 0.288r          |
| fanout_net_761 (net)                                                                                                             | 30     |             |            |            | 0.000       |        |                 |
| _200646_:A (INV_X2)                                                                                                              |        | 0.003       | 0.000      | 0.018      |             | 0.000  | 0.288r          |
| _200646_:ZN (INV_X2)                                                                                                             |        | 0.020       | 0.000      | 0.013      |             | 0.023  | 0.311f          |
| _120634_ (net)                                                                                                                   | 5      |             |            |            | 0.000       |        |                 |
| _200647_:A1 (NOR2_X2)                                                                                                            |        | 0.003       | 0.000      | 0.013      |             | 0.000  | 0.311f          |
| _200647_:ZN (NOR2_X2)                                                                                                            |        | 0.026       | 0.000      | 0.068      |             | 0.082  | 0.393r          |
| _120635_ (net)                                                                                                                   | 9      |             |            |            | 0.000       |        |                 |
| _202402_:A (INV_X1)                                                                                                              |        | 0.002       | 0.000      | 0.068      |             | 0.000  | 0.393r          |
| _202402_:ZN (INV_X1)                                                                                                             |        | 0.009       | 0.000      | 0.023      |             | 0.030  | 0.424f          |
| _121754_ (net)                                                                                                                   | 2      |             |            |            | 0.000       |        |                 |
| _202403_:A (BUF_X8)                                                                                                              |        | 0.007       | 0.000      | 0.023      |             | 0.000  | 0.424f          |
| _202403_:Z (BUF_X8)                                                                                                              |        | 0.033       | 0.000      | 0.008      |             | 0.036  | 0.460f          |
| _121755_ (net)                                                                                                                   | 10     |             |            |            | 0.000       |        |                 |
| _202404_:A (BUF_X8)                                                                                                              |        | 0.007       | 0.000      | 0.008      |             | 0.000  | 0.460f          |
| _202404_:Z (BUF_X8)                                                                                                              |        | 0.030       | 0.000      | 0.008      |             | 0.029  | 0.489f          |
| _121756_ (net)                                                                                                                   | 10     |             |            |            | 0.000       |        |                 |
| _226158_:A (BUF_X4)                                                                                                              |        | 0.003       | 0.000      | 0.008      |             | 0.000  | 0.489f          |
| _226158_:Z (BUF_X4)                                                                                                              |        | 0.016       | 0.000      | 0.008      |             | 0.028  | 0.517f          |
| _143452_ (net)                                                                                                                   | 10     |             |            |            | 0.000       |        |                 |
| _226840_:B2 (OAI21_X1)                                                                                                           |        | 0.002       | 0.000      | 0.008      |             | 0.000  | 0.517f          |
| _226840_:ZN (OAI21_X1)                                                                                                           |        | 0.003       | 0.000      | 0.029      |             | 0.043  | 0.560r          |
| _144076_ (net)                                                                                                                   | 2      |             |            |            | 0.000       |        |                 |
| _226842_:A1 (NOR2_X1)                                                                                                            |        | 0.002       | 0.000      | 0.029      |             | 0.000  | 0.560r          |
| _226842_:ZN (NOR2_X1)                                                                                                            |        | 0.001       | 0.000      | 0.008      |             | 0.009  | 0.569f          |
| u_systolic_array.pe_row[11].pe_col[13].u_pe_inst.pe_calculation_done_latch_$_OR__B_Y_$_ANDNOT__B_Y_$_OR__B_Y_$_ANDNOT__B_Y (net) | 1      |             |            |            | 0.000       |        |                 |
| _375072_:E (CLKGATE_X1)                                                                                                          |        | 0.001       | 0.000      | 0.008      |             | 0.000  | 0.569f          |
|                                                                                                                                  |        |             |            |            |             |        |                 |
| clk (port)                                                                                                                       |        | 1.779       | 0.000      | 0.000      |             | 0.000  | 0.000r          |
| clk (clock net)                                                                                                                  | 1098   |             |            |            | NA          |        |                 |
| _375072_:CK (CLKGATE_X1)                                                                                                         |        | 0.002       | 0.000      | 0.000      |             | 0.000  | 0.000r          |
| clock clk (rise edge)                                                                                                            |        |             |            |            |             | 10     | 10              |
| clock network delay (ideal)                                                                                                      |        |             |            |            |             | 0.000  | 10.000          |
| _375072_:CK (CLKGATE_X1)                                                                                                         |        |             |            |            |             |        | 10.000r         |
| library setup time                                                                                                               |        |             |            |            |             | -0.045 | 9.955           |
| clock reconvergence pessimism                                                                                                    |        |             |            |            |             | 0.000  | 9.955           |
|                                                                                                                                  |        |             |            |            |             |        |                 |
| path cell delay                                                                                                                  |        |             |            |            |             |        | 0.569(100.000%) |
| path net delay                                                                                                                   |        |             |            |            |             |        | 0.000(0.000%)   |
|                                                                                                                                  |        |             |            |            |             |        |                 |
| data require time                                                                                                                |        |             |            |            |             |        | 9.955           |
| data arrival time                                                                                                                |        |             |            |            |             |        | 0.569           |
| slack (MET)                                                                                                                      |        |             |            |            |             |        | 9.386           |
+----------------------------------------------------------------------------------------------------------------------------------+--------+-------------+------------+------------+-------------+--------+-----------------+
+--------------------------------------------------------------------------------------------------------------------------------------+--------+-------------+------------+------------+-------------+--------+-----------------+
| Point                                                                                                                                | Fanout | Capacitance | Resistance | Transition | Delta Delay | Incr   | Path            |
+--------------------------------------------------------------------------------------------------------------------------------------+--------+-------------+------------+------------+-------------+--------+-----------------+
| clk (port)                                                                                                                           |        | 1.779       | 0.000      | 0.000      |             | 0.000  | 0.000r          |
| clk (clock net)                                                                                                                      | 1098   |             |            |            | NA          |        |                 |
| _375435_:CK (CLKGATE_X1)                                                                                                             |        | 0.002       | 0.000      | 0.000      |             | 0.000  | 0.000r          |
| _375435_:GCK (CLKGATE_X1)                                                                                                            |        | 0.001       | 0.000      | 0.000      |             | 0.000  | 0.000r          |
| _169636_ (clock net)                                                                                                                 | 1      |             |            |            | NA          |        |                 |
| sa_activate_comp_reg_$_DFFE_PN0N__Q:CK (DFFR_X1)                                                                                     |        | 0.001       | 0.000      | 0.000      |             | 0.000  | 0.000r          |
| clock clk (rise edge)                                                                                                                |        |             |            |            |             | 0      | 0               |
| clock network delay (ideal)                                                                                                          |        |             |            |            |             | 0.000  | 0.000           |
| sa_activate_comp_reg_$_DFFE_PN0N__Q:CK (DFFR_X1)                                                                                     |        | 0.001       | 0.000      | 0.000      |             | 0.000  | 0.000r          |
| sa_activate_comp_reg_$_DFFE_PN0N__Q:Q (DFFR_X1)                                                                                      |        | 0.064       | 0.000      | 0.149      |             | 0.246  | 0.246r          |
| sa_activate_comp_reg (net)                                                                                                           | 27     |             |            |            | 0.000       |        |                 |
| fanout_buf_761:A (BUF_X8)                                                                                                            |        | 0.007       | 0.000      | 0.149      |             | 0.000  | 0.246r          |
| fanout_buf_761:Z (BUF_X8)                                                                                                            |        | 0.039       | 0.000      | 0.018      |             | 0.041  | 0.288r          |
| fanout_net_761 (net)                                                                                                                 | 30     |             |            |            | 0.000       |        |                 |
| _200646_:A (INV_X2)                                                                                                                  |        | 0.003       | 0.000      | 0.018      |             | 0.000  | 0.288r          |
| _200646_:ZN (INV_X2)                                                                                                                 |        | 0.020       | 0.000      | 0.013      |             | 0.023  | 0.311f          |
| _120634_ (net)                                                                                                                       | 5      |             |            |            | 0.000       |        |                 |
| _200647_:A1 (NOR2_X2)                                                                                                                |        | 0.003       | 0.000      | 0.013      |             | 0.000  | 0.311f          |
| _200647_:ZN (NOR2_X2)                                                                                                                |        | 0.026       | 0.000      | 0.068      |             | 0.082  | 0.393r          |
| _120635_ (net)                                                                                                                       | 9      |             |            |            | 0.000       |        |                 |
| _202402_:A (INV_X1)                                                                                                                  |        | 0.002       | 0.000      | 0.068      |             | 0.000  | 0.393r          |
| _202402_:ZN (INV_X1)                                                                                                                 |        | 0.009       | 0.000      | 0.023      |             | 0.030  | 0.424f          |
| _121754_ (net)                                                                                                                       | 2      |             |            |            | 0.000       |        |                 |
| _202403_:A (BUF_X8)                                                                                                                  |        | 0.007       | 0.000      | 0.023      |             | 0.000  | 0.424f          |
| _202403_:Z (BUF_X8)                                                                                                                  |        | 0.033       | 0.000      | 0.008      |             | 0.036  | 0.460f          |
| _121755_ (net)                                                                                                                       | 10     |             |            |            | 0.000       |        |                 |
| _202404_:A (BUF_X8)                                                                                                                  |        | 0.007       | 0.000      | 0.008      |             | 0.000  | 0.460f          |
| _202404_:Z (BUF_X8)                                                                                                                  |        | 0.030       | 0.000      | 0.008      |             | 0.029  | 0.489f          |
| _121756_ (net)                                                                                                                       | 10     |             |            |            | 0.000       |        |                 |
| _226158_:A (BUF_X4)                                                                                                                  |        | 0.003       | 0.000      | 0.008      |             | 0.000  | 0.489f          |
| _226158_:Z (BUF_X4)                                                                                                                  |        | 0.016       | 0.000      | 0.008      |             | 0.028  | 0.517f          |
| _143452_ (net)                                                                                                                       | 10     |             |            |            | 0.000       |        |                 |
| _228188_:B2 (OAI21_X1)                                                                                                               |        | 0.002       | 0.000      | 0.008      |             | 0.000  | 0.517f          |
| _228188_:ZN (OAI21_X1)                                                                                                               |        | 0.003       | 0.000      | 0.029      |             | 0.043  | 0.560r          |
| _145306_ (net)                                                                                                                       | 2      |             |            |            | 0.000       |        |                 |
| _228189_:A1 (NOR2_X1)                                                                                                                |        | 0.002       | 0.000      | 0.029      |             | 0.000  | 0.560r          |
| _228189_:ZN (NOR2_X1)                                                                                                                |        | 0.001       | 0.000      | 0.008      |             | 0.009  | 0.569f          |
| u_systolic_array.pe_row[11].pe_col[15].u_pe_inst.pe_calculation_done_latch_$_OR__B_Y_$_ANDNOT__B_Y_$_ANDNOT__B_Y_$_ANDNOT__A_Y (net) | 1      |             |            |            | 0.000       |        |                 |
| _375067_:E (CLKGATE_X1)                                                                                                              |        | 0.001       | 0.000      | 0.008      |             | 0.000  | 0.569f          |
|                                                                                                                                      |        |             |            |            |             |        |                 |
| clk (port)                                                                                                                           |        | 1.779       | 0.000      | 0.000      |             | 0.000  | 0.000r          |
| clk (clock net)                                                                                                                      | 1098   |             |            |            | NA          |        |                 |
| _375067_:CK (CLKGATE_X1)                                                                                                             |        | 0.002       | 0.000      | 0.000      |             | 0.000  | 0.000r          |
| clock clk (rise edge)                                                                                                                |        |             |            |            |             | 10     | 10              |
| clock network delay (ideal)                                                                                                          |        |             |            |            |             | 0.000  | 10.000          |
| _375067_:CK (CLKGATE_X1)                                                                                                             |        |             |            |            |             |        | 10.000r         |
| library setup time                                                                                                                   |        |             |            |            |             | -0.045 | 9.955           |
| clock reconvergence pessimism                                                                                                        |        |             |            |            |             | 0.000  | 9.955           |
|                                                                                                                                      |        |             |            |            |             |        |                 |
| path cell delay                                                                                                                      |        |             |            |            |             |        | 0.569(100.000%) |
| path net delay                                                                                                                       |        |             |            |            |             |        | 0.000(0.000%)   |
|                                                                                                                                      |        |             |            |            |             |        |                 |
| data require time                                                                                                                    |        |             |            |            |             |        | 9.955           |
| data arrival time                                                                                                                    |        |             |            |            |             |        | 0.569           |
| slack (MET)                                                                                                                          |        |             |            |            |             |        | 9.386           |
+--------------------------------------------------------------------------------------------------------------------------------------+--------+-------------+------------+------------+-------------+--------+-----------------+
+----------------------------------------------------------------------------------------------------------------------+--------+-------------+------------+------------+-------------+--------+-----------------+
| Point                                                                                                                | Fanout | Capacitance | Resistance | Transition | Delta Delay | Incr   | Path            |
+----------------------------------------------------------------------------------------------------------------------+--------+-------------+------------+------------+-------------+--------+-----------------+
| clk (port)                                                                                                           |        | 1.779       | 0.000      | 0.000      |             | 0.000  | 0.000r          |
| clk (clock net)                                                                                                      | 1098   |             |            |            | NA          |        |                 |
| _375435_:CK (CLKGATE_X1)                                                                                             |        | 0.002       | 0.000      | 0.000      |             | 0.000  | 0.000r          |
| _375435_:GCK (CLKGATE_X1)                                                                                            |        | 0.001       | 0.000      | 0.000      |             | 0.000  | 0.000r          |
| _169636_ (clock net)                                                                                                 | 1      |             |            |            | NA          |        |                 |
| sa_activate_comp_reg_$_DFFE_PN0N__Q:CK (DFFR_X1)                                                                     |        | 0.001       | 0.000      | 0.000      |             | 0.000  | 0.000r          |
| clock clk (rise edge)                                                                                                |        |             |            |            |             | 0      | 0               |
| clock network delay (ideal)                                                                                          |        |             |            |            |             | 0.000  | 0.000           |
| sa_activate_comp_reg_$_DFFE_PN0N__Q:CK (DFFR_X1)                                                                     |        | 0.001       | 0.000      | 0.000      |             | 0.000  | 0.000r          |
| sa_activate_comp_reg_$_DFFE_PN0N__Q:Q (DFFR_X1)                                                                      |        | 0.064       | 0.000      | 0.149      |             | 0.246  | 0.246r          |
| sa_activate_comp_reg (net)                                                                                           | 27     |             |            |            | 0.000       |        |                 |
| fanout_buf_761:A (BUF_X8)                                                                                            |        | 0.007       | 0.000      | 0.149      |             | 0.000  | 0.246r          |
| fanout_buf_761:Z (BUF_X8)                                                                                            |        | 0.039       | 0.000      | 0.018      |             | 0.041  | 0.288r          |
| fanout_net_761 (net)                                                                                                 | 30     |             |            |            | 0.000       |        |                 |
| _200646_:A (INV_X2)                                                                                                  |        | 0.003       | 0.000      | 0.018      |             | 0.000  | 0.288r          |
| _200646_:ZN (INV_X2)                                                                                                 |        | 0.020       | 0.000      | 0.013      |             | 0.023  | 0.311f          |
| _120634_ (net)                                                                                                       | 5      |             |            |            | 0.000       |        |                 |
| _200647_:A1 (NOR2_X2)                                                                                                |        | 0.003       | 0.000      | 0.013      |             | 0.000  | 0.311f          |
| _200647_:ZN (NOR2_X2)                                                                                                |        | 0.026       | 0.000      | 0.068      |             | 0.082  | 0.393r          |
| _120635_ (net)                                                                                                       | 9      |             |            |            | 0.000       |        |                 |
| _202402_:A (INV_X1)                                                                                                  |        | 0.002       | 0.000      | 0.068      |             | 0.000  | 0.393r          |
| _202402_:ZN (INV_X1)                                                                                                 |        | 0.009       | 0.000      | 0.023      |             | 0.030  | 0.424f          |
| _121754_ (net)                                                                                                       | 2      |             |            |            | 0.000       |        |                 |
| _202403_:A (BUF_X8)                                                                                                  |        | 0.007       | 0.000      | 0.023      |             | 0.000  | 0.424f          |
| _202403_:Z (BUF_X8)                                                                                                  |        | 0.033       | 0.000      | 0.008      |             | 0.036  | 0.460f          |
| _121755_ (net)                                                                                                       | 10     |             |            |            | 0.000       |        |                 |
| _202404_:A (BUF_X8)                                                                                                  |        | 0.007       | 0.000      | 0.008      |             | 0.000  | 0.460f          |
| _202404_:Z (BUF_X8)                                                                                                  |        | 0.030       | 0.000      | 0.008      |             | 0.029  | 0.489f          |
| _121756_ (net)                                                                                                       | 10     |             |            |            | 0.000       |        |                 |
| _207856_:A (BUF_X4)                                                                                                  |        | 0.003       | 0.000      | 0.008      |             | 0.000  | 0.489f          |
| _207856_:Z (BUF_X4)                                                                                                  |        | 0.016       | 0.000      | 0.008      |             | 0.028  | 0.517f          |
| _126741_ (net)                                                                                                       | 10     |             |            |            | 0.000       |        |                 |
| _213927_:B2 (OAI21_X1)                                                                                               |        | 0.002       | 0.000      | 0.008      |             | 0.000  | 0.517f          |
| _213927_:ZN (OAI21_X1)                                                                                               |        | 0.003       | 0.000      | 0.029      |             | 0.043  | 0.560r          |
| _132276_ (net)                                                                                                       | 2      |             |            |            | 0.000       |        |                 |
| _213929_:A1 (NOR2_X1)                                                                                                |        | 0.002       | 0.000      | 0.029      |             | 0.000  | 0.560r          |
| _213929_:ZN (NOR2_X1)                                                                                                |        | 0.001       | 0.000      | 0.008      |             | 0.009  | 0.569f          |
| u_systolic_array.pe_row[10].pe_col[10].u_pe_inst.mul_valid_reg_$_OR__A_Y_$_ANDNOT__B_Y_$_OR__A_Y_$_ANDNOT__B_Y (net) | 1      |             |            |            | 0.000       |        |                 |
| _375110_:E (CLKGATE_X1)                                                                                              |        | 0.001       | 0.000      | 0.008      |             | 0.000  | 0.569f          |
|                                                                                                                      |        |             |            |            |             |        |                 |
| clk (port)                                                                                                           |        | 1.779       | 0.000      | 0.000      |             | 0.000  | 0.000r          |
| clk (clock net)                                                                                                      | 1098   |             |            |            | NA          |        |                 |
| _375110_:CK (CLKGATE_X1)                                                                                             |        | 0.002       | 0.000      | 0.000      |             | 0.000  | 0.000r          |
| clock clk (rise edge)                                                                                                |        |             |            |            |             | 10     | 10              |
| clock network delay (ideal)                                                                                          |        |             |            |            |             | 0.000  | 10.000          |
| _375110_:CK (CLKGATE_X1)                                                                                             |        |             |            |            |             |        | 10.000r         |
| library setup time                                                                                                   |        |             |            |            |             | -0.045 | 9.955           |
| clock reconvergence pessimism                                                                                        |        |             |            |            |             | 0.000  | 9.955           |
|                                                                                                                      |        |             |            |            |             |        |                 |
| path cell delay                                                                                                      |        |             |            |            |             |        | 0.569(100.000%) |
| path net delay                                                                                                       |        |             |            |            |             |        | 0.000(0.000%)   |
|                                                                                                                      |        |             |            |            |             |        |                 |
| data require time                                                                                                    |        |             |            |            |             |        | 9.955           |
| data arrival time                                                                                                    |        |             |            |            |             |        | 0.569           |
| slack (MET)                                                                                                          |        |             |            |            |             |        | 9.386           |
+----------------------------------------------------------------------------------------------------------------------+--------+-------------+------------+------------+-------------+--------+-----------------+
+--------------------------------------------------------------------------------------------------------------------------------+--------+-------------+------------+------------+-------------+--------+-----------------+
| Point                                                                                                                          | Fanout | Capacitance | Resistance | Transition | Delta Delay | Incr   | Path            |
+--------------------------------------------------------------------------------------------------------------------------------+--------+-------------+------------+------------+-------------+--------+-----------------+
| clk (port)                                                                                                                     |        | 1.779       | 0.000      | 0.000      |             | 0.000  | 0.000r          |
| clk (clock net)                                                                                                                | 1098   |             |            |            | NA          |        |                 |
| _375435_:CK (CLKGATE_X1)                                                                                                       |        | 0.002       | 0.000      | 0.000      |             | 0.000  | 0.000r          |
| _375435_:GCK (CLKGATE_X1)                                                                                                      |        | 0.001       | 0.000      | 0.000      |             | 0.000  | 0.000r          |
| _169636_ (clock net)                                                                                                           | 1      |             |            |            | NA          |        |                 |
| sa_activate_comp_reg_$_DFFE_PN0N__Q:CK (DFFR_X1)                                                                               |        | 0.001       | 0.000      | 0.000      |             | 0.000  | 0.000r          |
| clock clk (rise edge)                                                                                                          |        |             |            |            |             | 0      | 0               |
| clock network delay (ideal)                                                                                                    |        |             |            |            |             | 0.000  | 0.000           |
| sa_activate_comp_reg_$_DFFE_PN0N__Q:CK (DFFR_X1)                                                                               |        | 0.001       | 0.000      | 0.000      |             | 0.000  | 0.000r          |
| sa_activate_comp_reg_$_DFFE_PN0N__Q:Q (DFFR_X1)                                                                                |        | 0.064       | 0.000      | 0.149      |             | 0.246  | 0.246r          |
| sa_activate_comp_reg (net)                                                                                                     | 27     |             |            |            | 0.000       |        |                 |
| fanout_buf_761:A (BUF_X8)                                                                                                      |        | 0.007       | 0.000      | 0.149      |             | 0.000  | 0.246r          |
| fanout_buf_761:Z (BUF_X8)                                                                                                      |        | 0.039       | 0.000      | 0.018      |             | 0.041  | 0.288r          |
| fanout_net_761 (net)                                                                                                           | 30     |             |            |            | 0.000       |        |                 |
| _200646_:A (INV_X2)                                                                                                            |        | 0.003       | 0.000      | 0.018      |             | 0.000  | 0.288r          |
| _200646_:ZN (INV_X2)                                                                                                           |        | 0.020       | 0.000      | 0.013      |             | 0.023  | 0.311f          |
| _120634_ (net)                                                                                                                 | 5      |             |            |            | 0.000       |        |                 |
| _200647_:A1 (NOR2_X2)                                                                                                          |        | 0.003       | 0.000      | 0.013      |             | 0.000  | 0.311f          |
| _200647_:ZN (NOR2_X2)                                                                                                          |        | 0.026       | 0.000      | 0.068      |             | 0.082  | 0.393r          |
| _120635_ (net)                                                                                                                 | 9      |             |            |            | 0.000       |        |                 |
| _202402_:A (INV_X1)                                                                                                            |        | 0.002       | 0.000      | 0.068      |             | 0.000  | 0.393r          |
| _202402_:ZN (INV_X1)                                                                                                           |        | 0.009       | 0.000      | 0.023      |             | 0.030  | 0.424f          |
| _121754_ (net)                                                                                                                 | 2      |             |            |            | 0.000       |        |                 |
| _202403_:A (BUF_X8)                                                                                                            |        | 0.007       | 0.000      | 0.023      |             | 0.000  | 0.424f          |
| _202403_:Z (BUF_X8)                                                                                                            |        | 0.033       | 0.000      | 0.008      |             | 0.036  | 0.460f          |
| _121755_ (net)                                                                                                                 | 10     |             |            |            | 0.000       |        |                 |
| _202404_:A (BUF_X8)                                                                                                            |        | 0.007       | 0.000      | 0.008      |             | 0.000  | 0.460f          |
| _202404_:Z (BUF_X8)                                                                                                            |        | 0.030       | 0.000      | 0.008      |             | 0.029  | 0.489f          |
| _121756_ (net)                                                                                                                 | 10     |             |            |            | 0.000       |        |                 |
| _207856_:A (BUF_X4)                                                                                                            |        | 0.003       | 0.000      | 0.008      |             | 0.000  | 0.489f          |
| _207856_:Z (BUF_X4)                                                                                                            |        | 0.016       | 0.000      | 0.008      |             | 0.028  | 0.517f          |
| _126741_ (net)                                                                                                                 | 10     |             |            |            | 0.000       |        |                 |
| _211913_:B2 (OAI21_X1)                                                                                                         |        | 0.002       | 0.000      | 0.008      |             | 0.000  | 0.517f          |
| _211913_:ZN (OAI21_X1)                                                                                                         |        | 0.003       | 0.000      | 0.029      |             | 0.043  | 0.560r          |
| _130438_ (net)                                                                                                                 | 2      |             |            |            | 0.000       |        |                 |
| _211915_:A1 (NOR2_X1)                                                                                                          |        | 0.002       | 0.000      | 0.029      |             | 0.000  | 0.560r          |
| _211915_:ZN (NOR2_X1)                                                                                                          |        | 0.001       | 0.000      | 0.008      |             | 0.009  | 0.569f          |
| u_systolic_array.pe_row[0].pe_col[8].u_pe_inst.pe_calculation_done_latch_$_OR__B_Y_$_ANDNOT__B_Y_$_OR__A_Y_$_ANDNOT__B_Y (net) | 1      |             |            |            | 0.000       |        |                 |
| _375116_:E (CLKGATE_X1)                                                                                                        |        | 0.001       | 0.000      | 0.008      |             | 0.000  | 0.569f          |
|                                                                                                                                |        |             |            |            |             |        |                 |
| clk (port)                                                                                                                     |        | 1.779       | 0.000      | 0.000      |             | 0.000  | 0.000r          |
| clk (clock net)                                                                                                                | 1098   |             |            |            | NA          |        |                 |
| _375116_:CK (CLKGATE_X1)                                                                                                       |        | 0.002       | 0.000      | 0.000      |             | 0.000  | 0.000r          |
| clock clk (rise edge)                                                                                                          |        |             |            |            |             | 10     | 10              |
| clock network delay (ideal)                                                                                                    |        |             |            |            |             | 0.000  | 10.000          |
| _375116_:CK (CLKGATE_X1)                                                                                                       |        |             |            |            |             |        | 10.000r         |
| library setup time                                                                                                             |        |             |            |            |             | -0.045 | 9.955           |
| clock reconvergence pessimism                                                                                                  |        |             |            |            |             | 0.000  | 9.955           |
|                                                                                                                                |        |             |            |            |             |        |                 |
| path cell delay                                                                                                                |        |             |            |            |             |        | 0.569(100.000%) |
| path net delay                                                                                                                 |        |             |            |            |             |        | 0.000(0.000%)   |
|                                                                                                                                |        |             |            |            |             |        |                 |
| data require time                                                                                                              |        |             |            |            |             |        | 9.955           |
| data arrival time                                                                                                              |        |             |            |            |             |        | 0.569           |
| slack (MET)                                                                                                                    |        |             |            |            |             |        | 9.386           |
+--------------------------------------------------------------------------------------------------------------------------------+--------+-------------+------------+------------+-------------+--------+-----------------+
+-------------------------------------------------------------+--------+-------------+------------+------------+-------------+--------+-----------------+
| Point                                                       | Fanout | Capacitance | Resistance | Transition | Delta Delay | Incr   | Path            |
+-------------------------------------------------------------+--------+-------------+------------+------------+-------------+--------+-----------------+
| clk (port)                                                  |        | 1.779       | 0.000      | 0.000      |             | 0.000  | 0.000r          |
| clk (clock net)                                             | 1098   |             |            |            | NA          |        |                 |
| _375447_:CK (CLKGATE_X1)                                    |        | 0.002       | 0.000      | 0.000      |             | 0.000  | 0.000r          |
| _375447_:GCK (CLKGATE_X1)                                   |        | 0.003       | 0.000      | 0.000      |             | 0.000  | 0.000r          |
| _169648_ (clock net)                                        | 3      |             |            |            | NA          |        |                 |
| c_store_word_in_row_idx_reg_$_DFFE_PN0P__Q:CK (DFFR_X1)     |        | 0.001       | 0.000      | 0.000      |             | 0.000  | 0.000r          |
| clock clk (rise edge)                                       |        |             |            |            |             | 0      | 0               |
| clock network delay (ideal)                                 |        |             |            |            |             | 0.000  | 0.000           |
| c_store_word_in_row_idx_reg_$_DFFE_PN0P__Q:CK (DFFR_X1)     |        | 0.001       | 0.000      | 0.000      |             | 0.000  | 0.000r          |
| c_store_word_in_row_idx_reg_$_DFFE_PN0P__Q:QN (DFFR_X1)     |        | 0.003       | 0.000      | 0.013      |             | 0.069  | 0.069r          |
| c_store_word_in_row_idx_next_$_ANDNOT__Y_B_$_XOR__Y_B (net) | 2      |             |            |            | 0.000       |        |                 |
| _190305_:B1 (AOI21_X1)                                      |        | 0.002       | 0.000      | 0.013      |             | 0.000  | 0.069r          |
| _190305_:ZN (AOI21_X1)                                      |        | 0.001       | 0.000      | 0.008      |             | 0.016  | 0.085f          |
| c_store_word_in_row_idx_next[2] (net)                       | 1      |             |            |            | 0.000       |        |                 |
| c_store_word_in_row_idx_reg_$_DFFE_PN0P__Q:D (DFFR_X1)      |        | 0.001       | 0.000      | 0.008      |             | 0.000  | 0.085f          |
|                                                             |        |             |            |            |             |        |                 |
| clk (port)                                                  |        | 1.779       | 0.000      | 0.000      |             | 0.000  | 0.000r          |
| clk (clock net)                                             | 1098   |             |            |            | NA          |        |                 |
| _375447_:CK (CLKGATE_X1)                                    |        | 0.002       | 0.000      | 0.000      |             | 0.000  | 0.000r          |
| _375447_:GCK (CLKGATE_X1)                                   |        | 0.003       | 0.000      | 0.000      |             | 0.000  | 0.000r          |
| _169648_ (clock net)                                        | 3      |             |            |            | NA          |        |                 |
| c_store_word_in_row_idx_reg_$_DFFE_PN0P__Q:CK (DFFR_X1)     |        | 0.001       | 0.000      | 0.000      |             | 0.000  | 0.000r          |
| clock clk (rise edge)                                       |        |             |            |            |             | 0      | 0               |
| clock network delay (ideal)                                 |        |             |            |            |             | 0.000  | 0.000           |
| c_store_word_in_row_idx_reg_$_DFFE_PN0P__Q:CK (DFFR_X1)     |        |             |            |            |             |        | 0.000r          |
| library hold time                                           |        |             |            |            |             | 0.003  | 0.003           |
| clock reconvergence pessimism                               |        |             |            |            |             | -0.000 | 0.003           |
|                                                             |        |             |            |            |             |        |                 |
| path cell delay                                             |        |             |            |            |             |        | 0.085(100.000%) |
| path net delay                                              |        |             |            |            |             |        | 0.000(0.000%)   |
|                                                             |        |             |            |            |             |        |                 |
| data require time                                           |        |             |            |            |             |        | 0.003           |
| data arrival time                                           |        |             |            |            |             |        | 0.085           |
| slack (MET)                                                 |        |             |            |            |             |        | 0.082           |
+-------------------------------------------------------------+--------+-------------+------------+------------+-------------+--------+-----------------+
+-------------------------------------------------------------+--------+-------------+------------+------------+-------------+--------+-----------------+
| Point                                                       | Fanout | Capacitance | Resistance | Transition | Delta Delay | Incr   | Path            |
+-------------------------------------------------------------+--------+-------------+------------+------------+-------------+--------+-----------------+
| clk (port)                                                  |        | 1.779       | 0.000      | 0.000      |             | 0.000  | 0.000r          |
| clk (clock net)                                             | 1098   |             |            |            | NA          |        |                 |
| _375447_:CK (CLKGATE_X1)                                    |        | 0.002       | 0.000      | 0.000      |             | 0.000  | 0.000r          |
| _375447_:GCK (CLKGATE_X1)                                   |        | 0.003       | 0.000      | 0.000      |             | 0.000  | 0.000r          |
| _169648_ (clock net)                                        | 3      |             |            |            | NA          |        |                 |
| c_store_word_in_row_idx_reg_$_DFFE_PN0P__Q:CK (DFFR_X1)     |        | 0.001       | 0.000      | 0.000      |             | 0.000  | 0.000r          |
| clock clk (rise edge)                                       |        |             |            |            |             | 0      | 0               |
| clock network delay (ideal)                                 |        |             |            |            |             | 0.000  | 0.000           |
| c_store_word_in_row_idx_reg_$_DFFE_PN0P__Q:CK (DFFR_X1)     |        | 0.001       | 0.000      | 0.000      |             | 0.000  | 0.000r          |
| c_store_word_in_row_idx_reg_$_DFFE_PN0P__Q:QN (DFFR_X1)     |        | 0.003       | 0.000      | 0.013      |             | 0.069  | 0.069r          |
| c_store_word_in_row_idx_next_$_ANDNOT__Y_B_$_XOR__Y_B (net) | 2      |             |            |            | 0.000       |        |                 |
| _190305_:B1 (AOI21_X1)                                      |        | 0.002       | 0.000      | 0.013      |             | 0.000  | 0.069r          |
| _190305_:ZN (AOI21_X1)                                      |        | 0.001       | 0.000      | 0.008      |             | 0.016  | 0.085f          |
| c_store_word_in_row_idx_next[2] (net)                       | 1      |             |            |            | 0.000       |        |                 |
| c_store_word_in_row_idx_reg_$_DFFE_PN0P__Q:D (DFFR_X1)      |        | 0.001       | 0.000      | 0.008      |             | 0.000  | 0.085f          |
|                                                             |        |             |            |            |             |        |                 |
| clk (port)                                                  |        | 1.779       | 0.000      | 0.000      |             | 0.000  | 0.000r          |
| clk (clock net)                                             | 1098   |             |            |            | NA          |        |                 |
| _375447_:CK (CLKGATE_X1)                                    |        | 0.002       | 0.000      | 0.000      |             | 0.000  | 0.000r          |
| _375447_:GCK (CLKGATE_X1)                                   |        | 0.003       | 0.000      | 0.000      |             | 0.000  | 0.000r          |
| _169648_ (clock net)                                        | 3      |             |            |            | NA          |        |                 |
| c_store_word_in_row_idx_reg_$_DFFE_PN0P__Q:CK (DFFR_X1)     |        | 0.001       | 0.000      | 0.000      |             | 0.000  | 0.000r          |
| clock clk (rise edge)                                       |        |             |            |            |             | 0      | 0               |
| clock network delay (ideal)                                 |        |             |            |            |             | 0.000  | 0.000           |
| c_store_word_in_row_idx_reg_$_DFFE_PN0P__Q:CK (DFFR_X1)     |        |             |            |            |             |        | 0.000r          |
| library hold time                                           |        |             |            |            |             | 0.003  | 0.003           |
| clock reconvergence pessimism                               |        |             |            |            |             | -0.000 | 0.003           |
|                                                             |        |             |            |            |             |        |                 |
| path cell delay                                             |        |             |            |            |             |        | 0.085(100.000%) |
| path net delay                                              |        |             |            |            |             |        | 0.000(0.000%)   |
|                                                             |        |             |            |            |             |        |                 |
| data require time                                           |        |             |            |            |             |        | 0.003           |
| data arrival time                                           |        |             |            |            |             |        | 0.085           |
| slack (MET)                                                 |        |             |            |            |             |        | 0.082           |
+-------------------------------------------------------------+--------+-------------+------------+------------+-------------+--------+-----------------+
+-------------------------------------------------------------------------------------------------------------------------+--------+-------------+------------+------------+-------------+--------+-----------------+
| Point                                                                                                                   | Fanout | Capacitance | Resistance | Transition | Delta Delay | Incr   | Path            |
+-------------------------------------------------------------------------------------------------------------------------+--------+-------------+------------+------------+-------------+--------+-----------------+
| clk (port)                                                                                                              |        | 1.779       | 0.000      | 0.000      |             | 0.000  | 0.000r          |
| clk (clock net)                                                                                                         | 1098   |             |            |            | NA          |        |                 |
| _375146_:CK (CLKGATE_X1)                                                                                                |        | 0.002       | 0.000      | 0.000      |             | 0.000  | 0.000r          |
| _375146_:GCK (CLKGATE_X1)                                                                                               |        | 8.353       | 0.000      | 0.000      |             | 0.000  | 0.000r          |
| _169347_ (clock net)                                                                                                    | 8553   |             |            |            | NA          |        |                 |
| u_systolic_array.pe_row[9].pe_col[8].u_pe_inst.a_valid_for_output_reg_$_DFFE_PN0P__Q:CK (DFFR_X1)                       |        | 0.001       | 0.000      | 0.000      |             | 0.000  | 0.000r          |
| clock clk (rise edge)                                                                                                   |        |             |            |            |             | 0      | 0               |
| clock network delay (ideal)                                                                                             |        |             |            |            |             | 0.000  | 0.000           |
| u_systolic_array.pe_row[9].pe_col[8].u_pe_inst.a_valid_for_output_reg_$_DFFE_PN0P__Q:CK (DFFR_X1)                       |        | 0.001       | 0.000      | 0.000      |             | 0.000  | 0.000r          |
| u_systolic_array.pe_row[9].pe_col[8].u_pe_inst.a_valid_for_output_reg_$_DFFE_PN0P__Q:Q (DFFR_X1)                        |        | 0.001       | 0.000      | 0.007      |             | 0.085  | 0.085f          |
| u_systolic_array.a_valid_wires[109] (net)                                                                               | 1      |             |            |            | 0.000       |        |                 |
| u_systolic_array.pe_row[9].pe_col[9].u_pe_inst.inputs_that_produced_a_b_regs_were_valid_reg_$_DFFE_PN0P__Q:D (DFFR_X1)  |        | 0.001       | 0.000      | 0.007      |             | 0.000  | 0.085f          |
|                                                                                                                         |        |             |            |            |             |        |                 |
| clk (port)                                                                                                              |        | 1.779       | 0.000      | 0.000      |             | 0.000  | 0.000r          |
| clk (clock net)                                                                                                         | 1098   |             |            |            | NA          |        |                 |
| _375146_:CK (CLKGATE_X1)                                                                                                |        | 0.002       | 0.000      | 0.000      |             | 0.000  | 0.000r          |
| _375146_:GCK (CLKGATE_X1)                                                                                               |        | 8.353       | 0.000      | 0.000      |             | 0.000  | 0.000r          |
| _169347_ (clock net)                                                                                                    | 8553   |             |            |            | NA          |        |                 |
| u_systolic_array.pe_row[9].pe_col[9].u_pe_inst.inputs_that_produced_a_b_regs_were_valid_reg_$_DFFE_PN0P__Q:CK (DFFR_X1) |        | 0.001       | 0.000      | 0.000      |             | 0.000  | 0.000r          |
| clock clk (rise edge)                                                                                                   |        |             |            |            |             | 0      | 0               |
| clock network delay (ideal)                                                                                             |        |             |            |            |             | 0.000  | 0.000           |
| u_systolic_array.pe_row[9].pe_col[9].u_pe_inst.inputs_that_produced_a_b_regs_were_valid_reg_$_DFFE_PN0P__Q:CK (DFFR_X1) |        |             |            |            |             |        | 0.000r          |
| library hold time                                                                                                       |        |             |            |            |             | 0.003  | 0.003           |
| clock reconvergence pessimism                                                                                           |        |             |            |            |             | -0.000 | 0.003           |
|                                                                                                                         |        |             |            |            |             |        |                 |
| path cell delay                                                                                                         |        |             |            |            |             |        | 0.085(100.000%) |
| path net delay                                                                                                          |        |             |            |            |             |        | 0.000(0.000%)   |
|                                                                                                                         |        |             |            |            |             |        |                 |
| data require time                                                                                                       |        |             |            |            |             |        | 0.003           |
| data arrival time                                                                                                       |        |             |            |            |             |        | 0.085           |
| slack (MET)                                                                                                             |        |             |            |            |             |        | 0.082           |
+-------------------------------------------------------------------------------------------------------------------------+--------+-------------+------------+------------+-------------+--------+-----------------+
+---------------------------------------------------------------------------------------------------+--------+-------------+------------+------------+-------------+--------+-----------------+
| Point                                                                                             | Fanout | Capacitance | Resistance | Transition | Delta Delay | Incr   | Path            |
+---------------------------------------------------------------------------------------------------+--------+-------------+------------+------------+-------------+--------+-----------------+
| clk (port)                                                                                        |        | 1.779       | 0.000      | 0.000      |             | 0.000  | 0.000r          |
| clk (clock net)                                                                                   | 1098   |             |            |            | NA          |        |                 |
| _375146_:CK (CLKGATE_X1)                                                                          |        | 0.002       | 0.000      | 0.000      |             | 0.000  | 0.000r          |
| _375146_:GCK (CLKGATE_X1)                                                                         |        | 8.353       | 0.000      | 0.000      |             | 0.000  | 0.000r          |
| _169347_ (clock net)                                                                              | 8553   |             |            |            | NA          |        |                 |
| u_systolic_array.pe_row[9].pe_col[6].u_pe_inst.a_valid_for_output_reg_$_DFFE_PN0P__Q:CK (DFFR_X1) |        | 0.001       | 0.000      | 0.000      |             | 0.000  | 0.000r          |
| clock clk (rise edge)                                                                             |        |             |            |            |             | 0      | 0               |
| clock network delay (ideal)                                                                       |        |             |            |            |             | 0.000  | 0.000           |
| u_systolic_array.pe_row[9].pe_col[6].u_pe_inst.a_valid_for_output_reg_$_DFFE_PN0P__Q:CK (DFFR_X1) |        | 0.001       | 0.000      | 0.000      |             | 0.000  | 0.000r          |
| u_systolic_array.pe_row[9].pe_col[6].u_pe_inst.a_valid_for_output_reg_$_DFFE_PN0P__Q:Q (DFFR_X1)  |        | 0.002       | 0.000      | 0.007      |             | 0.085  | 0.085f          |
| u_systolic_array.a_valid_wires[111] (net)                                                         | 2      |             |            |            | 0.000       |        |                 |
| u_systolic_array.pe_row[9].pe_col[7].u_pe_inst.a_valid_for_output_reg_$_DFFE_PN0P__Q:D (DFFR_X1)  |        | 0.001       | 0.000      | 0.007      |             | 0.000  | 0.085f          |
|                                                                                                   |        |             |            |            |             |        |                 |
| clk (port)                                                                                        |        | 1.779       | 0.000      | 0.000      |             | 0.000  | 0.000r          |
| clk (clock net)                                                                                   | 1098   |             |            |            | NA          |        |                 |
| _375146_:CK (CLKGATE_X1)                                                                          |        | 0.002       | 0.000      | 0.000      |             | 0.000  | 0.000r          |
| _375146_:GCK (CLKGATE_X1)                                                                         |        | 8.353       | 0.000      | 0.000      |             | 0.000  | 0.000r          |
| _169347_ (clock net)                                                                              | 8553   |             |            |            | NA          |        |                 |
| u_systolic_array.pe_row[9].pe_col[7].u_pe_inst.a_valid_for_output_reg_$_DFFE_PN0P__Q:CK (DFFR_X1) |        | 0.001       | 0.000      | 0.000      |             | 0.000  | 0.000r          |
| clock clk (rise edge)                                                                             |        |             |            |            |             | 0      | 0               |
| clock network delay (ideal)                                                                       |        |             |            |            |             | 0.000  | 0.000           |
| u_systolic_array.pe_row[9].pe_col[7].u_pe_inst.a_valid_for_output_reg_$_DFFE_PN0P__Q:CK (DFFR_X1) |        |             |            |            |             |        | 0.000r          |
| library hold time                                                                                 |        |             |            |            |             | 0.003  | 0.003           |
| clock reconvergence pessimism                                                                     |        |             |            |            |             | -0.000 | 0.003           |
|                                                                                                   |        |             |            |            |             |        |                 |
| path cell delay                                                                                   |        |             |            |            |             |        | 0.085(100.000%) |
| path net delay                                                                                    |        |             |            |            |             |        | 0.000(0.000%)   |
|                                                                                                   |        |             |            |            |             |        |                 |
| data require time                                                                                 |        |             |            |            |             |        | 0.003           |
| data arrival time                                                                                 |        |             |            |            |             |        | 0.085           |
| slack (MET)                                                                                       |        |             |            |            |             |        | 0.082           |
+---------------------------------------------------------------------------------------------------+--------+-------------+------------+------------+-------------+--------+-----------------+
+-------------------------------------------------------------------------------------+--------+-------------+------------+------------+-------------+--------+-----------------+
| Point                                                                               | Fanout | Capacitance | Resistance | Transition | Delta Delay | Incr   | Path            |
+-------------------------------------------------------------------------------------+--------+-------------+------------+------------+-------------+--------+-----------------+
| clk (port)                                                                          |        | 1.779       | 0.000      | 0.000      |             | 0.000  | 0.000r          |
| clk (clock net)                                                                     | 1098   |             |            |            | NA          |        |                 |
| _375403_:CK (CLKGATE_X1)                                                            |        | 0.002       | 0.000      | 0.000      |             | 0.000  | 0.000r          |
| _375403_:GCK (CLKGATE_X1)                                                           |        | 2.125       | 0.000      | 0.000      |             | 0.000  | 0.000r          |
| _169604_ (clock net)                                                                | 2176   |             |            |            | NA          |        |                 |
| u_systolic_array.a_boundary_data_regs[34]_$_DFFE_PN0P__Q_7:CK (DFFR_X1)             |        | 0.001       | 0.000      | 0.000      |             | 0.000  | 0.000r          |
| clock clk (rise edge)                                                               |        |             |            |            |             | 0      | 0               |
| clock network delay (ideal)                                                         |        |             |            |            |             | 0.000  | 0.000           |
| u_systolic_array.a_boundary_data_regs[34]_$_DFFE_PN0P__Q_7:CK (DFFR_X1)             |        | 0.001       | 0.000      | 0.000      |             | 0.000  | 0.000r          |
| u_systolic_array.a_boundary_data_regs[34]_$_DFFE_PN0P__Q_7:Q (DFFR_X1)              |        | 0.001       | 0.000      | 0.007      |             | 0.085  | 0.085f          |
| u_systolic_array.a_boundary_data_regs[34][0] (net)                                  | 1      |             |            |            | 0.000       |        |                 |
| u_systolic_array.pe_row[13].pe_col[0].u_pe_inst.a_reg_$_DFFE_PN0P__Q_7:D (DFFR_X1)  |        | 0.001       | 0.000      | 0.007      |             | 0.000  | 0.085f          |
|                                                                                     |        |             |            |            |             |        |                 |
| clk (port)                                                                          |        | 1.779       | 0.000      | 0.000      |             | 0.000  | 0.000r          |
| clk (clock net)                                                                     | 1098   |             |            |            | NA          |        |                 |
| _375146_:CK (CLKGATE_X1)                                                            |        | 0.002       | 0.000      | 0.000      |             | 0.000  | 0.000r          |
| _375146_:GCK (CLKGATE_X1)                                                           |        | 8.353       | 0.000      | 0.000      |             | 0.000  | 0.000r          |
| _169347_ (clock net)                                                                | 8553   |             |            |            | NA          |        |                 |
| u_systolic_array.pe_row[13].pe_col[0].u_pe_inst.a_reg_$_DFFE_PN0P__Q_7:CK (DFFR_X1) |        | 0.001       | 0.000      | 0.000      |             | 0.000  | 0.000r          |
| clock clk (rise edge)                                                               |        |             |            |            |             | 0      | 0               |
| clock network delay (ideal)                                                         |        |             |            |            |             | 0.000  | 0.000           |
| u_systolic_array.pe_row[13].pe_col[0].u_pe_inst.a_reg_$_DFFE_PN0P__Q_7:CK (DFFR_X1) |        |             |            |            |             |        | 0.000r          |
| library hold time                                                                   |        |             |            |            |             | 0.003  | 0.003           |
| clock reconvergence pessimism                                                       |        |             |            |            |             | -0.000 | 0.003           |
|                                                                                     |        |             |            |            |             |        |                 |
| path cell delay                                                                     |        |             |            |            |             |        | 0.085(100.000%) |
| path net delay                                                                      |        |             |            |            |             |        | 0.000(0.000%)   |
|                                                                                     |        |             |            |            |             |        |                 |
| data require time                                                                   |        |             |            |            |             |        | 0.003           |
| data arrival time                                                                   |        |             |            |            |             |        | 0.085           |
| slack (MET)                                                                         |        |             |            |            |             |        | 0.082           |
+-------------------------------------------------------------------------------------+--------+-------------+------------+------------+-------------+--------+-----------------+
+-------------------------------------+--------+-------------+------------+------------+-------------+--------+-----------------+
| Point                               | Fanout | Capacitance | Resistance | Transition | Delta Delay | Incr   | Path            |
+-------------------------------------+--------+-------------+------------+------------+-------------+--------+-----------------+
| clk (port)                          |        | 1.779       | 0.000      | 0.000      |             | 0.000  | 0.000r          |
| clk (clock net)                     | 1098   |             |            |            | NA          |        |                 |
| _375438_:CK (CLKGATE_X1)            |        | 0.002       | 0.000      | 0.000      |             | 0.000  | 0.000r          |
| _375438_:GCK (CLKGATE_X1)           |        | 0.001       | 0.000      | 0.000      |             | 0.000  | 0.000r          |
| _169639_ (clock net)                | 1      |             |            |            | NA          |        |                 |
| mm_we_o_$_DFFE_PN0N__Q:CK (DFFR_X1) |        | 0.001       | 0.000      | 0.000      |             | 0.000  | 0.000r          |
| clock clk (rise edge)               |        |             |            |            |             | 0      | 0               |
| clock network delay (ideal)         |        |             |            |            |             | 0.000  | 0.000           |
| mm_we_o_$_DFFE_PN0N__Q:CK (DFFR_X1) |        | 0.001       | 0.000      | 0.000      |             | 0.000  | 0.000r          |
| mm_we_o_$_DFFE_PN0N__Q:Q (DFFR_X1)  |        | 0.002       | 0.000      | 0.007      |             | 0.085  | 0.085f          |
| mm_we_o (net)                       | 2      |             |            |            | 0.000       |        |                 |
| _200142_:A2 (NOR2_X1)               |        | 0.002       | 0.000      | 0.007      |             | 0.000  | 0.085f          |
| _200142_:ZN (NOR2_X1)               |        | 0.001       | 0.000      | 0.012      |             | 0.024  | 0.109r          |
| mm_we_o_$_ANDNOT__B_Y (net)         | 1      |             |            |            | 0.000       |        |                 |
| _375444_:E (CLKGATE_X1)             |        | 0.001       | 0.000      | 0.012      |             | 0.000  | 0.109r          |
|                                     |        |             |            |            |             |        |                 |
| clk (port)                          |        | 1.779       | 0.000      | 0.000      |             | 0.000  | 0.000r          |
| clk (clock net)                     | 1098   |             |            |            | NA          |        |                 |
| _375444_:CK (CLKGATE_X1)            |        | 0.002       | 0.000      | 0.000      |             | 0.000  | 0.000r          |
| clock clk (rise edge)               |        |             |            |            |             | 0      | 0               |
| clock network delay (ideal)         |        |             |            |            |             | 0.000  | 0.000           |
| _375444_:CK (CLKGATE_X1)            |        |             |            |            |             |        | 0.000r          |
| library hold time                   |        |             |            |            |             | -0.001 | -0.001          |
| clock reconvergence pessimism       |        |             |            |            |             | -0.000 | -0.001          |
|                                     |        |             |            |            |             |        |                 |
| path cell delay                     |        |             |            |            |             |        | 0.109(100.000%) |
| path net delay                      |        |             |            |            |             |        | 0.000(0.000%)   |
|                                     |        |             |            |            |             |        |                 |
| data require time                   |        |             |            |            |             |        | -0.001          |
| data arrival time                   |        |             |            |            |             |        | 0.109           |
| slack (MET)                         |        |             |            |            |             |        | 0.109           |
+-------------------------------------+--------+-------------+------------+------------+-------------+--------+-----------------+
+--------------------------------------------+--------+-------------+------------+------------+-------------+--------+-----------------+
| Point                                      | Fanout | Capacitance | Resistance | Transition | Delta Delay | Incr   | Path            |
+--------------------------------------------+--------+-------------+------------+------------+-------------+--------+-----------------+
| clk (port)                                 |        | 1.779       | 0.000      | 0.000      |             | 0.000  | 0.000r          |
| clk (clock net)                            | 1098   |             |            |            | NA          |        |                 |
| tile_a_sram_we_o_$_DFF_PN0__Q:CK (DFFR_X1) |        | 0.001       | 0.000      | 0.000      |             | 0.000  | 0.000r          |
| clock clk (rise edge)                      |        |             |            |            |             | 0      | 0               |
| clock network delay (ideal)                |        |             |            |            |             | 0.000  | 0.000           |
| tile_a_sram_we_o_$_DFF_PN0__Q:CK (DFFR_X1) |        | 0.001       | 0.000      | 0.000      |             | 0.000  | 0.000r          |
| tile_a_sram_we_o_$_DFF_PN0__Q:Q (DFFR_X1)  |        | 0.002       | 0.000      | 0.007      |             | 0.085  | 0.085f          |
| tile_a_sram_we_o (net)                     | 2      |             |            |            | 0.000       |        |                 |
| _200799_:A2 (NOR2_X1)                      |        | 0.002       | 0.000      | 0.007      |             | 0.000  | 0.085f          |
| _200799_:ZN (NOR2_X1)                      |        | 0.001       | 0.000      | 0.012      |             | 0.024  | 0.109r          |
| tile_a_sram_we_o_$_ANDNOT__B_Y (net)       | 1      |             |            |            | 0.000       |        |                 |
| _375443_:E (CLKGATE_X1)                    |        | 0.001       | 0.000      | 0.012      |             | 0.000  | 0.109r          |
|                                            |        |             |            |            |             |        |                 |
| clk (port)                                 |        | 1.779       | 0.000      | 0.000      |             | 0.000  | 0.000r          |
| clk (clock net)                            | 1098   |             |            |            | NA          |        |                 |
| _375443_:CK (CLKGATE_X1)                   |        | 0.002       | 0.000      | 0.000      |             | 0.000  | 0.000r          |
| clock clk (rise edge)                      |        |             |            |            |             | 0      | 0               |
| clock network delay (ideal)                |        |             |            |            |             | 0.000  | 0.000           |
| _375443_:CK (CLKGATE_X1)                   |        |             |            |            |             |        | 0.000r          |
| library hold time                          |        |             |            |            |             | -0.001 | -0.001          |
| clock reconvergence pessimism              |        |             |            |            |             | -0.000 | -0.001          |
|                                            |        |             |            |            |             |        |                 |
| path cell delay                            |        |             |            |            |             |        | 0.109(100.000%) |
| path net delay                             |        |             |            |            |             |        | 0.000(0.000%)   |
|                                            |        |             |            |            |             |        |                 |
| data require time                          |        |             |            |            |             |        | -0.001          |
| data arrival time                          |        |             |            |            |             |        | 0.109           |
| slack (MET)                                |        |             |            |            |             |        | 0.109           |
+--------------------------------------------+--------+-------------+------------+------------+-------------+--------+-----------------+
+--------------------------------------------+--------+-------------+------------+------------+-------------+--------+-----------------+
| Point                                      | Fanout | Capacitance | Resistance | Transition | Delta Delay | Incr   | Path            |
+--------------------------------------------+--------+-------------+------------+------------+-------------+--------+-----------------+
| clk (port)                                 |        | 1.779       | 0.000      | 0.000      |             | 0.000  | 0.000r          |
| clk (clock net)                            | 1098   |             |            |            | NA          |        |                 |
| tile_b_sram_we_o_$_DFF_PN0__Q:CK (DFFR_X1) |        | 0.001       | 0.000      | 0.000      |             | 0.000  | 0.000r          |
| clock clk (rise edge)                      |        |             |            |            |             | 0      | 0               |
| clock network delay (ideal)                |        |             |            |            |             | 0.000  | 0.000           |
| tile_b_sram_we_o_$_DFF_PN0__Q:CK (DFFR_X1) |        | 0.001       | 0.000      | 0.000      |             | 0.000  | 0.000r          |
| tile_b_sram_we_o_$_DFF_PN0__Q:Q (DFFR_X1)  |        | 0.002       | 0.000      | 0.007      |             | 0.085  | 0.085f          |
| tile_b_sram_we_o (net)                     | 2      |             |            |            | 0.000       |        |                 |
| _200820_:A2 (NOR2_X1)                      |        | 0.002       | 0.000      | 0.007      |             | 0.000  | 0.085f          |
| _200820_:ZN (NOR2_X1)                      |        | 0.001       | 0.000      | 0.012      |             | 0.024  | 0.109r          |
| tile_b_sram_we_o_$_ANDNOT__B_Y (net)       | 1      |             |            |            | 0.000       |        |                 |
| _375442_:E (CLKGATE_X1)                    |        | 0.001       | 0.000      | 0.012      |             | 0.000  | 0.109r          |
|                                            |        |             |            |            |             |        |                 |
| clk (port)                                 |        | 1.779       | 0.000      | 0.000      |             | 0.000  | 0.000r          |
| clk (clock net)                            | 1098   |             |            |            | NA          |        |                 |
| _375442_:CK (CLKGATE_X1)                   |        | 0.002       | 0.000      | 0.000      |             | 0.000  | 0.000r          |
| clock clk (rise edge)                      |        |             |            |            |             | 0      | 0               |
| clock network delay (ideal)                |        |             |            |            |             | 0.000  | 0.000           |
| _375442_:CK (CLKGATE_X1)                   |        |             |            |            |             |        | 0.000r          |
| library hold time                          |        |             |            |            |             | -0.001 | -0.001          |
| clock reconvergence pessimism              |        |             |            |            |             | -0.000 | -0.001          |
|                                            |        |             |            |            |             |        |                 |
| path cell delay                            |        |             |            |            |             |        | 0.109(100.000%) |
| path net delay                             |        |             |            |            |             |        | 0.000(0.000%)   |
|                                            |        |             |            |            |             |        |                 |
| data require time                          |        |             |            |            |             |        | -0.001          |
| data arrival time                          |        |             |            |            |             |        | 0.109           |
| slack (MET)                                |        |             |            |            |             |        | 0.109           |
+--------------------------------------------+--------+-------------+------------+------------+-------------+--------+-----------------+
+--------------------------------------------------------------------------------------------------------------------------------+--------+-------------+------------+------------+-------------+--------+-----------------+
| Point                                                                                                                          | Fanout | Capacitance | Resistance | Transition | Delta Delay | Incr   | Path            |
+--------------------------------------------------------------------------------------------------------------------------------+--------+-------------+------------+------------+-------------+--------+-----------------+
| clk (port)                                                                                                                     |        | 1.779       | 0.000      | 0.000      |             | 0.000  | 0.000r          |
| clk (clock net)                                                                                                                | 1098   |             |            |            | NA          |        |                 |
| _375144_:CK (CLKGATE_X1)                                                                                                       |        | 0.002       | 0.000      | 0.000      |             | 0.000  | 0.000r          |
| _375144_:GCK (CLKGATE_X1)                                                                                                      |        | 0.383       | 0.000      | 0.000      |             | 0.000  | 0.000r          |
| _169345_ (clock net)                                                                                                           | 392    |             |            |            | NA          |        |                 |
| u_systolic_array.pe_row[9].pe_col[8].u_pe_inst.pe_calculation_done_latch_$_DFFE_PN0N__Q:CK (DFFR_X1)                           |        | 0.001       | 0.000      | 0.000      |             | 0.000  | 0.000r          |
| clock clk (rise edge)                                                                                                          |        |             |            |            |             | 0      | 0               |
| clock network delay (ideal)                                                                                                    |        |             |            |            |             | 0.000  | 0.000           |
| u_systolic_array.pe_row[9].pe_col[8].u_pe_inst.pe_calculation_done_latch_$_DFFE_PN0N__Q:CK (DFFR_X1)                           |        | 0.001       | 0.000      | 0.000      |             | 0.000  | 0.000r          |
| u_systolic_array.pe_row[9].pe_col[8].u_pe_inst.pe_calculation_done_latch_$_DFFE_PN0N__Q:QN (DFFR_X1)                           |        | 0.004       | 0.000      | 0.015      |             | 0.072  | 0.072r          |
| u_systolic_array.pe_row[9].pe_col[8].u_pe_inst.pe_calculation_done_latch_$_NOT__A_Y (net)                                      | 3      |             |            |            | 0.000       |        |                 |
| _373953_:B1 (OAI21_X1)                                                                                                         |        | 0.002       | 0.000      | 0.015      |             | 0.000  | 0.072r          |
| _373953_:ZN (OAI21_X1)                                                                                                         |        | 0.003       | 0.000      | 0.010      |             | 0.019  | 0.091f          |
| _109744_ (net)                                                                                                                 | 2      |             |            |            | 0.000       |        |                 |
| _373955_:A1 (NOR2_X1)                                                                                                          |        | 0.002       | 0.000      | 0.010      |             | 0.000  | 0.091f          |
| _373955_:ZN (NOR2_X1)                                                                                                          |        | 0.001       | 0.000      | 0.012      |             | 0.020  | 0.111r          |
| u_systolic_array.pe_row[9].pe_col[8].u_pe_inst.pe_calculation_done_latch_$_OR__B_Y_$_ANDNOT__B_Y_$_OR__A_Y_$_ANDNOT__B_Y (net) | 1      |             |            |            | 0.000       |        |                 |
| _374636_:E (CLKGATE_X1)                                                                                                        |        | 0.001       | 0.000      | 0.012      |             | 0.000  | 0.111r          |
|                                                                                                                                |        |             |            |            |             |        |                 |
| clk (port)                                                                                                                     |        | 1.779       | 0.000      | 0.000      |             | 0.000  | 0.000r          |
| clk (clock net)                                                                                                                | 1098   |             |            |            | NA          |        |                 |
| _374636_:CK (CLKGATE_X1)                                                                                                       |        | 0.002       | 0.000      | 0.000      |             | 0.000  | 0.000r          |
| clock clk (rise edge)                                                                                                          |        |             |            |            |             | 0      | 0               |
| clock network delay (ideal)                                                                                                    |        |             |            |            |             | 0.000  | 0.000           |
| _374636_:CK (CLKGATE_X1)                                                                                                       |        |             |            |            |             |        | 0.000r          |
| library hold time                                                                                                              |        |             |            |            |             | -0.001 | -0.001          |
| clock reconvergence pessimism                                                                                                  |        |             |            |            |             | -0.000 | -0.001          |
|                                                                                                                                |        |             |            |            |             |        |                 |
| path cell delay                                                                                                                |        |             |            |            |             |        | 0.111(100.000%) |
| path net delay                                                                                                                 |        |             |            |            |             |        | 0.000(0.000%)   |
|                                                                                                                                |        |             |            |            |             |        |                 |
| data require time                                                                                                              |        |             |            |            |             |        | -0.001          |
| data arrival time                                                                                                              |        |             |            |            |             |        | 0.111           |
| slack (MET)                                                                                                                    |        |             |            |            |             |        | 0.111           |
+--------------------------------------------------------------------------------------------------------------------------------+--------+-------------+------------+------------+-------------+--------+-----------------+
+--------------------------------------------------------------------------------------------------------------------------------+--------+-------------+------------+------------+-------------+--------+-----------------+
| Point                                                                                                                          | Fanout | Capacitance | Resistance | Transition | Delta Delay | Incr   | Path            |
+--------------------------------------------------------------------------------------------------------------------------------+--------+-------------+------------+------------+-------------+--------+-----------------+
| clk (port)                                                                                                                     |        | 1.779       | 0.000      | 0.000      |             | 0.000  | 0.000r          |
| clk (clock net)                                                                                                                | 1098   |             |            |            | NA          |        |                 |
| _375144_:CK (CLKGATE_X1)                                                                                                       |        | 0.002       | 0.000      | 0.000      |             | 0.000  | 0.000r          |
| _375144_:GCK (CLKGATE_X1)                                                                                                      |        | 0.383       | 0.000      | 0.000      |             | 0.000  | 0.000r          |
| _169345_ (clock net)                                                                                                           | 392    |             |            |            | NA          |        |                 |
| u_systolic_array.pe_row[9].pe_col[7].u_pe_inst.pe_calculation_done_latch_$_DFFE_PN0N__Q:CK (DFFR_X1)                           |        | 0.001       | 0.000      | 0.000      |             | 0.000  | 0.000r          |
| clock clk (rise edge)                                                                                                          |        |             |            |            |             | 0      | 0               |
| clock network delay (ideal)                                                                                                    |        |             |            |            |             | 0.000  | 0.000           |
| u_systolic_array.pe_row[9].pe_col[7].u_pe_inst.pe_calculation_done_latch_$_DFFE_PN0N__Q:CK (DFFR_X1)                           |        | 0.001       | 0.000      | 0.000      |             | 0.000  | 0.000r          |
| u_systolic_array.pe_row[9].pe_col[7].u_pe_inst.pe_calculation_done_latch_$_DFFE_PN0N__Q:QN (DFFR_X1)                           |        | 0.004       | 0.000      | 0.015      |             | 0.072  | 0.072r          |
| u_systolic_array.pe_row[9].pe_col[7].u_pe_inst.pe_calculation_done_latch_$_NOT__A_Y (net)                                      | 3      |             |            |            | 0.000       |        |                 |
| _373275_:B1 (OAI21_X1)                                                                                                         |        | 0.002       | 0.000      | 0.015      |             | 0.000  | 0.072r          |
| _373275_:ZN (OAI21_X1)                                                                                                         |        | 0.003       | 0.000      | 0.010      |             | 0.019  | 0.091f          |
| _109125_ (net)                                                                                                                 | 2      |             |            |            | 0.000       |        |                 |
| _373277_:A1 (NOR2_X1)                                                                                                          |        | 0.002       | 0.000      | 0.010      |             | 0.000  | 0.091f          |
| _373277_:ZN (NOR2_X1)                                                                                                          |        | 0.001       | 0.000      | 0.012      |             | 0.020  | 0.111r          |
| u_systolic_array.pe_row[9].pe_col[7].u_pe_inst.pe_calculation_done_latch_$_OR__B_Y_$_ANDNOT__B_Y_$_OR__A_Y_$_ANDNOT__B_Y (net) | 1      |             |            |            | 0.000       |        |                 |
| _374638_:E (CLKGATE_X1)                                                                                                        |        | 0.001       | 0.000      | 0.012      |             | 0.000  | 0.111r          |
|                                                                                                                                |        |             |            |            |             |        |                 |
| clk (port)                                                                                                                     |        | 1.779       | 0.000      | 0.000      |             | 0.000  | 0.000r          |
| clk (clock net)                                                                                                                | 1098   |             |            |            | NA          |        |                 |
| _374638_:CK (CLKGATE_X1)                                                                                                       |        | 0.002       | 0.000      | 0.000      |             | 0.000  | 0.000r          |
| clock clk (rise edge)                                                                                                          |        |             |            |            |             | 0      | 0               |
| clock network delay (ideal)                                                                                                    |        |             |            |            |             | 0.000  | 0.000           |
| _374638_:CK (CLKGATE_X1)                                                                                                       |        |             |            |            |             |        | 0.000r          |
| library hold time                                                                                                              |        |             |            |            |             | -0.001 | -0.001          |
| clock reconvergence pessimism                                                                                                  |        |             |            |            |             | -0.000 | -0.001          |
|                                                                                                                                |        |             |            |            |             |        |                 |
| path cell delay                                                                                                                |        |             |            |            |             |        | 0.111(100.000%) |
| path net delay                                                                                                                 |        |             |            |            |             |        | 0.000(0.000%)   |
|                                                                                                                                |        |             |            |            |             |        |                 |
| data require time                                                                                                              |        |             |            |            |             |        | -0.001          |
| data arrival time                                                                                                              |        |             |            |            |             |        | 0.111           |
| slack (MET)                                                                                                                    |        |             |            |            |             |        | 0.111           |
+--------------------------------------------------------------------------------------------------------------------------------+--------+-------------+------------+------------+-------------+--------+-----------------+
