Generate the report at 2025-06-29T14:44:17, GitVersion: aa25008b3778a76ae1975c839d4cc459f7f7b3b7.
+--------------------------------------------------------------------------------------+--------------------------+------------+------------+---------------+-------+-------+-----------+
| Endpoint                                                                             | Clock Group              | Delay Type | Path Delay | Path Required | CPPR  | Slack | Freq(MHz) |
+--------------------------------------------------------------------------------------+--------------------------+------------+------------+---------------+-------+-------+-----------+
| u_sa_enhanced.pe_row_gen[9].pe_col_gen[8].u_pe_inst.mul_result_reg_$_DFFE_PN0P__Q:D  | clk                      | max        | 1.079r     | 1.086         | 0.000 | 0.007 | 898.491   |
| u_sa_enhanced.pe_row_gen[9].pe_col_gen[8].u_pe_inst.mul_result_reg_$_DFFE_PN0P__Q:D  | clk                      | max        | 1.079r     | 1.086         | 0.000 | 0.007 | 898.491   |
| u_sa_enhanced.pe_row_gen[10].pe_col_gen[9].u_pe_inst.mul_result_reg_$_DFFE_PN0P__Q:D | clk                      | max        | 1.079r     | 1.086         | 0.000 | 0.007 | 898.491   |
| u_sa_enhanced.pe_row_gen[10].pe_col_gen[9].u_pe_inst.mul_result_reg_$_DFFE_PN0P__Q:D | clk                      | max        | 1.079r     | 1.086         | 0.000 | 0.007 | 898.491   |
| u_sa_enhanced.pe_row_gen[3].pe_col_gen[1].u_pe_inst.mul_result_reg_$_DFFE_PN0P__Q:D  | clk                      | max        | 1.079r     | 1.086         | 0.000 | 0.007 | 898.491   |
| _369028_:E                                                                           | **clock_gating_default** | max        | 0.601r     | 1.069         | 0.000 | 0.469 | NA        |
| _368902_:E                                                                           | **clock_gating_default** | max        | 0.601r     | 1.069         | 0.000 | 0.469 | NA        |
| _368874_:E                                                                           | **clock_gating_default** | max        | 0.601r     | 1.069         | 0.000 | 0.469 | NA        |
| _368870_:E                                                                           | **clock_gating_default** | max        | 0.601r     | 1.069         | 0.000 | 0.469 | NA        |
| _368868_:E                                                                           | **clock_gating_default** | max        | 0.601r     | 1.069         | 0.000 | 0.469 | NA        |
| i_writer_idx_q_$_DFFE_PN0P__Q_4:D                                                    | clk                      | min        | 0.066r     | 0.006         | 0.000 | 0.060 | NA        |
| i_writer_idx_q_$_DFFE_PN0P__Q_4:D                                                    | clk                      | min        | 0.066r     | 0.006         | 0.000 | 0.060 | NA        |
| write_state_q_$_DFFE_PN0P__Q:D                                                       | clk                      | min        | 0.069r     | 0.007         | 0.000 | 0.062 | NA        |
| write_state_q_$_DFFE_PN0P__Q:D                                                       | clk                      | min        | 0.069r     | 0.007         | 0.000 | 0.062 | NA        |
| i_writer_idx_q_$_DFFE_PN0P__Q_4:D                                                    | clk                      | min        | 0.065f     | 0.003         | 0.000 | 0.062 | NA        |
| _369049_:E                                                                           | **clock_gating_default** | min        | 0.078f     | -0.016        | 0.000 | 0.094 | NA        |
| _369049_:E                                                                           | **clock_gating_default** | min        | 0.094r     | -0.001        | 0.000 | 0.095 | NA        |
| _368526_:E                                                                           | **clock_gating_default** | min        | 0.121r     | 0.003         | 0.000 | 0.119 | NA        |
| _369044_:E                                                                           | **clock_gating_default** | min        | 0.122r     | -0.001        | 0.000 | 0.122 | NA        |
| _369043_:E                                                                           | **clock_gating_default** | min        | 0.122r     | -0.001        | 0.000 | 0.123 | NA        |
+--------------------------------------------------------------------------------------+--------------------------+------------+------------+---------------+-------+-------+-----------+
+-------+------------+-------+
| Clock | Delay Type | TNS   |
+-------+------------+-------+
| clk   | max        | 0.000 |
| clk   | min        | 0.000 |
+-------+------------+-------+
+------------------------------------------------------------------------------------------------+--------+-------------+------------+------------+-------------+--------+-----------------+
| Point                                                                                          | Fanout | Capacitance | Resistance | Transition | Delta Delay | Incr   | Path            |
+------------------------------------------------------------------------------------------------+--------+-------------+------------+------------+-------------+--------+-----------------+
| clk (port)                                                                                     |        | 1.639       | 0.000      | 0.000      |             | 0.000  | 0.000r          |
| clk (clock net)                                                                                | 1212   |             |            |            | NA          |        |                 |
| _369040_:CK (CLKGATE_X1)                                                                       |        | 0.002       | 0.000      | 0.000      |             | 0.000  | 0.000r          |
| _369040_:GCK (CLKGATE_X1)                                                                      |        | 8.234       | 0.000      | 0.000      |             | 0.000  | 0.000r          |
| _167511_ (clock net)                                                                           | 8432   |             |            |            | NA          |        |                 |
| u_sa_enhanced.pe_row_gen[9].pe_col_gen[8].u_pe_inst.b_reg_$_DFFE_PN0P__Q:CK (DFFR_X1)          |        | 0.001       | 0.000      | 0.000      |             | 0.000  | 0.000r          |
| clock clk (rise edge)                                                                          |        |             |            |            |             | 0      | 0               |
| clock network delay (ideal)                                                                    |        |             |            |            |             | 0.000  | 0.000           |
| u_sa_enhanced.pe_row_gen[9].pe_col_gen[8].u_pe_inst.b_reg_$_DFFE_PN0P__Q:CK (DFFR_X1)          |        | 0.001       | 0.000      | 0.000      |             | 0.000  | 0.000r          |
| u_sa_enhanced.pe_row_gen[9].pe_col_gen[8].u_pe_inst.b_reg_$_DFFE_PN0P__Q:Q (DFFR_X1)           |        | 0.044       | 0.000      | 0.104      |             | 0.199  | 0.199r          |
| u_sa_enhanced.b_data_wires[103][7] (net)                                                       | 15     |             |            |            | 0.000       |        |                 |
| _367524_:A (INV_X16)                                                                           |        | 0.025       | 0.000      | 0.104      |             | 0.000  | 0.199r          |
| _367524_:ZN (INV_X16)                                                                          |        | 0.005       | 0.000      | 0.017      |             | -0.000 | 0.199f          |
| _108496_ (net)                                                                                 | 3      |             |            |            | 0.000       |        |                 |
| _367525_:A1 (OR2_X1)                                                                           |        | 0.001       | 0.000      | 0.017      |             | 0.000  | 0.199f          |
| _367525_:ZN (OR2_X1)                                                                           |        | 0.005       | 0.000      | 0.014      |             | 0.057  | 0.256f          |
| _108497_ (net)                                                                                 | 2      |             |            |            | 0.000       |        |                 |
| _367527_:A (XNOR2_X2)                                                                          |        | 0.004       | 0.000      | 0.014      |             | 0.000  | 0.256f          |
| _367527_:ZN (XNOR2_X2)                                                                         |        | 0.006       | 0.000      | 0.025      |             | 0.036  | 0.291r          |
| _108499_ (net)                                                                                 | 2      |             |            |            | 0.000       |        |                 |
| _367528_:A1 (NAND3_X1)                                                                         |        | 0.002       | 0.000      | 0.025      |             | 0.000  | 0.291r          |
| _367528_:ZN (NAND3_X1)                                                                         |        | 0.002       | 0.000      | 0.015      |             | 0.023  | 0.314f          |
| _108500_ (net)                                                                                 | 1      |             |            |            | 0.000       |        |                 |
| _367530_:A (OAI21_X1)                                                                          |        | 0.002       | 0.000      | 0.015      |             | 0.000  | 0.314f          |
| _367530_:ZN (OAI21_X1)                                                                         |        | 0.004       | 0.000      | 0.029      |             | 0.028  | 0.342r          |
| _108502_ (net)                                                                                 | 2      |             |            |            | 0.000       |        |                 |
| _367532_:A (XOR2_X1)                                                                           |        | 0.002       | 0.000      | 0.029      |             | 0.000  | 0.342r          |
| _367532_:Z (XOR2_X1)                                                                           |        | 0.004       | 0.000      | 0.032      |             | 0.062  | 0.405r          |
| _108504_ (net)                                                                                 | 2      |             |            |            | 0.000       |        |                 |
| _367556_:A (XOR2_X1)                                                                           |        | 0.002       | 0.000      | 0.032      |             | 0.000  | 0.405r          |
| _367556_:Z (XOR2_X1)                                                                           |        | 0.004       | 0.000      | 0.032      |             | 0.063  | 0.468r          |
| _108528_ (net)                                                                                 | 2      |             |            |            | 0.000       |        |                 |
| _367572_:A (XOR2_X1)                                                                           |        | 0.002       | 0.000      | 0.032      |             | 0.000  | 0.468r          |
| _367572_:Z (XOR2_X1)                                                                           |        | 0.004       | 0.000      | 0.032      |             | 0.063  | 0.530r          |
| _108544_ (net)                                                                                 | 2      |             |            |            | 0.000       |        |                 |
| _367698_:A (XOR2_X1)                                                                           |        | 0.002       | 0.000      | 0.032      |             | 0.000  | 0.530r          |
| _367698_:Z (XOR2_X1)                                                                           |        | 0.004       | 0.000      | 0.032      |             | 0.063  | 0.593r          |
| _108670_ (net)                                                                                 | 2      |             |            |            | 0.000       |        |                 |
| _367702_:A (XOR2_X1)                                                                           |        | 0.002       | 0.000      | 0.032      |             | 0.000  | 0.593r          |
| _367702_:Z (XOR2_X1)                                                                           |        | 0.004       | 0.000      | 0.032      |             | 0.063  | 0.656r          |
| _108674_ (net)                                                                                 | 2      |             |            |            | 0.000       |        |                 |
| _367706_:A (XOR2_X1)                                                                           |        | 0.002       | 0.000      | 0.032      |             | 0.000  | 0.656r          |
| _367706_:Z (XOR2_X1)                                                                           |        | 0.005       | 0.000      | 0.037      |             | 0.068  | 0.724r          |
| _108678_ (net)                                                                                 | 3      |             |            |            | 0.000       |        |                 |
| _367710_:A1 (AND2_X1)                                                                          |        | 0.001       | 0.000      | 0.037      |             | 0.000  | 0.724r          |
| _367710_:ZN (AND2_X1)                                                                          |        | 0.005       | 0.000      | 0.018      |             | 0.051  | 0.775r          |
| _108682_ (net)                                                                                 | 2      |             |            |            | 0.000       |        |                 |
| _367712_:A2 (NOR3_X2)                                                                          |        | 0.003       | 0.000      | 0.018      |             | 0.000  | 0.775r          |
| _367712_:ZN (NOR3_X2)                                                                          |        | 0.001       | 0.000      | 0.009      |             | 0.012  | 0.787f          |
| _108684_ (net)                                                                                 | 1      |             |            |            | 0.000       |        |                 |
| _367713_:A1 (NOR2_X1)                                                                          |        | 0.002       | 0.000      | 0.009      |             | 0.000  | 0.787f          |
| _367713_:ZN (NOR2_X1)                                                                          |        | 0.004       | 0.000      | 0.026      |             | 0.035  | 0.822r          |
| _108685_ (net)                                                                                 | 2      |             |            |            | 0.000       |        |                 |
| _367714_:A (INV_X1)                                                                            |        | 0.002       | 0.000      | 0.026      |             | 0.000  | 0.822r          |
| _367714_:ZN (INV_X1)                                                                           |        | 0.002       | 0.000      | 0.008      |             | 0.010  | 0.833f          |
| _108686_ (net)                                                                                 | 1      |             |            |            | 0.000       |        |                 |
| _367720_:A1 (AND2_X2)                                                                          |        | 0.002       | 0.000      | 0.008      |             | 0.000  | 0.833f          |
| _367720_:ZN (AND2_X2)                                                                          |        | 0.004       | 0.000      | 0.007      |             | 0.028  | 0.861f          |
| _108692_ (net)                                                                                 | 2      |             |            |            | 0.000       |        |                 |
| _367722_:B1 (OAI21_X2)                                                                         |        | 0.003       | 0.000      | 0.007      |             | 0.000  | 0.861f          |
| _367722_:ZN (OAI21_X2)                                                                         |        | 0.002       | 0.000      | 0.015      |             | 0.022  | 0.883r          |
| _108694_ (net)                                                                                 | 1      |             |            |            | 0.000       |        |                 |
| _367723_:A (INV_X1)                                                                            |        | 0.002       | 0.000      | 0.015      |             | 0.000  | 0.883r          |
| _367723_:ZN (INV_X1)                                                                           |        | 0.003       | 0.000      | 0.007      |             | 0.011  | 0.894f          |
| _108695_ (net)                                                                                 | 2      |             |            |            | 0.000       |        |                 |
| _367725_:B1 (OAI21_X1)                                                                         |        | 0.002       | 0.000      | 0.007      |             | 0.000  | 0.894f          |
| _367725_:ZN (OAI21_X1)                                                                         |        | 0.002       | 0.000      | 0.020      |             | 0.027  | 0.922r          |
| _108697_ (net)                                                                                 | 1      |             |            |            | 0.000       |        |                 |
| _367727_:A1 (NAND2_X1)                                                                         |        | 0.002       | 0.000      | 0.020      |             | 0.000  | 0.922r          |
| _367727_:ZN (NAND2_X1)                                                                         |        | 0.004       | 0.000      | 0.012      |             | 0.021  | 0.943f          |
| _108699_ (net)                                                                                 | 2      |             |            |            | 0.000       |        |                 |
| _367739_:A1 (NAND2_X1)                                                                         |        | 0.002       | 0.000      | 0.012      |             | 0.000  | 0.943f          |
| _367739_:ZN (NAND2_X1)                                                                         |        | 0.003       | 0.000      | 0.015      |             | 0.022  | 0.965r          |
| _108711_ (net)                                                                                 | 1      |             |            |            | 0.000       |        |                 |
| _367741_:A1 (NAND2_X2)                                                                         |        | 0.003       | 0.000      | 0.015      |             | 0.000  | 0.965r          |
| _367741_:ZN (NAND2_X2)                                                                         |        | 0.005       | 0.000      | 0.010      |             | 0.018  | 0.982f          |
| _108713_ (net)                                                                                 | 2      |             |            |            | 0.000       |        |                 |
| _367747_:A1 (NAND2_X2)                                                                         |        | 0.003       | 0.000      | 0.010      |             | 0.000  | 0.982f          |
| _367747_:ZN (NAND2_X2)                                                                         |        | 0.003       | 0.000      | 0.011      |             | 0.016  | 0.998r          |
| _108719_ (net)                                                                                 | 1      |             |            |            | 0.000       |        |                 |
| _367749_:A1 (NAND2_X2)                                                                         |        | 0.003       | 0.000      | 0.011      |             | 0.000  | 0.998r          |
| _367749_:ZN (NAND2_X2)                                                                         |        | 0.004       | 0.000      | 0.008      |             | 0.014  | 1.012f          |
| _108721_ (net)                                                                                 | 2      |             |            |            | 0.000       |        |                 |
| _367751_:A1 (NAND2_X1)                                                                         |        | 0.002       | 0.000      | 0.008      |             | 0.000  | 1.012f          |
| _367751_:ZN (NAND2_X1)                                                                         |        | 0.001       | 0.000      | 0.009      |             | 0.012  | 1.024r          |
| _108723_ (net)                                                                                 | 1      |             |            |            | 0.000       |        |                 |
| _367763_:A2 (AND4_X1)                                                                          |        | 0.001       | 0.000      | 0.009      |             | 0.000  | 1.024r          |
| _367763_:ZN (AND4_X1)                                                                          |        | 0.001       | 0.000      | 0.013      |             | 0.055  | 1.079r          |
| u_sa_enhanced.pe_row_gen[9].pe_col_gen[8].u_pe_inst.mul_output_data[15] (net)                  | 1      |             |            |            | 0.000       |        |                 |
| u_sa_enhanced.pe_row_gen[9].pe_col_gen[8].u_pe_inst.mul_result_reg_$_DFFE_PN0P__Q:D (DFFR_X1)  |        | 0.001       | 0.000      | 0.013      |             | 0.000  | 1.079r          |
|                                                                                                |        |             |            |            |             |        |                 |
| clk (port)                                                                                     |        | 1.639       | 0.000      | 0.000      |             | 0.000  | 0.000r          |
| clk (clock net)                                                                                | 1212   |             |            |            | NA          |        |                 |
| _369040_:CK (CLKGATE_X1)                                                                       |        | 0.002       | 0.000      | 0.000      |             | 0.000  | 0.000r          |
| _369040_:GCK (CLKGATE_X1)                                                                      |        | 8.234       | 0.000      | 0.000      |             | 0.000  | 0.000r          |
| _167511_ (clock net)                                                                           | 8432   |             |            |            | NA          |        |                 |
| u_sa_enhanced.pe_row_gen[9].pe_col_gen[8].u_pe_inst.mul_result_reg_$_DFFE_PN0P__Q:CK (DFFR_X1) |        | 0.001       | 0.000      | 0.000      |             | 0.000  | 0.000r          |
| clock clk (rise edge)                                                                          |        |             |            |            |             | 1.12   | 1.12            |
| clock network delay (ideal)                                                                    |        |             |            |            |             | 0.000  | 1.120           |
| u_sa_enhanced.pe_row_gen[9].pe_col_gen[8].u_pe_inst.mul_result_reg_$_DFFE_PN0P__Q:CK (DFFR_X1) |        |             |            |            |             |        | 1.120r          |
| library setup time                                                                             |        |             |            |            |             | -0.034 | 1.086           |
| clock reconvergence pessimism                                                                  |        |             |            |            |             | 0.000  | 1.086           |
|                                                                                                |        |             |            |            |             |        |                 |
| path cell delay                                                                                |        |             |            |            |             |        | 1.079(100.000%) |
| path net delay                                                                                 |        |             |            |            |             |        | 0.000(0.000%)   |
|                                                                                                |        |             |            |            |             |        |                 |
| data require time                                                                              |        |             |            |            |             |        | 1.086           |
| data arrival time                                                                              |        |             |            |            |             |        | 1.079           |
| slack (MET)                                                                                    |        |             |            |            |             |        | 0.007           |
+------------------------------------------------------------------------------------------------+--------+-------------+------------+------------+-------------+--------+-----------------+
+------------------------------------------------------------------------------------------------+--------+-------------+------------+------------+-------------+--------+-----------------+
| Point                                                                                          | Fanout | Capacitance | Resistance | Transition | Delta Delay | Incr   | Path            |
+------------------------------------------------------------------------------------------------+--------+-------------+------------+------------+-------------+--------+-----------------+
| clk (port)                                                                                     |        | 1.639       | 0.000      | 0.000      |             | 0.000  | 0.000r          |
| clk (clock net)                                                                                | 1212   |             |            |            | NA          |        |                 |
| _369040_:CK (CLKGATE_X1)                                                                       |        | 0.002       | 0.000      | 0.000      |             | 0.000  | 0.000r          |
| _369040_:GCK (CLKGATE_X1)                                                                      |        | 8.234       | 0.000      | 0.000      |             | 0.000  | 0.000r          |
| _167511_ (clock net)                                                                           | 8432   |             |            |            | NA          |        |                 |
| u_sa_enhanced.pe_row_gen[9].pe_col_gen[8].u_pe_inst.b_reg_$_DFFE_PN0P__Q:CK (DFFR_X1)          |        | 0.001       | 0.000      | 0.000      |             | 0.000  | 0.000r          |
| clock clk (rise edge)                                                                          |        |             |            |            |             | 0      | 0               |
| clock network delay (ideal)                                                                    |        |             |            |            |             | 0.000  | 0.000           |
| u_sa_enhanced.pe_row_gen[9].pe_col_gen[8].u_pe_inst.b_reg_$_DFFE_PN0P__Q:CK (DFFR_X1)          |        | 0.001       | 0.000      | 0.000      |             | 0.000  | 0.000r          |
| u_sa_enhanced.pe_row_gen[9].pe_col_gen[8].u_pe_inst.b_reg_$_DFFE_PN0P__Q:Q (DFFR_X1)           |        | 0.044       | 0.000      | 0.104      |             | 0.199  | 0.199r          |
| u_sa_enhanced.b_data_wires[103][7] (net)                                                       | 15     |             |            |            | 0.000       |        |                 |
| _367524_:A (INV_X16)                                                                           |        | 0.025       | 0.000      | 0.104      |             | 0.000  | 0.199r          |
| _367524_:ZN (INV_X16)                                                                          |        | 0.005       | 0.000      | 0.017      |             | -0.000 | 0.199f          |
| _108496_ (net)                                                                                 | 3      |             |            |            | 0.000       |        |                 |
| _367525_:A1 (OR2_X1)                                                                           |        | 0.001       | 0.000      | 0.017      |             | 0.000  | 0.199f          |
| _367525_:ZN (OR2_X1)                                                                           |        | 0.005       | 0.000      | 0.014      |             | 0.057  | 0.256f          |
| _108497_ (net)                                                                                 | 2      |             |            |            | 0.000       |        |                 |
| _367527_:A (XNOR2_X2)                                                                          |        | 0.004       | 0.000      | 0.014      |             | 0.000  | 0.256f          |
| _367527_:ZN (XNOR2_X2)                                                                         |        | 0.006       | 0.000      | 0.025      |             | 0.036  | 0.291r          |
| _108499_ (net)                                                                                 | 2      |             |            |            | 0.000       |        |                 |
| _367528_:A1 (NAND3_X1)                                                                         |        | 0.002       | 0.000      | 0.025      |             | 0.000  | 0.291r          |
| _367528_:ZN (NAND3_X1)                                                                         |        | 0.002       | 0.000      | 0.015      |             | 0.023  | 0.314f          |
| _108500_ (net)                                                                                 | 1      |             |            |            | 0.000       |        |                 |
| _367530_:A (OAI21_X1)                                                                          |        | 0.002       | 0.000      | 0.015      |             | 0.000  | 0.314f          |
| _367530_:ZN (OAI21_X1)                                                                         |        | 0.004       | 0.000      | 0.029      |             | 0.028  | 0.342r          |
| _108502_ (net)                                                                                 | 2      |             |            |            | 0.000       |        |                 |
| _367532_:A (XOR2_X1)                                                                           |        | 0.002       | 0.000      | 0.029      |             | 0.000  | 0.342r          |
| _367532_:Z (XOR2_X1)                                                                           |        | 0.004       | 0.000      | 0.032      |             | 0.062  | 0.405r          |
| _108504_ (net)                                                                                 | 2      |             |            |            | 0.000       |        |                 |
| _367556_:A (XOR2_X1)                                                                           |        | 0.002       | 0.000      | 0.032      |             | 0.000  | 0.405r          |
| _367556_:Z (XOR2_X1)                                                                           |        | 0.004       | 0.000      | 0.032      |             | 0.063  | 0.468r          |
| _108528_ (net)                                                                                 | 2      |             |            |            | 0.000       |        |                 |
| _367572_:A (XOR2_X1)                                                                           |        | 0.002       | 0.000      | 0.032      |             | 0.000  | 0.468r          |
| _367572_:Z (XOR2_X1)                                                                           |        | 0.004       | 0.000      | 0.032      |             | 0.063  | 0.530r          |
| _108544_ (net)                                                                                 | 2      |             |            |            | 0.000       |        |                 |
| _367698_:A (XOR2_X1)                                                                           |        | 0.002       | 0.000      | 0.032      |             | 0.000  | 0.530r          |
| _367698_:Z (XOR2_X1)                                                                           |        | 0.004       | 0.000      | 0.032      |             | 0.063  | 0.593r          |
| _108670_ (net)                                                                                 | 2      |             |            |            | 0.000       |        |                 |
| _367702_:A (XOR2_X1)                                                                           |        | 0.002       | 0.000      | 0.032      |             | 0.000  | 0.593r          |
| _367702_:Z (XOR2_X1)                                                                           |        | 0.004       | 0.000      | 0.032      |             | 0.063  | 0.656r          |
| _108674_ (net)                                                                                 | 2      |             |            |            | 0.000       |        |                 |
| _367706_:A (XOR2_X1)                                                                           |        | 0.002       | 0.000      | 0.032      |             | 0.000  | 0.656r          |
| _367706_:Z (XOR2_X1)                                                                           |        | 0.005       | 0.000      | 0.037      |             | 0.068  | 0.724r          |
| _108678_ (net)                                                                                 | 3      |             |            |            | 0.000       |        |                 |
| _367710_:A1 (AND2_X1)                                                                          |        | 0.001       | 0.000      | 0.037      |             | 0.000  | 0.724r          |
| _367710_:ZN (AND2_X1)                                                                          |        | 0.005       | 0.000      | 0.018      |             | 0.051  | 0.775r          |
| _108682_ (net)                                                                                 | 2      |             |            |            | 0.000       |        |                 |
| _367712_:A2 (NOR3_X2)                                                                          |        | 0.003       | 0.000      | 0.018      |             | 0.000  | 0.775r          |
| _367712_:ZN (NOR3_X2)                                                                          |        | 0.001       | 0.000      | 0.009      |             | 0.012  | 0.787f          |
| _108684_ (net)                                                                                 | 1      |             |            |            | 0.000       |        |                 |
| _367713_:A1 (NOR2_X1)                                                                          |        | 0.002       | 0.000      | 0.009      |             | 0.000  | 0.787f          |
| _367713_:ZN (NOR2_X1)                                                                          |        | 0.004       | 0.000      | 0.026      |             | 0.035  | 0.822r          |
| _108685_ (net)                                                                                 | 2      |             |            |            | 0.000       |        |                 |
| _367714_:A (INV_X1)                                                                            |        | 0.002       | 0.000      | 0.026      |             | 0.000  | 0.822r          |
| _367714_:ZN (INV_X1)                                                                           |        | 0.002       | 0.000      | 0.008      |             | 0.010  | 0.833f          |
| _108686_ (net)                                                                                 | 1      |             |            |            | 0.000       |        |                 |
| _367720_:A1 (AND2_X2)                                                                          |        | 0.002       | 0.000      | 0.008      |             | 0.000  | 0.833f          |
| _367720_:ZN (AND2_X2)                                                                          |        | 0.004       | 0.000      | 0.007      |             | 0.028  | 0.861f          |
| _108692_ (net)                                                                                 | 2      |             |            |            | 0.000       |        |                 |
| _367722_:B1 (OAI21_X2)                                                                         |        | 0.003       | 0.000      | 0.007      |             | 0.000  | 0.861f          |
| _367722_:ZN (OAI21_X2)                                                                         |        | 0.002       | 0.000      | 0.015      |             | 0.022  | 0.883r          |
| _108694_ (net)                                                                                 | 1      |             |            |            | 0.000       |        |                 |
| _367723_:A (INV_X1)                                                                            |        | 0.002       | 0.000      | 0.015      |             | 0.000  | 0.883r          |
| _367723_:ZN (INV_X1)                                                                           |        | 0.003       | 0.000      | 0.007      |             | 0.011  | 0.894f          |
| _108695_ (net)                                                                                 | 2      |             |            |            | 0.000       |        |                 |
| _367725_:B1 (OAI21_X1)                                                                         |        | 0.002       | 0.000      | 0.007      |             | 0.000  | 0.894f          |
| _367725_:ZN (OAI21_X1)                                                                         |        | 0.002       | 0.000      | 0.020      |             | 0.027  | 0.922r          |
| _108697_ (net)                                                                                 | 1      |             |            |            | 0.000       |        |                 |
| _367727_:A1 (NAND2_X1)                                                                         |        | 0.002       | 0.000      | 0.020      |             | 0.000  | 0.922r          |
| _367727_:ZN (NAND2_X1)                                                                         |        | 0.004       | 0.000      | 0.012      |             | 0.021  | 0.943f          |
| _108699_ (net)                                                                                 | 2      |             |            |            | 0.000       |        |                 |
| _367739_:A1 (NAND2_X1)                                                                         |        | 0.002       | 0.000      | 0.012      |             | 0.000  | 0.943f          |
| _367739_:ZN (NAND2_X1)                                                                         |        | 0.003       | 0.000      | 0.015      |             | 0.022  | 0.965r          |
| _108711_ (net)                                                                                 | 1      |             |            |            | 0.000       |        |                 |
| _367741_:A1 (NAND2_X2)                                                                         |        | 0.003       | 0.000      | 0.015      |             | 0.000  | 0.965r          |
| _367741_:ZN (NAND2_X2)                                                                         |        | 0.005       | 0.000      | 0.010      |             | 0.018  | 0.982f          |
| _108713_ (net)                                                                                 | 2      |             |            |            | 0.000       |        |                 |
| _367747_:A1 (NAND2_X2)                                                                         |        | 0.003       | 0.000      | 0.010      |             | 0.000  | 0.982f          |
| _367747_:ZN (NAND2_X2)                                                                         |        | 0.003       | 0.000      | 0.011      |             | 0.016  | 0.998r          |
| _108719_ (net)                                                                                 | 1      |             |            |            | 0.000       |        |                 |
| _367749_:A1 (NAND2_X2)                                                                         |        | 0.003       | 0.000      | 0.011      |             | 0.000  | 0.998r          |
| _367749_:ZN (NAND2_X2)                                                                         |        | 0.004       | 0.000      | 0.008      |             | 0.014  | 1.012f          |
| _108721_ (net)                                                                                 | 2      |             |            |            | 0.000       |        |                 |
| _367751_:A1 (NAND2_X1)                                                                         |        | 0.002       | 0.000      | 0.008      |             | 0.000  | 1.012f          |
| _367751_:ZN (NAND2_X1)                                                                         |        | 0.001       | 0.000      | 0.009      |             | 0.012  | 1.024r          |
| _108723_ (net)                                                                                 | 1      |             |            |            | 0.000       |        |                 |
| _367763_:A2 (AND4_X1)                                                                          |        | 0.001       | 0.000      | 0.009      |             | 0.000  | 1.024r          |
| _367763_:ZN (AND4_X1)                                                                          |        | 0.001       | 0.000      | 0.013      |             | 0.055  | 1.079r          |
| u_sa_enhanced.pe_row_gen[9].pe_col_gen[8].u_pe_inst.mul_output_data[15] (net)                  | 1      |             |            |            | 0.000       |        |                 |
| u_sa_enhanced.pe_row_gen[9].pe_col_gen[8].u_pe_inst.mul_result_reg_$_DFFE_PN0P__Q:D (DFFR_X1)  |        | 0.001       | 0.000      | 0.013      |             | 0.000  | 1.079r          |
|                                                                                                |        |             |            |            |             |        |                 |
| clk (port)                                                                                     |        | 1.639       | 0.000      | 0.000      |             | 0.000  | 0.000r          |
| clk (clock net)                                                                                | 1212   |             |            |            | NA          |        |                 |
| _369040_:CK (CLKGATE_X1)                                                                       |        | 0.002       | 0.000      | 0.000      |             | 0.000  | 0.000r          |
| _369040_:GCK (CLKGATE_X1)                                                                      |        | 8.234       | 0.000      | 0.000      |             | 0.000  | 0.000r          |
| _167511_ (clock net)                                                                           | 8432   |             |            |            | NA          |        |                 |
| u_sa_enhanced.pe_row_gen[9].pe_col_gen[8].u_pe_inst.mul_result_reg_$_DFFE_PN0P__Q:CK (DFFR_X1) |        | 0.001       | 0.000      | 0.000      |             | 0.000  | 0.000r          |
| clock clk (rise edge)                                                                          |        |             |            |            |             | 1.12   | 1.12            |
| clock network delay (ideal)                                                                    |        |             |            |            |             | 0.000  | 1.120           |
| u_sa_enhanced.pe_row_gen[9].pe_col_gen[8].u_pe_inst.mul_result_reg_$_DFFE_PN0P__Q:CK (DFFR_X1) |        |             |            |            |             |        | 1.120r          |
| library setup time                                                                             |        |             |            |            |             | -0.034 | 1.086           |
| clock reconvergence pessimism                                                                  |        |             |            |            |             | 0.000  | 1.086           |
|                                                                                                |        |             |            |            |             |        |                 |
| path cell delay                                                                                |        |             |            |            |             |        | 1.079(100.000%) |
| path net delay                                                                                 |        |             |            |            |             |        | 0.000(0.000%)   |
|                                                                                                |        |             |            |            |             |        |                 |
| data require time                                                                              |        |             |            |            |             |        | 1.086           |
| data arrival time                                                                              |        |             |            |            |             |        | 1.079           |
| slack (MET)                                                                                    |        |             |            |            |             |        | 0.007           |
+------------------------------------------------------------------------------------------------+--------+-------------+------------+------------+-------------+--------+-----------------+
+-------------------------------------------------------------------------------------------------+--------+-------------+------------+------------+-------------+--------+-----------------+
| Point                                                                                           | Fanout | Capacitance | Resistance | Transition | Delta Delay | Incr   | Path            |
+-------------------------------------------------------------------------------------------------+--------+-------------+------------+------------+-------------+--------+-----------------+
| clk (port)                                                                                      |        | 1.639       | 0.000      | 0.000      |             | 0.000  | 0.000r          |
| clk (clock net)                                                                                 | 1212   |             |            |            | NA          |        |                 |
| _369040_:CK (CLKGATE_X1)                                                                        |        | 0.002       | 0.000      | 0.000      |             | 0.000  | 0.000r          |
| _369040_:GCK (CLKGATE_X1)                                                                       |        | 8.234       | 0.000      | 0.000      |             | 0.000  | 0.000r          |
| _167511_ (clock net)                                                                            | 8432   |             |            |            | NA          |        |                 |
| u_sa_enhanced.pe_row_gen[10].pe_col_gen[9].u_pe_inst.b_reg_$_DFFE_PN0P__Q:CK (DFFR_X1)          |        | 0.001       | 0.000      | 0.000      |             | 0.000  | 0.000r          |
| clock clk (rise edge)                                                                           |        |             |            |            |             | 0      | 0               |
| clock network delay (ideal)                                                                     |        |             |            |            |             | 0.000  | 0.000           |
| u_sa_enhanced.pe_row_gen[10].pe_col_gen[9].u_pe_inst.b_reg_$_DFFE_PN0P__Q:CK (DFFR_X1)          |        | 0.001       | 0.000      | 0.000      |             | 0.000  | 0.000r          |
| u_sa_enhanced.pe_row_gen[10].pe_col_gen[9].u_pe_inst.b_reg_$_DFFE_PN0P__Q:Q (DFFR_X1)           |        | 0.044       | 0.000      | 0.104      |             | 0.199  | 0.199r          |
| u_sa_enhanced.b_data_wires[86][7] (net)                                                         | 15     |             |            |            | 0.000       |        |                 |
| _220412_:A (INV_X16)                                                                            |        | 0.025       | 0.000      | 0.104      |             | 0.000  | 0.199r          |
| _220412_:ZN (INV_X16)                                                                           |        | 0.005       | 0.000      | 0.017      |             | -0.000 | 0.199f          |
| _141099_ (net)                                                                                  | 3      |             |            |            | 0.000       |        |                 |
| _220413_:A1 (OR2_X1)                                                                            |        | 0.001       | 0.000      | 0.017      |             | 0.000  | 0.199f          |
| _220413_:ZN (OR2_X1)                                                                            |        | 0.005       | 0.000      | 0.014      |             | 0.057  | 0.256f          |
| _141100_ (net)                                                                                  | 2      |             |            |            | 0.000       |        |                 |
| _220415_:A (XNOR2_X2)                                                                           |        | 0.004       | 0.000      | 0.014      |             | 0.000  | 0.256f          |
| _220415_:ZN (XNOR2_X2)                                                                          |        | 0.006       | 0.000      | 0.025      |             | 0.036  | 0.291r          |
| _141102_ (net)                                                                                  | 2      |             |            |            | 0.000       |        |                 |
| _220416_:A1 (NAND3_X1)                                                                          |        | 0.002       | 0.000      | 0.025      |             | 0.000  | 0.291r          |
| _220416_:ZN (NAND3_X1)                                                                          |        | 0.002       | 0.000      | 0.015      |             | 0.023  | 0.314f          |
| _141103_ (net)                                                                                  | 1      |             |            |            | 0.000       |        |                 |
| _220418_:A (OAI21_X1)                                                                           |        | 0.002       | 0.000      | 0.015      |             | 0.000  | 0.314f          |
| _220418_:ZN (OAI21_X1)                                                                          |        | 0.004       | 0.000      | 0.029      |             | 0.028  | 0.342r          |
| _141105_ (net)                                                                                  | 2      |             |            |            | 0.000       |        |                 |
| _220420_:A (XOR2_X1)                                                                            |        | 0.002       | 0.000      | 0.029      |             | 0.000  | 0.342r          |
| _220420_:Z (XOR2_X1)                                                                            |        | 0.004       | 0.000      | 0.032      |             | 0.062  | 0.405r          |
| _141107_ (net)                                                                                  | 2      |             |            |            | 0.000       |        |                 |
| _220444_:A (XOR2_X1)                                                                            |        | 0.002       | 0.000      | 0.032      |             | 0.000  | 0.405r          |
| _220444_:Z (XOR2_X1)                                                                            |        | 0.004       | 0.000      | 0.032      |             | 0.063  | 0.468r          |
| _141131_ (net)                                                                                  | 2      |             |            |            | 0.000       |        |                 |
| _220460_:A (XOR2_X1)                                                                            |        | 0.002       | 0.000      | 0.032      |             | 0.000  | 0.468r          |
| _220460_:Z (XOR2_X1)                                                                            |        | 0.004       | 0.000      | 0.032      |             | 0.063  | 0.530r          |
| _141147_ (net)                                                                                  | 2      |             |            |            | 0.000       |        |                 |
| _220587_:A (XOR2_X1)                                                                            |        | 0.002       | 0.000      | 0.032      |             | 0.000  | 0.530r          |
| _220587_:Z (XOR2_X1)                                                                            |        | 0.004       | 0.000      | 0.032      |             | 0.063  | 0.593r          |
| _141274_ (net)                                                                                  | 2      |             |            |            | 0.000       |        |                 |
| _220591_:A (XOR2_X1)                                                                            |        | 0.002       | 0.000      | 0.032      |             | 0.000  | 0.593r          |
| _220591_:Z (XOR2_X1)                                                                            |        | 0.004       | 0.000      | 0.032      |             | 0.063  | 0.656r          |
| _141278_ (net)                                                                                  | 2      |             |            |            | 0.000       |        |                 |
| _220595_:A (XOR2_X1)                                                                            |        | 0.002       | 0.000      | 0.032      |             | 0.000  | 0.656r          |
| _220595_:Z (XOR2_X1)                                                                            |        | 0.005       | 0.000      | 0.037      |             | 0.068  | 0.724r          |
| _141282_ (net)                                                                                  | 3      |             |            |            | 0.000       |        |                 |
| _220599_:A1 (AND2_X1)                                                                           |        | 0.001       | 0.000      | 0.037      |             | 0.000  | 0.724r          |
| _220599_:ZN (AND2_X1)                                                                           |        | 0.005       | 0.000      | 0.018      |             | 0.051  | 0.775r          |
| _141286_ (net)                                                                                  | 2      |             |            |            | 0.000       |        |                 |
| _220601_:A2 (NOR3_X2)                                                                           |        | 0.003       | 0.000      | 0.018      |             | 0.000  | 0.775r          |
| _220601_:ZN (NOR3_X2)                                                                           |        | 0.001       | 0.000      | 0.009      |             | 0.012  | 0.787f          |
| _141288_ (net)                                                                                  | 1      |             |            |            | 0.000       |        |                 |
| _220602_:A1 (NOR2_X1)                                                                           |        | 0.002       | 0.000      | 0.009      |             | 0.000  | 0.787f          |
| _220602_:ZN (NOR2_X1)                                                                           |        | 0.004       | 0.000      | 0.026      |             | 0.035  | 0.822r          |
| _141289_ (net)                                                                                  | 2      |             |            |            | 0.000       |        |                 |
| _220603_:A (INV_X1)                                                                             |        | 0.002       | 0.000      | 0.026      |             | 0.000  | 0.822r          |
| _220603_:ZN (INV_X1)                                                                            |        | 0.002       | 0.000      | 0.008      |             | 0.010  | 0.833f          |
| _141290_ (net)                                                                                  | 1      |             |            |            | 0.000       |        |                 |
| _220609_:A1 (AND2_X2)                                                                           |        | 0.002       | 0.000      | 0.008      |             | 0.000  | 0.833f          |
| _220609_:ZN (AND2_X2)                                                                           |        | 0.004       | 0.000      | 0.007      |             | 0.028  | 0.861f          |
| _141296_ (net)                                                                                  | 2      |             |            |            | 0.000       |        |                 |
| _220611_:B1 (OAI21_X2)                                                                          |        | 0.003       | 0.000      | 0.007      |             | 0.000  | 0.861f          |
| _220611_:ZN (OAI21_X2)                                                                          |        | 0.002       | 0.000      | 0.015      |             | 0.022  | 0.883r          |
| _141298_ (net)                                                                                  | 1      |             |            |            | 0.000       |        |                 |
| _220612_:A (INV_X1)                                                                             |        | 0.002       | 0.000      | 0.015      |             | 0.000  | 0.883r          |
| _220612_:ZN (INV_X1)                                                                            |        | 0.003       | 0.000      | 0.007      |             | 0.011  | 0.894f          |
| _141299_ (net)                                                                                  | 2      |             |            |            | 0.000       |        |                 |
| _220614_:B1 (OAI21_X1)                                                                          |        | 0.002       | 0.000      | 0.007      |             | 0.000  | 0.894f          |
| _220614_:ZN (OAI21_X1)                                                                          |        | 0.002       | 0.000      | 0.020      |             | 0.027  | 0.922r          |
| _141301_ (net)                                                                                  | 1      |             |            |            | 0.000       |        |                 |
| _220616_:A1 (NAND2_X1)                                                                          |        | 0.002       | 0.000      | 0.020      |             | 0.000  | 0.922r          |
| _220616_:ZN (NAND2_X1)                                                                          |        | 0.004       | 0.000      | 0.012      |             | 0.021  | 0.943f          |
| _141303_ (net)                                                                                  | 2      |             |            |            | 0.000       |        |                 |
| _220628_:A1 (NAND2_X1)                                                                          |        | 0.002       | 0.000      | 0.012      |             | 0.000  | 0.943f          |
| _220628_:ZN (NAND2_X1)                                                                          |        | 0.003       | 0.000      | 0.015      |             | 0.022  | 0.965r          |
| _141315_ (net)                                                                                  | 1      |             |            |            | 0.000       |        |                 |
| _220630_:A1 (NAND2_X2)                                                                          |        | 0.003       | 0.000      | 0.015      |             | 0.000  | 0.965r          |
| _220630_:ZN (NAND2_X2)                                                                          |        | 0.005       | 0.000      | 0.010      |             | 0.018  | 0.982f          |
| _141317_ (net)                                                                                  | 2      |             |            |            | 0.000       |        |                 |
| _220636_:A1 (NAND2_X2)                                                                          |        | 0.003       | 0.000      | 0.010      |             | 0.000  | 0.982f          |
| _220636_:ZN (NAND2_X2)                                                                          |        | 0.003       | 0.000      | 0.011      |             | 0.016  | 0.998r          |
| _141323_ (net)                                                                                  | 1      |             |            |            | 0.000       |        |                 |
| _220638_:A1 (NAND2_X2)                                                                          |        | 0.003       | 0.000      | 0.011      |             | 0.000  | 0.998r          |
| _220638_:ZN (NAND2_X2)                                                                          |        | 0.004       | 0.000      | 0.008      |             | 0.014  | 1.012f          |
| _141325_ (net)                                                                                  | 2      |             |            |            | 0.000       |        |                 |
| _220640_:A1 (NAND2_X1)                                                                          |        | 0.002       | 0.000      | 0.008      |             | 0.000  | 1.012f          |
| _220640_:ZN (NAND2_X1)                                                                          |        | 0.001       | 0.000      | 0.009      |             | 0.012  | 1.024r          |
| _141327_ (net)                                                                                  | 1      |             |            |            | 0.000       |        |                 |
| _220652_:A2 (AND4_X1)                                                                           |        | 0.001       | 0.000      | 0.009      |             | 0.000  | 1.024r          |
| _220652_:ZN (AND4_X1)                                                                           |        | 0.001       | 0.000      | 0.013      |             | 0.055  | 1.079r          |
| u_sa_enhanced.pe_row_gen[10].pe_col_gen[9].u_pe_inst.mul_output_data[15] (net)                  | 1      |             |            |            | 0.000       |        |                 |
| u_sa_enhanced.pe_row_gen[10].pe_col_gen[9].u_pe_inst.mul_result_reg_$_DFFE_PN0P__Q:D (DFFR_X1)  |        | 0.001       | 0.000      | 0.013      |             | 0.000  | 1.079r          |
|                                                                                                 |        |             |            |            |             |        |                 |
| clk (port)                                                                                      |        | 1.639       | 0.000      | 0.000      |             | 0.000  | 0.000r          |
| clk (clock net)                                                                                 | 1212   |             |            |            | NA          |        |                 |
| _369040_:CK (CLKGATE_X1)                                                                        |        | 0.002       | 0.000      | 0.000      |             | 0.000  | 0.000r          |
| _369040_:GCK (CLKGATE_X1)                                                                       |        | 8.234       | 0.000      | 0.000      |             | 0.000  | 0.000r          |
| _167511_ (clock net)                                                                            | 8432   |             |            |            | NA          |        |                 |
| u_sa_enhanced.pe_row_gen[10].pe_col_gen[9].u_pe_inst.mul_result_reg_$_DFFE_PN0P__Q:CK (DFFR_X1) |        | 0.001       | 0.000      | 0.000      |             | 0.000  | 0.000r          |
| clock clk (rise edge)                                                                           |        |             |            |            |             | 1.12   | 1.12            |
| clock network delay (ideal)                                                                     |        |             |            |            |             | 0.000  | 1.120           |
| u_sa_enhanced.pe_row_gen[10].pe_col_gen[9].u_pe_inst.mul_result_reg_$_DFFE_PN0P__Q:CK (DFFR_X1) |        |             |            |            |             |        | 1.120r          |
| library setup time                                                                              |        |             |            |            |             | -0.034 | 1.086           |
| clock reconvergence pessimism                                                                   |        |             |            |            |             | 0.000  | 1.086           |
|                                                                                                 |        |             |            |            |             |        |                 |
| path cell delay                                                                                 |        |             |            |            |             |        | 1.079(100.000%) |
| path net delay                                                                                  |        |             |            |            |             |        | 0.000(0.000%)   |
|                                                                                                 |        |             |            |            |             |        |                 |
| data require time                                                                               |        |             |            |            |             |        | 1.086           |
| data arrival time                                                                               |        |             |            |            |             |        | 1.079           |
| slack (MET)                                                                                     |        |             |            |            |             |        | 0.007           |
+-------------------------------------------------------------------------------------------------+--------+-------------+------------+------------+-------------+--------+-----------------+
+-------------------------------------------------------------------------------------------------+--------+-------------+------------+------------+-------------+--------+-----------------+
| Point                                                                                           | Fanout | Capacitance | Resistance | Transition | Delta Delay | Incr   | Path            |
+-------------------------------------------------------------------------------------------------+--------+-------------+------------+------------+-------------+--------+-----------------+
| clk (port)                                                                                      |        | 1.639       | 0.000      | 0.000      |             | 0.000  | 0.000r          |
| clk (clock net)                                                                                 | 1212   |             |            |            | NA          |        |                 |
| _369040_:CK (CLKGATE_X1)                                                                        |        | 0.002       | 0.000      | 0.000      |             | 0.000  | 0.000r          |
| _369040_:GCK (CLKGATE_X1)                                                                       |        | 8.234       | 0.000      | 0.000      |             | 0.000  | 0.000r          |
| _167511_ (clock net)                                                                            | 8432   |             |            |            | NA          |        |                 |
| u_sa_enhanced.pe_row_gen[10].pe_col_gen[9].u_pe_inst.b_reg_$_DFFE_PN0P__Q:CK (DFFR_X1)          |        | 0.001       | 0.000      | 0.000      |             | 0.000  | 0.000r          |
| clock clk (rise edge)                                                                           |        |             |            |            |             | 0      | 0               |
| clock network delay (ideal)                                                                     |        |             |            |            |             | 0.000  | 0.000           |
| u_sa_enhanced.pe_row_gen[10].pe_col_gen[9].u_pe_inst.b_reg_$_DFFE_PN0P__Q:CK (DFFR_X1)          |        | 0.001       | 0.000      | 0.000      |             | 0.000  | 0.000r          |
| u_sa_enhanced.pe_row_gen[10].pe_col_gen[9].u_pe_inst.b_reg_$_DFFE_PN0P__Q:Q (DFFR_X1)           |        | 0.044       | 0.000      | 0.104      |             | 0.199  | 0.199r          |
| u_sa_enhanced.b_data_wires[86][7] (net)                                                         | 15     |             |            |            | 0.000       |        |                 |
| _220412_:A (INV_X16)                                                                            |        | 0.025       | 0.000      | 0.104      |             | 0.000  | 0.199r          |
| _220412_:ZN (INV_X16)                                                                           |        | 0.005       | 0.000      | 0.017      |             | -0.000 | 0.199f          |
| _141099_ (net)                                                                                  | 3      |             |            |            | 0.000       |        |                 |
| _220413_:A1 (OR2_X1)                                                                            |        | 0.001       | 0.000      | 0.017      |             | 0.000  | 0.199f          |
| _220413_:ZN (OR2_X1)                                                                            |        | 0.005       | 0.000      | 0.014      |             | 0.057  | 0.256f          |
| _141100_ (net)                                                                                  | 2      |             |            |            | 0.000       |        |                 |
| _220415_:A (XNOR2_X2)                                                                           |        | 0.004       | 0.000      | 0.014      |             | 0.000  | 0.256f          |
| _220415_:ZN (XNOR2_X2)                                                                          |        | 0.006       | 0.000      | 0.025      |             | 0.036  | 0.291r          |
| _141102_ (net)                                                                                  | 2      |             |            |            | 0.000       |        |                 |
| _220416_:A1 (NAND3_X1)                                                                          |        | 0.002       | 0.000      | 0.025      |             | 0.000  | 0.291r          |
| _220416_:ZN (NAND3_X1)                                                                          |        | 0.002       | 0.000      | 0.015      |             | 0.023  | 0.314f          |
| _141103_ (net)                                                                                  | 1      |             |            |            | 0.000       |        |                 |
| _220418_:A (OAI21_X1)                                                                           |        | 0.002       | 0.000      | 0.015      |             | 0.000  | 0.314f          |
| _220418_:ZN (OAI21_X1)                                                                          |        | 0.004       | 0.000      | 0.029      |             | 0.028  | 0.342r          |
| _141105_ (net)                                                                                  | 2      |             |            |            | 0.000       |        |                 |
| _220420_:A (XOR2_X1)                                                                            |        | 0.002       | 0.000      | 0.029      |             | 0.000  | 0.342r          |
| _220420_:Z (XOR2_X1)                                                                            |        | 0.004       | 0.000      | 0.032      |             | 0.062  | 0.405r          |
| _141107_ (net)                                                                                  | 2      |             |            |            | 0.000       |        |                 |
| _220444_:A (XOR2_X1)                                                                            |        | 0.002       | 0.000      | 0.032      |             | 0.000  | 0.405r          |
| _220444_:Z (XOR2_X1)                                                                            |        | 0.004       | 0.000      | 0.032      |             | 0.063  | 0.468r          |
| _141131_ (net)                                                                                  | 2      |             |            |            | 0.000       |        |                 |
| _220460_:A (XOR2_X1)                                                                            |        | 0.002       | 0.000      | 0.032      |             | 0.000  | 0.468r          |
| _220460_:Z (XOR2_X1)                                                                            |        | 0.004       | 0.000      | 0.032      |             | 0.063  | 0.530r          |
| _141147_ (net)                                                                                  | 2      |             |            |            | 0.000       |        |                 |
| _220587_:A (XOR2_X1)                                                                            |        | 0.002       | 0.000      | 0.032      |             | 0.000  | 0.530r          |
| _220587_:Z (XOR2_X1)                                                                            |        | 0.004       | 0.000      | 0.032      |             | 0.063  | 0.593r          |
| _141274_ (net)                                                                                  | 2      |             |            |            | 0.000       |        |                 |
| _220591_:A (XOR2_X1)                                                                            |        | 0.002       | 0.000      | 0.032      |             | 0.000  | 0.593r          |
| _220591_:Z (XOR2_X1)                                                                            |        | 0.004       | 0.000      | 0.032      |             | 0.063  | 0.656r          |
| _141278_ (net)                                                                                  | 2      |             |            |            | 0.000       |        |                 |
| _220595_:A (XOR2_X1)                                                                            |        | 0.002       | 0.000      | 0.032      |             | 0.000  | 0.656r          |
| _220595_:Z (XOR2_X1)                                                                            |        | 0.005       | 0.000      | 0.037      |             | 0.068  | 0.724r          |
| _141282_ (net)                                                                                  | 3      |             |            |            | 0.000       |        |                 |
| _220599_:A1 (AND2_X1)                                                                           |        | 0.001       | 0.000      | 0.037      |             | 0.000  | 0.724r          |
| _220599_:ZN (AND2_X1)                                                                           |        | 0.005       | 0.000      | 0.018      |             | 0.051  | 0.775r          |
| _141286_ (net)                                                                                  | 2      |             |            |            | 0.000       |        |                 |
| _220601_:A2 (NOR3_X2)                                                                           |        | 0.003       | 0.000      | 0.018      |             | 0.000  | 0.775r          |
| _220601_:ZN (NOR3_X2)                                                                           |        | 0.001       | 0.000      | 0.009      |             | 0.012  | 0.787f          |
| _141288_ (net)                                                                                  | 1      |             |            |            | 0.000       |        |                 |
| _220602_:A1 (NOR2_X1)                                                                           |        | 0.002       | 0.000      | 0.009      |             | 0.000  | 0.787f          |
| _220602_:ZN (NOR2_X1)                                                                           |        | 0.004       | 0.000      | 0.026      |             | 0.035  | 0.822r          |
| _141289_ (net)                                                                                  | 2      |             |            |            | 0.000       |        |                 |
| _220603_:A (INV_X1)                                                                             |        | 0.002       | 0.000      | 0.026      |             | 0.000  | 0.822r          |
| _220603_:ZN (INV_X1)                                                                            |        | 0.002       | 0.000      | 0.008      |             | 0.010  | 0.833f          |
| _141290_ (net)                                                                                  | 1      |             |            |            | 0.000       |        |                 |
| _220609_:A1 (AND2_X2)                                                                           |        | 0.002       | 0.000      | 0.008      |             | 0.000  | 0.833f          |
| _220609_:ZN (AND2_X2)                                                                           |        | 0.004       | 0.000      | 0.007      |             | 0.028  | 0.861f          |
| _141296_ (net)                                                                                  | 2      |             |            |            | 0.000       |        |                 |
| _220611_:B1 (OAI21_X2)                                                                          |        | 0.003       | 0.000      | 0.007      |             | 0.000  | 0.861f          |
| _220611_:ZN (OAI21_X2)                                                                          |        | 0.002       | 0.000      | 0.015      |             | 0.022  | 0.883r          |
| _141298_ (net)                                                                                  | 1      |             |            |            | 0.000       |        |                 |
| _220612_:A (INV_X1)                                                                             |        | 0.002       | 0.000      | 0.015      |             | 0.000  | 0.883r          |
| _220612_:ZN (INV_X1)                                                                            |        | 0.003       | 0.000      | 0.007      |             | 0.011  | 0.894f          |
| _141299_ (net)                                                                                  | 2      |             |            |            | 0.000       |        |                 |
| _220614_:B1 (OAI21_X1)                                                                          |        | 0.002       | 0.000      | 0.007      |             | 0.000  | 0.894f          |
| _220614_:ZN (OAI21_X1)                                                                          |        | 0.002       | 0.000      | 0.020      |             | 0.027  | 0.922r          |
| _141301_ (net)                                                                                  | 1      |             |            |            | 0.000       |        |                 |
| _220616_:A1 (NAND2_X1)                                                                          |        | 0.002       | 0.000      | 0.020      |             | 0.000  | 0.922r          |
| _220616_:ZN (NAND2_X1)                                                                          |        | 0.004       | 0.000      | 0.012      |             | 0.021  | 0.943f          |
| _141303_ (net)                                                                                  | 2      |             |            |            | 0.000       |        |                 |
| _220628_:A1 (NAND2_X1)                                                                          |        | 0.002       | 0.000      | 0.012      |             | 0.000  | 0.943f          |
| _220628_:ZN (NAND2_X1)                                                                          |        | 0.003       | 0.000      | 0.015      |             | 0.022  | 0.965r          |
| _141315_ (net)                                                                                  | 1      |             |            |            | 0.000       |        |                 |
| _220630_:A1 (NAND2_X2)                                                                          |        | 0.003       | 0.000      | 0.015      |             | 0.000  | 0.965r          |
| _220630_:ZN (NAND2_X2)                                                                          |        | 0.005       | 0.000      | 0.010      |             | 0.018  | 0.982f          |
| _141317_ (net)                                                                                  | 2      |             |            |            | 0.000       |        |                 |
| _220636_:A1 (NAND2_X2)                                                                          |        | 0.003       | 0.000      | 0.010      |             | 0.000  | 0.982f          |
| _220636_:ZN (NAND2_X2)                                                                          |        | 0.003       | 0.000      | 0.011      |             | 0.016  | 0.998r          |
| _141323_ (net)                                                                                  | 1      |             |            |            | 0.000       |        |                 |
| _220638_:A1 (NAND2_X2)                                                                          |        | 0.003       | 0.000      | 0.011      |             | 0.000  | 0.998r          |
| _220638_:ZN (NAND2_X2)                                                                          |        | 0.004       | 0.000      | 0.008      |             | 0.014  | 1.012f          |
| _141325_ (net)                                                                                  | 2      |             |            |            | 0.000       |        |                 |
| _220640_:A1 (NAND2_X1)                                                                          |        | 0.002       | 0.000      | 0.008      |             | 0.000  | 1.012f          |
| _220640_:ZN (NAND2_X1)                                                                          |        | 0.001       | 0.000      | 0.009      |             | 0.012  | 1.024r          |
| _141327_ (net)                                                                                  | 1      |             |            |            | 0.000       |        |                 |
| _220652_:A2 (AND4_X1)                                                                           |        | 0.001       | 0.000      | 0.009      |             | 0.000  | 1.024r          |
| _220652_:ZN (AND4_X1)                                                                           |        | 0.001       | 0.000      | 0.013      |             | 0.055  | 1.079r          |
| u_sa_enhanced.pe_row_gen[10].pe_col_gen[9].u_pe_inst.mul_output_data[15] (net)                  | 1      |             |            |            | 0.000       |        |                 |
| u_sa_enhanced.pe_row_gen[10].pe_col_gen[9].u_pe_inst.mul_result_reg_$_DFFE_PN0P__Q:D (DFFR_X1)  |        | 0.001       | 0.000      | 0.013      |             | 0.000  | 1.079r          |
|                                                                                                 |        |             |            |            |             |        |                 |
| clk (port)                                                                                      |        | 1.639       | 0.000      | 0.000      |             | 0.000  | 0.000r          |
| clk (clock net)                                                                                 | 1212   |             |            |            | NA          |        |                 |
| _369040_:CK (CLKGATE_X1)                                                                        |        | 0.002       | 0.000      | 0.000      |             | 0.000  | 0.000r          |
| _369040_:GCK (CLKGATE_X1)                                                                       |        | 8.234       | 0.000      | 0.000      |             | 0.000  | 0.000r          |
| _167511_ (clock net)                                                                            | 8432   |             |            |            | NA          |        |                 |
| u_sa_enhanced.pe_row_gen[10].pe_col_gen[9].u_pe_inst.mul_result_reg_$_DFFE_PN0P__Q:CK (DFFR_X1) |        | 0.001       | 0.000      | 0.000      |             | 0.000  | 0.000r          |
| clock clk (rise edge)                                                                           |        |             |            |            |             | 1.12   | 1.12            |
| clock network delay (ideal)                                                                     |        |             |            |            |             | 0.000  | 1.120           |
| u_sa_enhanced.pe_row_gen[10].pe_col_gen[9].u_pe_inst.mul_result_reg_$_DFFE_PN0P__Q:CK (DFFR_X1) |        |             |            |            |             |        | 1.120r          |
| library setup time                                                                              |        |             |            |            |             | -0.034 | 1.086           |
| clock reconvergence pessimism                                                                   |        |             |            |            |             | 0.000  | 1.086           |
|                                                                                                 |        |             |            |            |             |        |                 |
| path cell delay                                                                                 |        |             |            |            |             |        | 1.079(100.000%) |
| path net delay                                                                                  |        |             |            |            |             |        | 0.000(0.000%)   |
|                                                                                                 |        |             |            |            |             |        |                 |
| data require time                                                                               |        |             |            |            |             |        | 1.086           |
| data arrival time                                                                               |        |             |            |            |             |        | 1.079           |
| slack (MET)                                                                                     |        |             |            |            |             |        | 0.007           |
+-------------------------------------------------------------------------------------------------+--------+-------------+------------+------------+-------------+--------+-----------------+
+------------------------------------------------------------------------------------------------+--------+-------------+------------+------------+-------------+--------+-----------------+
| Point                                                                                          | Fanout | Capacitance | Resistance | Transition | Delta Delay | Incr   | Path            |
+------------------------------------------------------------------------------------------------+--------+-------------+------------+------------+-------------+--------+-----------------+
| clk (port)                                                                                     |        | 1.639       | 0.000      | 0.000      |             | 0.000  | 0.000r          |
| clk (clock net)                                                                                | 1212   |             |            |            | NA          |        |                 |
| _369040_:CK (CLKGATE_X1)                                                                       |        | 0.002       | 0.000      | 0.000      |             | 0.000  | 0.000r          |
| _369040_:GCK (CLKGATE_X1)                                                                      |        | 8.234       | 0.000      | 0.000      |             | 0.000  | 0.000r          |
| _167511_ (clock net)                                                                           | 8432   |             |            |            | NA          |        |                 |
| u_sa_enhanced.pe_row_gen[3].pe_col_gen[1].u_pe_inst.b_reg_$_DFFE_PN0P__Q:CK (DFFR_X1)          |        | 0.001       | 0.000      | 0.000      |             | 0.000  | 0.000r          |
| clock clk (rise edge)                                                                          |        |             |            |            |             | 0      | 0               |
| clock network delay (ideal)                                                                    |        |             |            |            |             | 0.000  | 0.000           |
| u_sa_enhanced.pe_row_gen[3].pe_col_gen[1].u_pe_inst.b_reg_$_DFFE_PN0P__Q:CK (DFFR_X1)          |        | 0.001       | 0.000      | 0.000      |             | 0.000  | 0.000r          |
| u_sa_enhanced.pe_row_gen[3].pe_col_gen[1].u_pe_inst.b_reg_$_DFFE_PN0P__Q:Q (DFFR_X1)           |        | 0.044       | 0.000      | 0.104      |             | 0.199  | 0.199r          |
| u_sa_enhanced.b_data_wires[206][7] (net)                                                       | 15     |             |            |            | 0.000       |        |                 |
| _299707_:A (INV_X16)                                                                           |        | 0.025       | 0.000      | 0.104      |             | 0.000  | 0.199r          |
| _299707_:ZN (INV_X16)                                                                          |        | 0.005       | 0.000      | 0.017      |             | -0.000 | 0.199f          |
| _046522_ (net)                                                                                 | 3      |             |            |            | 0.000       |        |                 |
| _299708_:A1 (OR2_X1)                                                                           |        | 0.001       | 0.000      | 0.017      |             | 0.000  | 0.199f          |
| _299708_:ZN (OR2_X1)                                                                           |        | 0.005       | 0.000      | 0.014      |             | 0.057  | 0.256f          |
| _046523_ (net)                                                                                 | 2      |             |            |            | 0.000       |        |                 |
| _299710_:A (XNOR2_X2)                                                                          |        | 0.004       | 0.000      | 0.014      |             | 0.000  | 0.256f          |
| _299710_:ZN (XNOR2_X2)                                                                         |        | 0.006       | 0.000      | 0.025      |             | 0.036  | 0.291r          |
| _046525_ (net)                                                                                 | 2      |             |            |            | 0.000       |        |                 |
| _299711_:A1 (NAND3_X1)                                                                         |        | 0.002       | 0.000      | 0.025      |             | 0.000  | 0.291r          |
| _299711_:ZN (NAND3_X1)                                                                         |        | 0.002       | 0.000      | 0.015      |             | 0.023  | 0.314f          |
| _046526_ (net)                                                                                 | 1      |             |            |            | 0.000       |        |                 |
| _299713_:A (OAI21_X1)                                                                          |        | 0.002       | 0.000      | 0.015      |             | 0.000  | 0.314f          |
| _299713_:ZN (OAI21_X1)                                                                         |        | 0.004       | 0.000      | 0.029      |             | 0.028  | 0.342r          |
| _046528_ (net)                                                                                 | 2      |             |            |            | 0.000       |        |                 |
| _299715_:A (XOR2_X1)                                                                           |        | 0.002       | 0.000      | 0.029      |             | 0.000  | 0.342r          |
| _299715_:Z (XOR2_X1)                                                                           |        | 0.004       | 0.000      | 0.032      |             | 0.062  | 0.405r          |
| _046530_ (net)                                                                                 | 2      |             |            |            | 0.000       |        |                 |
| _299739_:A (XOR2_X1)                                                                           |        | 0.002       | 0.000      | 0.032      |             | 0.000  | 0.405r          |
| _299739_:Z (XOR2_X1)                                                                           |        | 0.004       | 0.000      | 0.032      |             | 0.063  | 0.468r          |
| _046554_ (net)                                                                                 | 2      |             |            |            | 0.000       |        |                 |
| _299756_:A (XOR2_X1)                                                                           |        | 0.002       | 0.000      | 0.032      |             | 0.000  | 0.468r          |
| _299756_:Z (XOR2_X1)                                                                           |        | 0.004       | 0.000      | 0.032      |             | 0.063  | 0.530r          |
| _046571_ (net)                                                                                 | 2      |             |            |            | 0.000       |        |                 |
| _299881_:A (XOR2_X1)                                                                           |        | 0.002       | 0.000      | 0.032      |             | 0.000  | 0.530r          |
| _299881_:Z (XOR2_X1)                                                                           |        | 0.004       | 0.000      | 0.032      |             | 0.063  | 0.593r          |
| _046696_ (net)                                                                                 | 2      |             |            |            | 0.000       |        |                 |
| _299885_:A (XOR2_X1)                                                                           |        | 0.002       | 0.000      | 0.032      |             | 0.000  | 0.593r          |
| _299885_:Z (XOR2_X1)                                                                           |        | 0.004       | 0.000      | 0.032      |             | 0.063  | 0.656r          |
| _046700_ (net)                                                                                 | 2      |             |            |            | 0.000       |        |                 |
| _299889_:A (XOR2_X1)                                                                           |        | 0.002       | 0.000      | 0.032      |             | 0.000  | 0.656r          |
| _299889_:Z (XOR2_X1)                                                                           |        | 0.005       | 0.000      | 0.037      |             | 0.068  | 0.724r          |
| _046704_ (net)                                                                                 | 3      |             |            |            | 0.000       |        |                 |
| _299893_:A1 (AND2_X1)                                                                          |        | 0.001       | 0.000      | 0.037      |             | 0.000  | 0.724r          |
| _299893_:ZN (AND2_X1)                                                                          |        | 0.005       | 0.000      | 0.018      |             | 0.051  | 0.775r          |
| _046708_ (net)                                                                                 | 2      |             |            |            | 0.000       |        |                 |
| _299895_:A2 (NOR3_X2)                                                                          |        | 0.003       | 0.000      | 0.018      |             | 0.000  | 0.775r          |
| _299895_:ZN (NOR3_X2)                                                                          |        | 0.001       | 0.000      | 0.009      |             | 0.012  | 0.787f          |
| _046710_ (net)                                                                                 | 1      |             |            |            | 0.000       |        |                 |
| _299896_:A1 (NOR2_X1)                                                                          |        | 0.002       | 0.000      | 0.009      |             | 0.000  | 0.787f          |
| _299896_:ZN (NOR2_X1)                                                                          |        | 0.004       | 0.000      | 0.026      |             | 0.035  | 0.822r          |
| _046711_ (net)                                                                                 | 2      |             |            |            | 0.000       |        |                 |
| _299897_:A (INV_X1)                                                                            |        | 0.002       | 0.000      | 0.026      |             | 0.000  | 0.822r          |
| _299897_:ZN (INV_X1)                                                                           |        | 0.002       | 0.000      | 0.008      |             | 0.010  | 0.833f          |
| _046712_ (net)                                                                                 | 1      |             |            |            | 0.000       |        |                 |
| _299903_:A1 (AND2_X2)                                                                          |        | 0.002       | 0.000      | 0.008      |             | 0.000  | 0.833f          |
| _299903_:ZN (AND2_X2)                                                                          |        | 0.004       | 0.000      | 0.007      |             | 0.028  | 0.861f          |
| _046718_ (net)                                                                                 | 2      |             |            |            | 0.000       |        |                 |
| _299905_:B1 (OAI21_X2)                                                                         |        | 0.003       | 0.000      | 0.007      |             | 0.000  | 0.861f          |
| _299905_:ZN (OAI21_X2)                                                                         |        | 0.002       | 0.000      | 0.015      |             | 0.022  | 0.883r          |
| _046720_ (net)                                                                                 | 1      |             |            |            | 0.000       |        |                 |
| _299906_:A (INV_X1)                                                                            |        | 0.002       | 0.000      | 0.015      |             | 0.000  | 0.883r          |
| _299906_:ZN (INV_X1)                                                                           |        | 0.003       | 0.000      | 0.007      |             | 0.011  | 0.894f          |
| _046721_ (net)                                                                                 | 2      |             |            |            | 0.000       |        |                 |
| _299908_:B1 (OAI21_X1)                                                                         |        | 0.002       | 0.000      | 0.007      |             | 0.000  | 0.894f          |
| _299908_:ZN (OAI21_X1)                                                                         |        | 0.002       | 0.000      | 0.020      |             | 0.027  | 0.922r          |
| _046723_ (net)                                                                                 | 1      |             |            |            | 0.000       |        |                 |
| _299910_:A1 (NAND2_X1)                                                                         |        | 0.002       | 0.000      | 0.020      |             | 0.000  | 0.922r          |
| _299910_:ZN (NAND2_X1)                                                                         |        | 0.004       | 0.000      | 0.012      |             | 0.021  | 0.943f          |
| _046725_ (net)                                                                                 | 2      |             |            |            | 0.000       |        |                 |
| _299922_:A1 (NAND2_X1)                                                                         |        | 0.002       | 0.000      | 0.012      |             | 0.000  | 0.943f          |
| _299922_:ZN (NAND2_X1)                                                                         |        | 0.003       | 0.000      | 0.015      |             | 0.022  | 0.965r          |
| _046737_ (net)                                                                                 | 1      |             |            |            | 0.000       |        |                 |
| _299924_:A1 (NAND2_X2)                                                                         |        | 0.003       | 0.000      | 0.015      |             | 0.000  | 0.965r          |
| _299924_:ZN (NAND2_X2)                                                                         |        | 0.005       | 0.000      | 0.010      |             | 0.018  | 0.982f          |
| _046739_ (net)                                                                                 | 2      |             |            |            | 0.000       |        |                 |
| _299930_:A1 (NAND2_X2)                                                                         |        | 0.003       | 0.000      | 0.010      |             | 0.000  | 0.982f          |
| _299930_:ZN (NAND2_X2)                                                                         |        | 0.003       | 0.000      | 0.011      |             | 0.016  | 0.998r          |
| _046745_ (net)                                                                                 | 1      |             |            |            | 0.000       |        |                 |
| _299932_:A1 (NAND2_X2)                                                                         |        | 0.003       | 0.000      | 0.011      |             | 0.000  | 0.998r          |
| _299932_:ZN (NAND2_X2)                                                                         |        | 0.004       | 0.000      | 0.008      |             | 0.014  | 1.012f          |
| _046747_ (net)                                                                                 | 2      |             |            |            | 0.000       |        |                 |
| _299934_:A1 (NAND2_X1)                                                                         |        | 0.002       | 0.000      | 0.008      |             | 0.000  | 1.012f          |
| _299934_:ZN (NAND2_X1)                                                                         |        | 0.001       | 0.000      | 0.009      |             | 0.012  | 1.024r          |
| _046749_ (net)                                                                                 | 1      |             |            |            | 0.000       |        |                 |
| _299946_:A2 (AND4_X1)                                                                          |        | 0.001       | 0.000      | 0.009      |             | 0.000  | 1.024r          |
| _299946_:ZN (AND4_X1)                                                                          |        | 0.001       | 0.000      | 0.013      |             | 0.055  | 1.079r          |
| u_sa_enhanced.pe_row_gen[3].pe_col_gen[1].u_pe_inst.mul_output_data[15] (net)                  | 1      |             |            |            | 0.000       |        |                 |
| u_sa_enhanced.pe_row_gen[3].pe_col_gen[1].u_pe_inst.mul_result_reg_$_DFFE_PN0P__Q:D (DFFR_X1)  |        | 0.001       | 0.000      | 0.013      |             | 0.000  | 1.079r          |
|                                                                                                |        |             |            |            |             |        |                 |
| clk (port)                                                                                     |        | 1.639       | 0.000      | 0.000      |             | 0.000  | 0.000r          |
| clk (clock net)                                                                                | 1212   |             |            |            | NA          |        |                 |
| _369040_:CK (CLKGATE_X1)                                                                       |        | 0.002       | 0.000      | 0.000      |             | 0.000  | 0.000r          |
| _369040_:GCK (CLKGATE_X1)                                                                      |        | 8.234       | 0.000      | 0.000      |             | 0.000  | 0.000r          |
| _167511_ (clock net)                                                                           | 8432   |             |            |            | NA          |        |                 |
| u_sa_enhanced.pe_row_gen[3].pe_col_gen[1].u_pe_inst.mul_result_reg_$_DFFE_PN0P__Q:CK (DFFR_X1) |        | 0.001       | 0.000      | 0.000      |             | 0.000  | 0.000r          |
| clock clk (rise edge)                                                                          |        |             |            |            |             | 1.12   | 1.12            |
| clock network delay (ideal)                                                                    |        |             |            |            |             | 0.000  | 1.120           |
| u_sa_enhanced.pe_row_gen[3].pe_col_gen[1].u_pe_inst.mul_result_reg_$_DFFE_PN0P__Q:CK (DFFR_X1) |        |             |            |            |             |        | 1.120r          |
| library setup time                                                                             |        |             |            |            |             | -0.034 | 1.086           |
| clock reconvergence pessimism                                                                  |        |             |            |            |             | 0.000  | 1.086           |
|                                                                                                |        |             |            |            |             |        |                 |
| path cell delay                                                                                |        |             |            |            |             |        | 1.079(100.000%) |
| path net delay                                                                                 |        |             |            |            |             |        | 0.000(0.000%)   |
|                                                                                                |        |             |            |            |             |        |                 |
| data require time                                                                              |        |             |            |            |             |        | 1.086           |
| data arrival time                                                                              |        |             |            |            |             |        | 1.079           |
| slack (MET)                                                                                    |        |             |            |            |             |        | 0.007           |
+------------------------------------------------------------------------------------------------+--------+-------------+------------+------------+-------------+--------+-----------------+
+------------------------------------------------------------------------------------------------------------------------------------------+--------+-------------+------------+------------+-------------+--------+-----------------+
| Point                                                                                                                                    | Fanout | Capacitance | Resistance | Transition | Delta Delay | Incr   | Path            |
+------------------------------------------------------------------------------------------------------------------------------------------+--------+-------------+------------+------------+-------------+--------+-----------------+
| clk (port)                                                                                                                               |        | 1.639       | 0.000      | 0.000      |             | 0.000  | 0.000r          |
| clk (clock net)                                                                                                                          | 1212   |             |            |            | NA          |        |                 |
| _369039_:CK (CLKGATE_X1)                                                                                                                 |        | 0.002       | 0.000      | 0.000      |             | 0.000  | 0.000r          |
| _369039_:GCK (CLKGATE_X1)                                                                                                                |        | 0.383       | 0.000      | 0.000      |             | 0.000  | 0.000r          |
| _167510_ (clock net)                                                                                                                     | 392    |             |            |            | NA          |        |                 |
| u_sa_enhanced.pe_row_gen[15].pe_col_gen[1].u_pe_inst.pe_calculation_done_latch_$_DFFE_PN0P__Q:CK (DFFR_X1)                               |        | 0.001       | 0.000      | 0.000      |             | 0.000  | 0.000r          |
| clock clk (rise edge)                                                                                                                    |        |             |            |            |             | 0      | 0               |
| clock network delay (ideal)                                                                                                              |        |             |            |            |             | 0.000  | 0.000           |
| u_sa_enhanced.pe_row_gen[15].pe_col_gen[1].u_pe_inst.pe_calculation_done_latch_$_DFFE_PN0P__Q:CK (DFFR_X1)                               |        | 0.001       | 0.000      | 0.000      |             | 0.000  | 0.000r          |
| u_sa_enhanced.pe_row_gen[15].pe_col_gen[1].u_pe_inst.pe_calculation_done_latch_$_DFFE_PN0P__Q:Q (DFFR_X1)                                |        | 0.004       | 0.000      | 0.016      |             | 0.107  | 0.107r          |
| u_sa_enhanced.pe_row_gen[15].pe_col_gen[1].u_pe_inst.pe_calculation_done_latch (net)                                                     | 3      |             |            |            | 0.000       |        |                 |
| _199503_:A4 (NAND4_X1)                                                                                                                   |        | 0.002       | 0.000      | 0.016      |             | 0.000  | 0.107r          |
| _199503_:ZN (NAND4_X1)                                                                                                                   |        | 0.001       | 0.000      | 0.017      |             | 0.033  | 0.140f          |
| _122003_ (net)                                                                                                                           | 1      |             |            |            | 0.000       |        |                 |
| _199504_:A1 (NOR4_X1)                                                                                                                    |        | 0.002       | 0.000      | 0.017      |             | 0.000  | 0.140f          |
| _199504_:ZN (NOR4_X1)                                                                                                                    |        | 0.001       | 0.000      | 0.036      |             | 0.041  | 0.181r          |
| _122004_ (net)                                                                                                                           | 1      |             |            |            | 0.000       |        |                 |
| _199507_:A2 (AND4_X1)                                                                                                                    |        | 0.001       | 0.000      | 0.036      |             | 0.000  | 0.181r          |
| _199507_:ZN (AND4_X1)                                                                                                                    |        | 0.002       | 0.000      | 0.013      |             | 0.064  | 0.245r          |
| _122007_ (net)                                                                                                                           | 1      |             |            |            | 0.000       |        |                 |
| _199511_:A1 (NAND4_X1)                                                                                                                   |        | 0.002       | 0.000      | 0.013      |             | 0.000  | 0.245r          |
| _199511_:ZN (NAND4_X1)                                                                                                                   |        | 0.001       | 0.000      | 0.017      |             | 0.026  | 0.271f          |
| _122011_ (net)                                                                                                                           | 1      |             |            |            | 0.000       |        |                 |
| _199512_:A1 (NOR3_X1)                                                                                                                    |        | 0.002       | 0.000      | 0.017      |             | 0.000  | 0.271f          |
| _199512_:ZN (NOR3_X1)                                                                                                                    |        | 0.001       | 0.000      | 0.022      |             | 0.031  | 0.302r          |
| _122012_ (net)                                                                                                                           | 1      |             |            |            | 0.000       |        |                 |
| _199513_:A1 (AND2_X1)                                                                                                                    |        | 0.001       | 0.000      | 0.022      |             | 0.000  | 0.302r          |
| _199513_:ZN (AND2_X1)                                                                                                                    |        | 0.005       | 0.000      | 0.016      |             | 0.044  | 0.346r          |
| _122013_ (net)                                                                                                                           | 3      |             |            |            | 0.000       |        |                 |
| _199619_:B1 (OAI21_X1)                                                                                                                   |        | 0.002       | 0.000      | 0.016      |             | 0.000  | 0.346r          |
| _199619_:ZN (OAI21_X1)                                                                                                                   |        | 0.002       | 0.000      | 0.014      |             | 0.016  | 0.362f          |
| _122112_ (net)                                                                                                                           | 1      |             |            |            | 0.000       |        |                 |
| _199630_:A1 (NAND3_X1)                                                                                                                   |        | 0.002       | 0.000      | 0.014      |             | 0.000  | 0.362f          |
| _199630_:ZN (NAND3_X1)                                                                                                                   |        | 0.002       | 0.000      | 0.013      |             | 0.019  | 0.381r          |
| _122123_ (net)                                                                                                                           | 1      |             |            |            | 0.000       |        |                 |
| _199631_:B1 (OAI21_X1)                                                                                                                   |        | 0.002       | 0.000      | 0.013      |             | 0.000  | 0.381r          |
| _199631_:ZN (OAI21_X1)                                                                                                                   |        | 0.003       | 0.000      | 0.014      |             | 0.018  | 0.399f          |
| _122124_ (net)                                                                                                                           | 2      |             |            |            | 0.000       |        |                 |
| _199649_:A1 (NOR3_X1)                                                                                                                    |        | 0.002       | 0.000      | 0.014      |             | 0.000  | 0.399f          |
| _199649_:ZN (NOR3_X1)                                                                                                                    |        | 0.003       | 0.000      | 0.043      |             | 0.053  | 0.453r          |
| _122141_ (net)                                                                                                                           | 1      |             |            |            | 0.000       |        |                 |
| _199650_:A (INV_X2)                                                                                                                      |        | 0.003       | 0.000      | 0.043      |             | 0.000  | 0.453r          |
| _199650_:ZN (INV_X2)                                                                                                                     |        | 0.025       | 0.000      | 0.021      |             | 0.034  | 0.486f          |
| _122142_ (net)                                                                                                                           | 6      |             |            |            | 0.000       |        |                 |
| _236577_:A (BUF_X8)                                                                                                                      |        | 0.007       | 0.000      | 0.021      |             | 0.000  | 0.486f          |
| _236577_:Z (BUF_X8)                                                                                                                      |        | 0.033       | 0.000      | 0.008      |             | 0.035  | 0.522f          |
| _155871_ (net)                                                                                                                           | 10     |             |            |            | 0.000       |        |                 |
| _236578_:A (BUF_X8)                                                                                                                      |        | 0.007       | 0.000      | 0.008      |             | 0.000  | 0.522f          |
| _236578_:Z (BUF_X8)                                                                                                                      |        | 0.030       | 0.000      | 0.008      |             | 0.029  | 0.550f          |
| _155872_ (net)                                                                                                                           | 10     |             |            |            | 0.000       |        |                 |
| _248503_:A (BUF_X4)                                                                                                                      |        | 0.003       | 0.000      | 0.008      |             | 0.000  | 0.550f          |
| _248503_:Z (BUF_X4)                                                                                                                      |        | 0.015       | 0.000      | 0.007      |             | 0.028  | 0.578f          |
| _166762_ (net)                                                                                                                           | 10     |             |            |            | 0.000       |        |                 |
| _253117_:B1 (OAI21_X1)                                                                                                                   |        | 0.002       | 0.000      | 0.007      |             | 0.000  | 0.578f          |
| _253117_:ZN (OAI21_X1)                                                                                                                   |        | 0.001       | 0.000      | 0.015      |             | 0.022  | 0.601r          |
| u_sa_enhanced.pe_row_gen[14].pe_col_gen[0].u_pe_inst.pe_calculation_done_latch_$_NOT__A_Y_$_ANDNOT__A_B_$_ANDNOT__B_Y_$_ORNOT__A_Y (net) | 1      |             |            |            | 0.000       |        |                 |
| _369028_:E (CLKGATE_X1)                                                                                                                  |        | 0.001       | 0.000      | 0.015      |             | 0.000  | 0.601r          |
|                                                                                                                                          |        |             |            |            |             |        |                 |
| clk (port)                                                                                                                               |        | 1.639       | 0.000      | 0.000      |             | 0.000  | 0.000r          |
| clk (clock net)                                                                                                                          | 1212   |             |            |            | NA          |        |                 |
| _369028_:CK (CLKGATE_X1)                                                                                                                 |        | 0.002       | 0.000      | 0.000      |             | 0.000  | 0.000r          |
| clock clk (rise edge)                                                                                                                    |        |             |            |            |             | 1.12   | 1.12            |
| clock network delay (ideal)                                                                                                              |        |             |            |            |             | 0.000  | 1.120           |
| _369028_:CK (CLKGATE_X1)                                                                                                                 |        |             |            |            |             |        | 1.120r          |
| library setup time                                                                                                                       |        |             |            |            |             | -0.051 | 1.069           |
| clock reconvergence pessimism                                                                                                            |        |             |            |            |             | 0.000  | 1.069           |
|                                                                                                                                          |        |             |            |            |             |        |                 |
| path cell delay                                                                                                                          |        |             |            |            |             |        | 0.601(100.000%) |
| path net delay                                                                                                                           |        |             |            |            |             |        | 0.000(0.000%)   |
|                                                                                                                                          |        |             |            |            |             |        |                 |
| data require time                                                                                                                        |        |             |            |            |             |        | 1.069           |
| data arrival time                                                                                                                        |        |             |            |            |             |        | 0.601           |
| slack (MET)                                                                                                                              |        |             |            |            |             |        | 0.469           |
+------------------------------------------------------------------------------------------------------------------------------------------+--------+-------------+------------+------------+-------------+--------+-----------------+
+-----------------------------------------------------------------------------------------------------------------------------+--------+-------------+------------+------------+-------------+--------+-----------------+
| Point                                                                                                                       | Fanout | Capacitance | Resistance | Transition | Delta Delay | Incr   | Path            |
+-----------------------------------------------------------------------------------------------------------------------------+--------+-------------+------------+------------+-------------+--------+-----------------+
| clk (port)                                                                                                                  |        | 1.639       | 0.000      | 0.000      |             | 0.000  | 0.000r          |
| clk (clock net)                                                                                                             | 1212   |             |            |            | NA          |        |                 |
| _369039_:CK (CLKGATE_X1)                                                                                                    |        | 0.002       | 0.000      | 0.000      |             | 0.000  | 0.000r          |
| _369039_:GCK (CLKGATE_X1)                                                                                                   |        | 0.383       | 0.000      | 0.000      |             | 0.000  | 0.000r          |
| _167510_ (clock net)                                                                                                        | 392    |             |            |            | NA          |        |                 |
| u_sa_enhanced.pe_row_gen[15].pe_col_gen[1].u_pe_inst.pe_calculation_done_latch_$_DFFE_PN0P__Q:CK (DFFR_X1)                  |        | 0.001       | 0.000      | 0.000      |             | 0.000  | 0.000r          |
| clock clk (rise edge)                                                                                                       |        |             |            |            |             | 0      | 0               |
| clock network delay (ideal)                                                                                                 |        |             |            |            |             | 0.000  | 0.000           |
| u_sa_enhanced.pe_row_gen[15].pe_col_gen[1].u_pe_inst.pe_calculation_done_latch_$_DFFE_PN0P__Q:CK (DFFR_X1)                  |        | 0.001       | 0.000      | 0.000      |             | 0.000  | 0.000r          |
| u_sa_enhanced.pe_row_gen[15].pe_col_gen[1].u_pe_inst.pe_calculation_done_latch_$_DFFE_PN0P__Q:Q (DFFR_X1)                   |        | 0.004       | 0.000      | 0.016      |             | 0.107  | 0.107r          |
| u_sa_enhanced.pe_row_gen[15].pe_col_gen[1].u_pe_inst.pe_calculation_done_latch (net)                                        | 3      |             |            |            | 0.000       |        |                 |
| _199503_:A4 (NAND4_X1)                                                                                                      |        | 0.002       | 0.000      | 0.016      |             | 0.000  | 0.107r          |
| _199503_:ZN (NAND4_X1)                                                                                                      |        | 0.001       | 0.000      | 0.017      |             | 0.033  | 0.140f          |
| _122003_ (net)                                                                                                              | 1      |             |            |            | 0.000       |        |                 |
| _199504_:A1 (NOR4_X1)                                                                                                       |        | 0.002       | 0.000      | 0.017      |             | 0.000  | 0.140f          |
| _199504_:ZN (NOR4_X1)                                                                                                       |        | 0.001       | 0.000      | 0.036      |             | 0.041  | 0.181r          |
| _122004_ (net)                                                                                                              | 1      |             |            |            | 0.000       |        |                 |
| _199507_:A2 (AND4_X1)                                                                                                       |        | 0.001       | 0.000      | 0.036      |             | 0.000  | 0.181r          |
| _199507_:ZN (AND4_X1)                                                                                                       |        | 0.002       | 0.000      | 0.013      |             | 0.064  | 0.245r          |
| _122007_ (net)                                                                                                              | 1      |             |            |            | 0.000       |        |                 |
| _199511_:A1 (NAND4_X1)                                                                                                      |        | 0.002       | 0.000      | 0.013      |             | 0.000  | 0.245r          |
| _199511_:ZN (NAND4_X1)                                                                                                      |        | 0.001       | 0.000      | 0.017      |             | 0.026  | 0.271f          |
| _122011_ (net)                                                                                                              | 1      |             |            |            | 0.000       |        |                 |
| _199512_:A1 (NOR3_X1)                                                                                                       |        | 0.002       | 0.000      | 0.017      |             | 0.000  | 0.271f          |
| _199512_:ZN (NOR3_X1)                                                                                                       |        | 0.001       | 0.000      | 0.022      |             | 0.031  | 0.302r          |
| _122012_ (net)                                                                                                              | 1      |             |            |            | 0.000       |        |                 |
| _199513_:A1 (AND2_X1)                                                                                                       |        | 0.001       | 0.000      | 0.022      |             | 0.000  | 0.302r          |
| _199513_:ZN (AND2_X1)                                                                                                       |        | 0.005       | 0.000      | 0.016      |             | 0.044  | 0.346r          |
| _122013_ (net)                                                                                                              | 3      |             |            |            | 0.000       |        |                 |
| _199619_:B1 (OAI21_X1)                                                                                                      |        | 0.002       | 0.000      | 0.016      |             | 0.000  | 0.346r          |
| _199619_:ZN (OAI21_X1)                                                                                                      |        | 0.002       | 0.000      | 0.014      |             | 0.016  | 0.362f          |
| _122112_ (net)                                                                                                              | 1      |             |            |            | 0.000       |        |                 |
| _199630_:A1 (NAND3_X1)                                                                                                      |        | 0.002       | 0.000      | 0.014      |             | 0.000  | 0.362f          |
| _199630_:ZN (NAND3_X1)                                                                                                      |        | 0.002       | 0.000      | 0.013      |             | 0.019  | 0.381r          |
| _122123_ (net)                                                                                                              | 1      |             |            |            | 0.000       |        |                 |
| _199631_:B1 (OAI21_X1)                                                                                                      |        | 0.002       | 0.000      | 0.013      |             | 0.000  | 0.381r          |
| _199631_:ZN (OAI21_X1)                                                                                                      |        | 0.003       | 0.000      | 0.014      |             | 0.018  | 0.399f          |
| _122124_ (net)                                                                                                              | 2      |             |            |            | 0.000       |        |                 |
| _199649_:A1 (NOR3_X1)                                                                                                       |        | 0.002       | 0.000      | 0.014      |             | 0.000  | 0.399f          |
| _199649_:ZN (NOR3_X1)                                                                                                       |        | 0.003       | 0.000      | 0.043      |             | 0.053  | 0.453r          |
| _122141_ (net)                                                                                                              | 1      |             |            |            | 0.000       |        |                 |
| _199650_:A (INV_X2)                                                                                                         |        | 0.003       | 0.000      | 0.043      |             | 0.000  | 0.453r          |
| _199650_:ZN (INV_X2)                                                                                                        |        | 0.025       | 0.000      | 0.021      |             | 0.034  | 0.486f          |
| _122142_ (net)                                                                                                              | 6      |             |            |            | 0.000       |        |                 |
| _236577_:A (BUF_X8)                                                                                                         |        | 0.007       | 0.000      | 0.021      |             | 0.000  | 0.486f          |
| _236577_:Z (BUF_X8)                                                                                                         |        | 0.033       | 0.000      | 0.008      |             | 0.035  | 0.522f          |
| _155871_ (net)                                                                                                              | 10     |             |            |            | 0.000       |        |                 |
| _236578_:A (BUF_X8)                                                                                                         |        | 0.007       | 0.000      | 0.008      |             | 0.000  | 0.522f          |
| _236578_:Z (BUF_X8)                                                                                                         |        | 0.030       | 0.000      | 0.008      |             | 0.029  | 0.550f          |
| _155872_ (net)                                                                                                              | 10     |             |            |            | 0.000       |        |                 |
| _242561_:A (BUF_X4)                                                                                                         |        | 0.003       | 0.000      | 0.008      |             | 0.000  | 0.550f          |
| _242561_:Z (BUF_X4)                                                                                                         |        | 0.015       | 0.000      | 0.007      |             | 0.028  | 0.578f          |
| _161335_ (net)                                                                                                              | 10     |             |            |            | 0.000       |        |                 |
| _245188_:B1 (OAI21_X1)                                                                                                      |        | 0.002       | 0.000      | 0.007      |             | 0.000  | 0.578f          |
| _245188_:ZN (OAI21_X1)                                                                                                      |        | 0.001       | 0.000      | 0.015      |             | 0.022  | 0.601r          |
| u_sa_enhanced.pe_row_gen[13].pe_col_gen[13].u_pe_inst.pe_calculation_done_latch_$_NOT__A_Y_$_ANDNOT__A_Y_$_ORNOT__A_Y (net) | 1      |             |            |            | 0.000       |        |                 |
| _368902_:E (CLKGATE_X1)                                                                                                     |        | 0.001       | 0.000      | 0.015      |             | 0.000  | 0.601r          |
|                                                                                                                             |        |             |            |            |             |        |                 |
| clk (port)                                                                                                                  |        | 1.639       | 0.000      | 0.000      |             | 0.000  | 0.000r          |
| clk (clock net)                                                                                                             | 1212   |             |            |            | NA          |        |                 |
| _368902_:CK (CLKGATE_X1)                                                                                                    |        | 0.002       | 0.000      | 0.000      |             | 0.000  | 0.000r          |
| clock clk (rise edge)                                                                                                       |        |             |            |            |             | 1.12   | 1.12            |
| clock network delay (ideal)                                                                                                 |        |             |            |            |             | 0.000  | 1.120           |
| _368902_:CK (CLKGATE_X1)                                                                                                    |        |             |            |            |             |        | 1.120r          |
| library setup time                                                                                                          |        |             |            |            |             | -0.051 | 1.069           |
| clock reconvergence pessimism                                                                                               |        |             |            |            |             | 0.000  | 1.069           |
|                                                                                                                             |        |             |            |            |             |        |                 |
| path cell delay                                                                                                             |        |             |            |            |             |        | 0.601(100.000%) |
| path net delay                                                                                                              |        |             |            |            |             |        | 0.000(0.000%)   |
|                                                                                                                             |        |             |            |            |             |        |                 |
| data require time                                                                                                           |        |             |            |            |             |        | 1.069           |
| data arrival time                                                                                                           |        |             |            |            |             |        | 0.601           |
| slack (MET)                                                                                                                 |        |             |            |            |             |        | 0.469           |
+-----------------------------------------------------------------------------------------------------------------------------+--------+-------------+------------+------------+-------------+--------+-----------------+
+-----------------------------------------------------------------------------------------------------------------------------+--------+-------------+------------+------------+-------------+--------+-----------------+
| Point                                                                                                                       | Fanout | Capacitance | Resistance | Transition | Delta Delay | Incr   | Path            |
+-----------------------------------------------------------------------------------------------------------------------------+--------+-------------+------------+------------+-------------+--------+-----------------+
| clk (port)                                                                                                                  |        | 1.639       | 0.000      | 0.000      |             | 0.000  | 0.000r          |
| clk (clock net)                                                                                                             | 1212   |             |            |            | NA          |        |                 |
| _369039_:CK (CLKGATE_X1)                                                                                                    |        | 0.002       | 0.000      | 0.000      |             | 0.000  | 0.000r          |
| _369039_:GCK (CLKGATE_X1)                                                                                                   |        | 0.383       | 0.000      | 0.000      |             | 0.000  | 0.000r          |
| _167510_ (clock net)                                                                                                        | 392    |             |            |            | NA          |        |                 |
| u_sa_enhanced.pe_row_gen[15].pe_col_gen[1].u_pe_inst.pe_calculation_done_latch_$_DFFE_PN0P__Q:CK (DFFR_X1)                  |        | 0.001       | 0.000      | 0.000      |             | 0.000  | 0.000r          |
| clock clk (rise edge)                                                                                                       |        |             |            |            |             | 0      | 0               |
| clock network delay (ideal)                                                                                                 |        |             |            |            |             | 0.000  | 0.000           |
| u_sa_enhanced.pe_row_gen[15].pe_col_gen[1].u_pe_inst.pe_calculation_done_latch_$_DFFE_PN0P__Q:CK (DFFR_X1)                  |        | 0.001       | 0.000      | 0.000      |             | 0.000  | 0.000r          |
| u_sa_enhanced.pe_row_gen[15].pe_col_gen[1].u_pe_inst.pe_calculation_done_latch_$_DFFE_PN0P__Q:Q (DFFR_X1)                   |        | 0.004       | 0.000      | 0.016      |             | 0.107  | 0.107r          |
| u_sa_enhanced.pe_row_gen[15].pe_col_gen[1].u_pe_inst.pe_calculation_done_latch (net)                                        | 3      |             |            |            | 0.000       |        |                 |
| _199503_:A4 (NAND4_X1)                                                                                                      |        | 0.002       | 0.000      | 0.016      |             | 0.000  | 0.107r          |
| _199503_:ZN (NAND4_X1)                                                                                                      |        | 0.001       | 0.000      | 0.017      |             | 0.033  | 0.140f          |
| _122003_ (net)                                                                                                              | 1      |             |            |            | 0.000       |        |                 |
| _199504_:A1 (NOR4_X1)                                                                                                       |        | 0.002       | 0.000      | 0.017      |             | 0.000  | 0.140f          |
| _199504_:ZN (NOR4_X1)                                                                                                       |        | 0.001       | 0.000      | 0.036      |             | 0.041  | 0.181r          |
| _122004_ (net)                                                                                                              | 1      |             |            |            | 0.000       |        |                 |
| _199507_:A2 (AND4_X1)                                                                                                       |        | 0.001       | 0.000      | 0.036      |             | 0.000  | 0.181r          |
| _199507_:ZN (AND4_X1)                                                                                                       |        | 0.002       | 0.000      | 0.013      |             | 0.064  | 0.245r          |
| _122007_ (net)                                                                                                              | 1      |             |            |            | 0.000       |        |                 |
| _199511_:A1 (NAND4_X1)                                                                                                      |        | 0.002       | 0.000      | 0.013      |             | 0.000  | 0.245r          |
| _199511_:ZN (NAND4_X1)                                                                                                      |        | 0.001       | 0.000      | 0.017      |             | 0.026  | 0.271f          |
| _122011_ (net)                                                                                                              | 1      |             |            |            | 0.000       |        |                 |
| _199512_:A1 (NOR3_X1)                                                                                                       |        | 0.002       | 0.000      | 0.017      |             | 0.000  | 0.271f          |
| _199512_:ZN (NOR3_X1)                                                                                                       |        | 0.001       | 0.000      | 0.022      |             | 0.031  | 0.302r          |
| _122012_ (net)                                                                                                              | 1      |             |            |            | 0.000       |        |                 |
| _199513_:A1 (AND2_X1)                                                                                                       |        | 0.001       | 0.000      | 0.022      |             | 0.000  | 0.302r          |
| _199513_:ZN (AND2_X1)                                                                                                       |        | 0.005       | 0.000      | 0.016      |             | 0.044  | 0.346r          |
| _122013_ (net)                                                                                                              | 3      |             |            |            | 0.000       |        |                 |
| _199619_:B1 (OAI21_X1)                                                                                                      |        | 0.002       | 0.000      | 0.016      |             | 0.000  | 0.346r          |
| _199619_:ZN (OAI21_X1)                                                                                                      |        | 0.002       | 0.000      | 0.014      |             | 0.016  | 0.362f          |
| _122112_ (net)                                                                                                              | 1      |             |            |            | 0.000       |        |                 |
| _199630_:A1 (NAND3_X1)                                                                                                      |        | 0.002       | 0.000      | 0.014      |             | 0.000  | 0.362f          |
| _199630_:ZN (NAND3_X1)                                                                                                      |        | 0.002       | 0.000      | 0.013      |             | 0.019  | 0.381r          |
| _122123_ (net)                                                                                                              | 1      |             |            |            | 0.000       |        |                 |
| _199631_:B1 (OAI21_X1)                                                                                                      |        | 0.002       | 0.000      | 0.013      |             | 0.000  | 0.381r          |
| _199631_:ZN (OAI21_X1)                                                                                                      |        | 0.003       | 0.000      | 0.014      |             | 0.018  | 0.399f          |
| _122124_ (net)                                                                                                              | 2      |             |            |            | 0.000       |        |                 |
| _199649_:A1 (NOR3_X1)                                                                                                       |        | 0.002       | 0.000      | 0.014      |             | 0.000  | 0.399f          |
| _199649_:ZN (NOR3_X1)                                                                                                       |        | 0.003       | 0.000      | 0.043      |             | 0.053  | 0.453r          |
| _122141_ (net)                                                                                                              | 1      |             |            |            | 0.000       |        |                 |
| _199650_:A (INV_X2)                                                                                                         |        | 0.003       | 0.000      | 0.043      |             | 0.000  | 0.453r          |
| _199650_:ZN (INV_X2)                                                                                                        |        | 0.025       | 0.000      | 0.021      |             | 0.034  | 0.486f          |
| _122142_ (net)                                                                                                              | 6      |             |            |            | 0.000       |        |                 |
| _236577_:A (BUF_X8)                                                                                                         |        | 0.007       | 0.000      | 0.021      |             | 0.000  | 0.486f          |
| _236577_:Z (BUF_X8)                                                                                                         |        | 0.033       | 0.000      | 0.008      |             | 0.035  | 0.522f          |
| _155871_ (net)                                                                                                              | 10     |             |            |            | 0.000       |        |                 |
| _236578_:A (BUF_X8)                                                                                                         |        | 0.007       | 0.000      | 0.008      |             | 0.000  | 0.522f          |
| _236578_:Z (BUF_X8)                                                                                                         |        | 0.030       | 0.000      | 0.008      |             | 0.029  | 0.550f          |
| _155872_ (net)                                                                                                              | 10     |             |            |            | 0.000       |        |                 |
| _254436_:A (BUF_X4)                                                                                                         |        | 0.003       | 0.000      | 0.008      |             | 0.000  | 0.550f          |
| _254436_:Z (BUF_X4)                                                                                                         |        | 0.015       | 0.000      | 0.007      |             | 0.028  | 0.578f          |
| _005186_ (net)                                                                                                              | 10     |             |            |            | 0.000       |        |                 |
| _254437_:B1 (OAI21_X1)                                                                                                      |        | 0.002       | 0.000      | 0.007      |             | 0.000  | 0.578f          |
| _254437_:ZN (OAI21_X1)                                                                                                      |        | 0.001       | 0.000      | 0.015      |             | 0.022  | 0.601r          |
| u_sa_enhanced.pe_row_gen[14].pe_col_gen[11].u_pe_inst.pe_calculation_done_latch_$_NOT__A_Y_$_ANDNOT__A_Y_$_ORNOT__A_Y (net) | 1      |             |            |            | 0.000       |        |                 |
| _368874_:E (CLKGATE_X1)                                                                                                     |        | 0.001       | 0.000      | 0.015      |             | 0.000  | 0.601r          |
|                                                                                                                             |        |             |            |            |             |        |                 |
| clk (port)                                                                                                                  |        | 1.639       | 0.000      | 0.000      |             | 0.000  | 0.000r          |
| clk (clock net)                                                                                                             | 1212   |             |            |            | NA          |        |                 |
| _368874_:CK (CLKGATE_X1)                                                                                                    |        | 0.002       | 0.000      | 0.000      |             | 0.000  | 0.000r          |
| clock clk (rise edge)                                                                                                       |        |             |            |            |             | 1.12   | 1.12            |
| clock network delay (ideal)                                                                                                 |        |             |            |            |             | 0.000  | 1.120           |
| _368874_:CK (CLKGATE_X1)                                                                                                    |        |             |            |            |             |        | 1.120r          |
| library setup time                                                                                                          |        |             |            |            |             | -0.051 | 1.069           |
| clock reconvergence pessimism                                                                                               |        |             |            |            |             | 0.000  | 1.069           |
|                                                                                                                             |        |             |            |            |             |        |                 |
| path cell delay                                                                                                             |        |             |            |            |             |        | 0.601(100.000%) |
| path net delay                                                                                                              |        |             |            |            |             |        | 0.000(0.000%)   |
|                                                                                                                             |        |             |            |            |             |        |                 |
| data require time                                                                                                           |        |             |            |            |             |        | 1.069           |
| data arrival time                                                                                                           |        |             |            |            |             |        | 0.601           |
| slack (MET)                                                                                                                 |        |             |            |            |             |        | 0.469           |
+-----------------------------------------------------------------------------------------------------------------------------+--------+-------------+------------+------------+-------------+--------+-----------------+
+-----------------------------------------------------------------------------------------------------------------------------+--------+-------------+------------+------------+-------------+--------+-----------------+
| Point                                                                                                                       | Fanout | Capacitance | Resistance | Transition | Delta Delay | Incr   | Path            |
+-----------------------------------------------------------------------------------------------------------------------------+--------+-------------+------------+------------+-------------+--------+-----------------+
| clk (port)                                                                                                                  |        | 1.639       | 0.000      | 0.000      |             | 0.000  | 0.000r          |
| clk (clock net)                                                                                                             | 1212   |             |            |            | NA          |        |                 |
| _369039_:CK (CLKGATE_X1)                                                                                                    |        | 0.002       | 0.000      | 0.000      |             | 0.000  | 0.000r          |
| _369039_:GCK (CLKGATE_X1)                                                                                                   |        | 0.383       | 0.000      | 0.000      |             | 0.000  | 0.000r          |
| _167510_ (clock net)                                                                                                        | 392    |             |            |            | NA          |        |                 |
| u_sa_enhanced.pe_row_gen[15].pe_col_gen[1].u_pe_inst.pe_calculation_done_latch_$_DFFE_PN0P__Q:CK (DFFR_X1)                  |        | 0.001       | 0.000      | 0.000      |             | 0.000  | 0.000r          |
| clock clk (rise edge)                                                                                                       |        |             |            |            |             | 0      | 0               |
| clock network delay (ideal)                                                                                                 |        |             |            |            |             | 0.000  | 0.000           |
| u_sa_enhanced.pe_row_gen[15].pe_col_gen[1].u_pe_inst.pe_calculation_done_latch_$_DFFE_PN0P__Q:CK (DFFR_X1)                  |        | 0.001       | 0.000      | 0.000      |             | 0.000  | 0.000r          |
| u_sa_enhanced.pe_row_gen[15].pe_col_gen[1].u_pe_inst.pe_calculation_done_latch_$_DFFE_PN0P__Q:Q (DFFR_X1)                   |        | 0.004       | 0.000      | 0.016      |             | 0.107  | 0.107r          |
| u_sa_enhanced.pe_row_gen[15].pe_col_gen[1].u_pe_inst.pe_calculation_done_latch (net)                                        | 3      |             |            |            | 0.000       |        |                 |
| _199503_:A4 (NAND4_X1)                                                                                                      |        | 0.002       | 0.000      | 0.016      |             | 0.000  | 0.107r          |
| _199503_:ZN (NAND4_X1)                                                                                                      |        | 0.001       | 0.000      | 0.017      |             | 0.033  | 0.140f          |
| _122003_ (net)                                                                                                              | 1      |             |            |            | 0.000       |        |                 |
| _199504_:A1 (NOR4_X1)                                                                                                       |        | 0.002       | 0.000      | 0.017      |             | 0.000  | 0.140f          |
| _199504_:ZN (NOR4_X1)                                                                                                       |        | 0.001       | 0.000      | 0.036      |             | 0.041  | 0.181r          |
| _122004_ (net)                                                                                                              | 1      |             |            |            | 0.000       |        |                 |
| _199507_:A2 (AND4_X1)                                                                                                       |        | 0.001       | 0.000      | 0.036      |             | 0.000  | 0.181r          |
| _199507_:ZN (AND4_X1)                                                                                                       |        | 0.002       | 0.000      | 0.013      |             | 0.064  | 0.245r          |
| _122007_ (net)                                                                                                              | 1      |             |            |            | 0.000       |        |                 |
| _199511_:A1 (NAND4_X1)                                                                                                      |        | 0.002       | 0.000      | 0.013      |             | 0.000  | 0.245r          |
| _199511_:ZN (NAND4_X1)                                                                                                      |        | 0.001       | 0.000      | 0.017      |             | 0.026  | 0.271f          |
| _122011_ (net)                                                                                                              | 1      |             |            |            | 0.000       |        |                 |
| _199512_:A1 (NOR3_X1)                                                                                                       |        | 0.002       | 0.000      | 0.017      |             | 0.000  | 0.271f          |
| _199512_:ZN (NOR3_X1)                                                                                                       |        | 0.001       | 0.000      | 0.022      |             | 0.031  | 0.302r          |
| _122012_ (net)                                                                                                              | 1      |             |            |            | 0.000       |        |                 |
| _199513_:A1 (AND2_X1)                                                                                                       |        | 0.001       | 0.000      | 0.022      |             | 0.000  | 0.302r          |
| _199513_:ZN (AND2_X1)                                                                                                       |        | 0.005       | 0.000      | 0.016      |             | 0.044  | 0.346r          |
| _122013_ (net)                                                                                                              | 3      |             |            |            | 0.000       |        |                 |
| _199619_:B1 (OAI21_X1)                                                                                                      |        | 0.002       | 0.000      | 0.016      |             | 0.000  | 0.346r          |
| _199619_:ZN (OAI21_X1)                                                                                                      |        | 0.002       | 0.000      | 0.014      |             | 0.016  | 0.362f          |
| _122112_ (net)                                                                                                              | 1      |             |            |            | 0.000       |        |                 |
| _199630_:A1 (NAND3_X1)                                                                                                      |        | 0.002       | 0.000      | 0.014      |             | 0.000  | 0.362f          |
| _199630_:ZN (NAND3_X1)                                                                                                      |        | 0.002       | 0.000      | 0.013      |             | 0.019  | 0.381r          |
| _122123_ (net)                                                                                                              | 1      |             |            |            | 0.000       |        |                 |
| _199631_:B1 (OAI21_X1)                                                                                                      |        | 0.002       | 0.000      | 0.013      |             | 0.000  | 0.381r          |
| _199631_:ZN (OAI21_X1)                                                                                                      |        | 0.003       | 0.000      | 0.014      |             | 0.018  | 0.399f          |
| _122124_ (net)                                                                                                              | 2      |             |            |            | 0.000       |        |                 |
| _199649_:A1 (NOR3_X1)                                                                                                       |        | 0.002       | 0.000      | 0.014      |             | 0.000  | 0.399f          |
| _199649_:ZN (NOR3_X1)                                                                                                       |        | 0.003       | 0.000      | 0.043      |             | 0.053  | 0.453r          |
| _122141_ (net)                                                                                                              | 1      |             |            |            | 0.000       |        |                 |
| _199650_:A (INV_X2)                                                                                                         |        | 0.003       | 0.000      | 0.043      |             | 0.000  | 0.453r          |
| _199650_:ZN (INV_X2)                                                                                                        |        | 0.025       | 0.000      | 0.021      |             | 0.034  | 0.486f          |
| _122142_ (net)                                                                                                              | 6      |             |            |            | 0.000       |        |                 |
| _236577_:A (BUF_X8)                                                                                                         |        | 0.007       | 0.000      | 0.021      |             | 0.000  | 0.486f          |
| _236577_:Z (BUF_X8)                                                                                                         |        | 0.033       | 0.000      | 0.008      |             | 0.035  | 0.522f          |
| _155871_ (net)                                                                                                              | 10     |             |            |            | 0.000       |        |                 |
| _236578_:A (BUF_X8)                                                                                                         |        | 0.007       | 0.000      | 0.008      |             | 0.000  | 0.522f          |
| _236578_:Z (BUF_X8)                                                                                                         |        | 0.030       | 0.000      | 0.008      |             | 0.029  | 0.550f          |
| _155872_ (net)                                                                                                              | 10     |             |            |            | 0.000       |        |                 |
| _254436_:A (BUF_X4)                                                                                                         |        | 0.003       | 0.000      | 0.008      |             | 0.000  | 0.550f          |
| _254436_:Z (BUF_X4)                                                                                                         |        | 0.015       | 0.000      | 0.007      |             | 0.028  | 0.578f          |
| _005186_ (net)                                                                                                              | 10     |             |            |            | 0.000       |        |                 |
| _255750_:B1 (OAI21_X1)                                                                                                      |        | 0.002       | 0.000      | 0.007      |             | 0.000  | 0.578f          |
| _255750_:ZN (OAI21_X1)                                                                                                      |        | 0.001       | 0.000      | 0.015      |             | 0.022  | 0.601r          |
| u_sa_enhanced.pe_row_gen[14].pe_col_gen[13].u_pe_inst.pe_calculation_done_latch_$_NOT__A_Y_$_ANDNOT__A_Y_$_ORNOT__A_Y (net) | 1      |             |            |            | 0.000       |        |                 |
| _368870_:E (CLKGATE_X1)                                                                                                     |        | 0.001       | 0.000      | 0.015      |             | 0.000  | 0.601r          |
|                                                                                                                             |        |             |            |            |             |        |                 |
| clk (port)                                                                                                                  |        | 1.639       | 0.000      | 0.000      |             | 0.000  | 0.000r          |
| clk (clock net)                                                                                                             | 1212   |             |            |            | NA          |        |                 |
| _368870_:CK (CLKGATE_X1)                                                                                                    |        | 0.002       | 0.000      | 0.000      |             | 0.000  | 0.000r          |
| clock clk (rise edge)                                                                                                       |        |             |            |            |             | 1.12   | 1.12            |
| clock network delay (ideal)                                                                                                 |        |             |            |            |             | 0.000  | 1.120           |
| _368870_:CK (CLKGATE_X1)                                                                                                    |        |             |            |            |             |        | 1.120r          |
| library setup time                                                                                                          |        |             |            |            |             | -0.051 | 1.069           |
| clock reconvergence pessimism                                                                                               |        |             |            |            |             | 0.000  | 1.069           |
|                                                                                                                             |        |             |            |            |             |        |                 |
| path cell delay                                                                                                             |        |             |            |            |             |        | 0.601(100.000%) |
| path net delay                                                                                                              |        |             |            |            |             |        | 0.000(0.000%)   |
|                                                                                                                             |        |             |            |            |             |        |                 |
| data require time                                                                                                           |        |             |            |            |             |        | 1.069           |
| data arrival time                                                                                                           |        |             |            |            |             |        | 0.601           |
| slack (MET)                                                                                                                 |        |             |            |            |             |        | 0.469           |
+-----------------------------------------------------------------------------------------------------------------------------+--------+-------------+------------+------------+-------------+--------+-----------------+
+-----------------------------------------------------------------------------------------------------------------------------+--------+-------------+------------+------------+-------------+--------+-----------------+
| Point                                                                                                                       | Fanout | Capacitance | Resistance | Transition | Delta Delay | Incr   | Path            |
+-----------------------------------------------------------------------------------------------------------------------------+--------+-------------+------------+------------+-------------+--------+-----------------+
| clk (port)                                                                                                                  |        | 1.639       | 0.000      | 0.000      |             | 0.000  | 0.000r          |
| clk (clock net)                                                                                                             | 1212   |             |            |            | NA          |        |                 |
| _369039_:CK (CLKGATE_X1)                                                                                                    |        | 0.002       | 0.000      | 0.000      |             | 0.000  | 0.000r          |
| _369039_:GCK (CLKGATE_X1)                                                                                                   |        | 0.383       | 0.000      | 0.000      |             | 0.000  | 0.000r          |
| _167510_ (clock net)                                                                                                        | 392    |             |            |            | NA          |        |                 |
| u_sa_enhanced.pe_row_gen[15].pe_col_gen[1].u_pe_inst.pe_calculation_done_latch_$_DFFE_PN0P__Q:CK (DFFR_X1)                  |        | 0.001       | 0.000      | 0.000      |             | 0.000  | 0.000r          |
| clock clk (rise edge)                                                                                                       |        |             |            |            |             | 0      | 0               |
| clock network delay (ideal)                                                                                                 |        |             |            |            |             | 0.000  | 0.000           |
| u_sa_enhanced.pe_row_gen[15].pe_col_gen[1].u_pe_inst.pe_calculation_done_latch_$_DFFE_PN0P__Q:CK (DFFR_X1)                  |        | 0.001       | 0.000      | 0.000      |             | 0.000  | 0.000r          |
| u_sa_enhanced.pe_row_gen[15].pe_col_gen[1].u_pe_inst.pe_calculation_done_latch_$_DFFE_PN0P__Q:Q (DFFR_X1)                   |        | 0.004       | 0.000      | 0.016      |             | 0.107  | 0.107r          |
| u_sa_enhanced.pe_row_gen[15].pe_col_gen[1].u_pe_inst.pe_calculation_done_latch (net)                                        | 3      |             |            |            | 0.000       |        |                 |
| _199503_:A4 (NAND4_X1)                                                                                                      |        | 0.002       | 0.000      | 0.016      |             | 0.000  | 0.107r          |
| _199503_:ZN (NAND4_X1)                                                                                                      |        | 0.001       | 0.000      | 0.017      |             | 0.033  | 0.140f          |
| _122003_ (net)                                                                                                              | 1      |             |            |            | 0.000       |        |                 |
| _199504_:A1 (NOR4_X1)                                                                                                       |        | 0.002       | 0.000      | 0.017      |             | 0.000  | 0.140f          |
| _199504_:ZN (NOR4_X1)                                                                                                       |        | 0.001       | 0.000      | 0.036      |             | 0.041  | 0.181r          |
| _122004_ (net)                                                                                                              | 1      |             |            |            | 0.000       |        |                 |
| _199507_:A2 (AND4_X1)                                                                                                       |        | 0.001       | 0.000      | 0.036      |             | 0.000  | 0.181r          |
| _199507_:ZN (AND4_X1)                                                                                                       |        | 0.002       | 0.000      | 0.013      |             | 0.064  | 0.245r          |
| _122007_ (net)                                                                                                              | 1      |             |            |            | 0.000       |        |                 |
| _199511_:A1 (NAND4_X1)                                                                                                      |        | 0.002       | 0.000      | 0.013      |             | 0.000  | 0.245r          |
| _199511_:ZN (NAND4_X1)                                                                                                      |        | 0.001       | 0.000      | 0.017      |             | 0.026  | 0.271f          |
| _122011_ (net)                                                                                                              | 1      |             |            |            | 0.000       |        |                 |
| _199512_:A1 (NOR3_X1)                                                                                                       |        | 0.002       | 0.000      | 0.017      |             | 0.000  | 0.271f          |
| _199512_:ZN (NOR3_X1)                                                                                                       |        | 0.001       | 0.000      | 0.022      |             | 0.031  | 0.302r          |
| _122012_ (net)                                                                                                              | 1      |             |            |            | 0.000       |        |                 |
| _199513_:A1 (AND2_X1)                                                                                                       |        | 0.001       | 0.000      | 0.022      |             | 0.000  | 0.302r          |
| _199513_:ZN (AND2_X1)                                                                                                       |        | 0.005       | 0.000      | 0.016      |             | 0.044  | 0.346r          |
| _122013_ (net)                                                                                                              | 3      |             |            |            | 0.000       |        |                 |
| _199619_:B1 (OAI21_X1)                                                                                                      |        | 0.002       | 0.000      | 0.016      |             | 0.000  | 0.346r          |
| _199619_:ZN (OAI21_X1)                                                                                                      |        | 0.002       | 0.000      | 0.014      |             | 0.016  | 0.362f          |
| _122112_ (net)                                                                                                              | 1      |             |            |            | 0.000       |        |                 |
| _199630_:A1 (NAND3_X1)                                                                                                      |        | 0.002       | 0.000      | 0.014      |             | 0.000  | 0.362f          |
| _199630_:ZN (NAND3_X1)                                                                                                      |        | 0.002       | 0.000      | 0.013      |             | 0.019  | 0.381r          |
| _122123_ (net)                                                                                                              | 1      |             |            |            | 0.000       |        |                 |
| _199631_:B1 (OAI21_X1)                                                                                                      |        | 0.002       | 0.000      | 0.013      |             | 0.000  | 0.381r          |
| _199631_:ZN (OAI21_X1)                                                                                                      |        | 0.003       | 0.000      | 0.014      |             | 0.018  | 0.399f          |
| _122124_ (net)                                                                                                              | 2      |             |            |            | 0.000       |        |                 |
| _199649_:A1 (NOR3_X1)                                                                                                       |        | 0.002       | 0.000      | 0.014      |             | 0.000  | 0.399f          |
| _199649_:ZN (NOR3_X1)                                                                                                       |        | 0.003       | 0.000      | 0.043      |             | 0.053  | 0.453r          |
| _122141_ (net)                                                                                                              | 1      |             |            |            | 0.000       |        |                 |
| _199650_:A (INV_X2)                                                                                                         |        | 0.003       | 0.000      | 0.043      |             | 0.000  | 0.453r          |
| _199650_:ZN (INV_X2)                                                                                                        |        | 0.025       | 0.000      | 0.021      |             | 0.034  | 0.486f          |
| _122142_ (net)                                                                                                              | 6      |             |            |            | 0.000       |        |                 |
| _236577_:A (BUF_X8)                                                                                                         |        | 0.007       | 0.000      | 0.021      |             | 0.000  | 0.486f          |
| _236577_:Z (BUF_X8)                                                                                                         |        | 0.033       | 0.000      | 0.008      |             | 0.035  | 0.522f          |
| _155871_ (net)                                                                                                              | 10     |             |            |            | 0.000       |        |                 |
| _236578_:A (BUF_X8)                                                                                                         |        | 0.007       | 0.000      | 0.008      |             | 0.000  | 0.522f          |
| _236578_:Z (BUF_X8)                                                                                                         |        | 0.030       | 0.000      | 0.008      |             | 0.029  | 0.550f          |
| _155872_ (net)                                                                                                              | 10     |             |            |            | 0.000       |        |                 |
| _254436_:A (BUF_X4)                                                                                                         |        | 0.003       | 0.000      | 0.008      |             | 0.000  | 0.550f          |
| _254436_:Z (BUF_X4)                                                                                                         |        | 0.015       | 0.000      | 0.007      |             | 0.028  | 0.578f          |
| _005186_ (net)                                                                                                              | 10     |             |            |            | 0.000       |        |                 |
| _256420_:B1 (OAI21_X1)                                                                                                      |        | 0.002       | 0.000      | 0.007      |             | 0.000  | 0.578f          |
| _256420_:ZN (OAI21_X1)                                                                                                      |        | 0.001       | 0.000      | 0.015      |             | 0.022  | 0.601r          |
| u_sa_enhanced.pe_row_gen[14].pe_col_gen[14].u_pe_inst.pe_calculation_done_latch_$_NOT__A_Y_$_ANDNOT__A_Y_$_ORNOT__A_Y (net) | 1      |             |            |            | 0.000       |        |                 |
| _368868_:E (CLKGATE_X1)                                                                                                     |        | 0.001       | 0.000      | 0.015      |             | 0.000  | 0.601r          |
|                                                                                                                             |        |             |            |            |             |        |                 |
| clk (port)                                                                                                                  |        | 1.639       | 0.000      | 0.000      |             | 0.000  | 0.000r          |
| clk (clock net)                                                                                                             | 1212   |             |            |            | NA          |        |                 |
| _368868_:CK (CLKGATE_X1)                                                                                                    |        | 0.002       | 0.000      | 0.000      |             | 0.000  | 0.000r          |
| clock clk (rise edge)                                                                                                       |        |             |            |            |             | 1.12   | 1.12            |
| clock network delay (ideal)                                                                                                 |        |             |            |            |             | 0.000  | 1.120           |
| _368868_:CK (CLKGATE_X1)                                                                                                    |        |             |            |            |             |        | 1.120r          |
| library setup time                                                                                                          |        |             |            |            |             | -0.051 | 1.069           |
| clock reconvergence pessimism                                                                                               |        |             |            |            |             | 0.000  | 1.069           |
|                                                                                                                             |        |             |            |            |             |        |                 |
| path cell delay                                                                                                             |        |             |            |            |             |        | 0.601(100.000%) |
| path net delay                                                                                                              |        |             |            |            |             |        | 0.000(0.000%)   |
|                                                                                                                             |        |             |            |            |             |        |                 |
| data require time                                                                                                           |        |             |            |            |             |        | 1.069           |
| data arrival time                                                                                                           |        |             |            |            |             |        | 0.601           |
| slack (MET)                                                                                                                 |        |             |            |            |             |        | 0.469           |
+-----------------------------------------------------------------------------------------------------------------------------+--------+-------------+------------+------------+-------------+--------+-----------------+
+----------------------------------------------+--------+-------------+------------+------------+-------------+--------+-----------------+
| Point                                        | Fanout | Capacitance | Resistance | Transition | Delta Delay | Incr   | Path            |
+----------------------------------------------+--------+-------------+------------+------------+-------------+--------+-----------------+
| clk (port)                                   |        | 1.639       | 0.000      | 0.000      |             | 0.000  | 0.000r          |
| clk (clock net)                              | 1212   |             |            |            | NA          |        |                 |
| _369051_:CK (CLKGATE_X1)                     |        | 0.002       | 0.000      | 0.000      |             | 0.000  | 0.000r          |
| _369051_:GCK (CLKGATE_X1)                    |        | 0.005       | 0.000      | 0.000      |             | 0.000  | 0.000r          |
| _167522_ (clock net)                         | 5      |             |            |            | NA          |        |                 |
| i_writer_idx_q_$_DFFE_PN0P__Q_4:CK (DFFR_X1) |        | 0.001       | 0.000      | 0.000      |             | 0.000  | 0.000r          |
| clock clk (rise edge)                        |        |             |            |            |             | 0      | 0               |
| clock network delay (ideal)                  |        |             |            |            |             | 0.000  | 0.000           |
| i_writer_idx_q_$_DFFE_PN0P__Q_4:CK (DFFR_X1) |        | 0.001       | 0.000      | 0.000      |             | 0.000  | 0.000r          |
| i_writer_idx_q_$_DFFE_PN0P__Q_4:QN (DFFR_X1) |        | 0.001       | 0.000      | 0.011      |             | 0.066  | 0.066r          |
| i_writer_idx_q_$_DFFE_PN0P__Q_4_D[0] (net)   | 1      |             |            |            | 0.000       |        |                 |
| i_writer_idx_q_$_DFFE_PN0P__Q_4:D (DFFR_X1)  |        | 0.001       | 0.000      | 0.011      |             | 0.000  | 0.066r          |
|                                              |        |             |            |            |             |        |                 |
| clk (port)                                   |        | 1.639       | 0.000      | 0.000      |             | 0.000  | 0.000r          |
| clk (clock net)                              | 1212   |             |            |            | NA          |        |                 |
| _369051_:CK (CLKGATE_X1)                     |        | 0.002       | 0.000      | 0.000      |             | 0.000  | 0.000r          |
| _369051_:GCK (CLKGATE_X1)                    |        | 0.005       | 0.000      | 0.000      |             | 0.000  | 0.000r          |
| _167522_ (clock net)                         | 5      |             |            |            | NA          |        |                 |
| i_writer_idx_q_$_DFFE_PN0P__Q_4:CK (DFFR_X1) |        | 0.001       | 0.000      | 0.000      |             | 0.000  | 0.000r          |
| clock clk (rise edge)                        |        |             |            |            |             | 0      | 0               |
| clock network delay (ideal)                  |        |             |            |            |             | 0.000  | 0.000           |
| i_writer_idx_q_$_DFFE_PN0P__Q_4:CK (DFFR_X1) |        |             |            |            |             |        | 0.000r          |
| library hold time                            |        |             |            |            |             | 0.006  | 0.006           |
| clock reconvergence pessimism                |        |             |            |            |             | -0.000 | 0.006           |
|                                              |        |             |            |            |             |        |                 |
| path cell delay                              |        |             |            |            |             |        | 0.066(100.000%) |
| path net delay                               |        |             |            |            |             |        | 0.000(0.000%)   |
|                                              |        |             |            |            |             |        |                 |
| data require time                            |        |             |            |            |             |        | 0.006           |
| data arrival time                            |        |             |            |            |             |        | 0.066           |
| slack (MET)                                  |        |             |            |            |             |        | 0.060           |
+----------------------------------------------+--------+-------------+------------+------------+-------------+--------+-----------------+
+----------------------------------------------+--------+-------------+------------+------------+-------------+--------+-----------------+
| Point                                        | Fanout | Capacitance | Resistance | Transition | Delta Delay | Incr   | Path            |
+----------------------------------------------+--------+-------------+------------+------------+-------------+--------+-----------------+
| clk (port)                                   |        | 1.639       | 0.000      | 0.000      |             | 0.000  | 0.000r          |
| clk (clock net)                              | 1212   |             |            |            | NA          |        |                 |
| _369051_:CK (CLKGATE_X1)                     |        | 0.002       | 0.000      | 0.000      |             | 0.000  | 0.000r          |
| _369051_:GCK (CLKGATE_X1)                    |        | 0.005       | 0.000      | 0.000      |             | 0.000  | 0.000r          |
| _167522_ (clock net)                         | 5      |             |            |            | NA          |        |                 |
| i_writer_idx_q_$_DFFE_PN0P__Q_4:CK (DFFR_X1) |        | 0.001       | 0.000      | 0.000      |             | 0.000  | 0.000r          |
| clock clk (rise edge)                        |        |             |            |            |             | 0      | 0               |
| clock network delay (ideal)                  |        |             |            |            |             | 0.000  | 0.000           |
| i_writer_idx_q_$_DFFE_PN0P__Q_4:CK (DFFR_X1) |        | 0.001       | 0.000      | 0.000      |             | 0.000  | 0.000r          |
| i_writer_idx_q_$_DFFE_PN0P__Q_4:QN (DFFR_X1) |        | 0.001       | 0.000      | 0.011      |             | 0.066  | 0.066r          |
| i_writer_idx_q_$_DFFE_PN0P__Q_4_D[0] (net)   | 1      |             |            |            | 0.000       |        |                 |
| i_writer_idx_q_$_DFFE_PN0P__Q_4:D (DFFR_X1)  |        | 0.001       | 0.000      | 0.011      |             | 0.000  | 0.066r          |
|                                              |        |             |            |            |             |        |                 |
| clk (port)                                   |        | 1.639       | 0.000      | 0.000      |             | 0.000  | 0.000r          |
| clk (clock net)                              | 1212   |             |            |            | NA          |        |                 |
| _369051_:CK (CLKGATE_X1)                     |        | 0.002       | 0.000      | 0.000      |             | 0.000  | 0.000r          |
| _369051_:GCK (CLKGATE_X1)                    |        | 0.005       | 0.000      | 0.000      |             | 0.000  | 0.000r          |
| _167522_ (clock net)                         | 5      |             |            |            | NA          |        |                 |
| i_writer_idx_q_$_DFFE_PN0P__Q_4:CK (DFFR_X1) |        | 0.001       | 0.000      | 0.000      |             | 0.000  | 0.000r          |
| clock clk (rise edge)                        |        |             |            |            |             | 0      | 0               |
| clock network delay (ideal)                  |        |             |            |            |             | 0.000  | 0.000           |
| i_writer_idx_q_$_DFFE_PN0P__Q_4:CK (DFFR_X1) |        |             |            |            |             |        | 0.000r          |
| library hold time                            |        |             |            |            |             | 0.006  | 0.006           |
| clock reconvergence pessimism                |        |             |            |            |             | -0.000 | 0.006           |
|                                              |        |             |            |            |             |        |                 |
| path cell delay                              |        |             |            |            |             |        | 0.066(100.000%) |
| path net delay                               |        |             |            |            |             |        | 0.000(0.000%)   |
|                                              |        |             |            |            |             |        |                 |
| data require time                            |        |             |            |            |             |        | 0.006           |
| data arrival time                            |        |             |            |            |             |        | 0.066           |
| slack (MET)                                  |        |             |            |            |             |        | 0.060           |
+----------------------------------------------+--------+-------------+------------+------------+-------------+--------+-----------------+
+-------------------------------------------+--------+-------------+------------+------------+-------------+--------+-----------------+
| Point                                     | Fanout | Capacitance | Resistance | Transition | Delta Delay | Incr   | Path            |
+-------------------------------------------+--------+-------------+------------+------------+-------------+--------+-----------------+
| clk (port)                                |        | 1.639       | 0.000      | 0.000      |             | 0.000  | 0.000r          |
| clk (clock net)                           | 1212   |             |            |            | NA          |        |                 |
| _368518_:CK (CLKGATE_X1)                  |        | 0.002       | 0.000      | 0.000      |             | 0.000  | 0.000r          |
| _368518_:GCK (CLKGATE_X1)                 |        | 0.001       | 0.000      | 0.000      |             | 0.000  | 0.000r          |
| _166989_ (clock net)                      | 1      |             |            |            | NA          |        |                 |
| write_state_q_$_DFFE_PN0P__Q:CK (DFFR_X1) |        | 0.001       | 0.000      | 0.000      |             | 0.000  | 0.000r          |
| clock clk (rise edge)                     |        |             |            |            |             | 0      | 0               |
| clock network delay (ideal)               |        |             |            |            |             | 0.000  | 0.000           |
| write_state_q_$_DFFE_PN0P__Q:CK (DFFR_X1) |        | 0.001       | 0.000      | 0.000      |             | 0.000  | 0.000r          |
| write_state_q_$_DFFE_PN0P__Q:QN (DFFR_X1) |        | 0.003       | 0.000      | 0.013      |             | 0.069  | 0.069r          |
| write_next_state_d[1] (net)               | 2      |             |            |            | 0.000       |        |                 |
| write_state_q_$_DFFE_PN0P__Q:D (DFFR_X1)  |        | 0.001       | 0.000      | 0.013      |             | 0.000  | 0.069r          |
|                                           |        |             |            |            |             |        |                 |
| clk (port)                                |        | 1.639       | 0.000      | 0.000      |             | 0.000  | 0.000r          |
| clk (clock net)                           | 1212   |             |            |            | NA          |        |                 |
| _368518_:CK (CLKGATE_X1)                  |        | 0.002       | 0.000      | 0.000      |             | 0.000  | 0.000r          |
| _368518_:GCK (CLKGATE_X1)                 |        | 0.001       | 0.000      | 0.000      |             | 0.000  | 0.000r          |
| _166989_ (clock net)                      | 1      |             |            |            | NA          |        |                 |
| write_state_q_$_DFFE_PN0P__Q:CK (DFFR_X1) |        | 0.001       | 0.000      | 0.000      |             | 0.000  | 0.000r          |
| clock clk (rise edge)                     |        |             |            |            |             | 0      | 0               |
| clock network delay (ideal)               |        |             |            |            |             | 0.000  | 0.000           |
| write_state_q_$_DFFE_PN0P__Q:CK (DFFR_X1) |        |             |            |            |             |        | 0.000r          |
| library hold time                         |        |             |            |            |             | 0.007  | 0.007           |
| clock reconvergence pessimism             |        |             |            |            |             | -0.000 | 0.007           |
|                                           |        |             |            |            |             |        |                 |
| path cell delay                           |        |             |            |            |             |        | 0.069(100.000%) |
| path net delay                            |        |             |            |            |             |        | 0.000(0.000%)   |
|                                           |        |             |            |            |             |        |                 |
| data require time                         |        |             |            |            |             |        | 0.007           |
| data arrival time                         |        |             |            |            |             |        | 0.069           |
| slack (MET)                               |        |             |            |            |             |        | 0.062           |
+-------------------------------------------+--------+-------------+------------+------------+-------------+--------+-----------------+
+-------------------------------------------+--------+-------------+------------+------------+-------------+--------+-----------------+
| Point                                     | Fanout | Capacitance | Resistance | Transition | Delta Delay | Incr   | Path            |
+-------------------------------------------+--------+-------------+------------+------------+-------------+--------+-----------------+
| clk (port)                                |        | 1.639       | 0.000      | 0.000      |             | 0.000  | 0.000r          |
| clk (clock net)                           | 1212   |             |            |            | NA          |        |                 |
| _368518_:CK (CLKGATE_X1)                  |        | 0.002       | 0.000      | 0.000      |             | 0.000  | 0.000r          |
| _368518_:GCK (CLKGATE_X1)                 |        | 0.001       | 0.000      | 0.000      |             | 0.000  | 0.000r          |
| _166989_ (clock net)                      | 1      |             |            |            | NA          |        |                 |
| write_state_q_$_DFFE_PN0P__Q:CK (DFFR_X1) |        | 0.001       | 0.000      | 0.000      |             | 0.000  | 0.000r          |
| clock clk (rise edge)                     |        |             |            |            |             | 0      | 0               |
| clock network delay (ideal)               |        |             |            |            |             | 0.000  | 0.000           |
| write_state_q_$_DFFE_PN0P__Q:CK (DFFR_X1) |        | 0.001       | 0.000      | 0.000      |             | 0.000  | 0.000r          |
| write_state_q_$_DFFE_PN0P__Q:QN (DFFR_X1) |        | 0.003       | 0.000      | 0.013      |             | 0.069  | 0.069r          |
| write_next_state_d[1] (net)               | 2      |             |            |            | 0.000       |        |                 |
| write_state_q_$_DFFE_PN0P__Q:D (DFFR_X1)  |        | 0.001       | 0.000      | 0.013      |             | 0.000  | 0.069r          |
|                                           |        |             |            |            |             |        |                 |
| clk (port)                                |        | 1.639       | 0.000      | 0.000      |             | 0.000  | 0.000r          |
| clk (clock net)                           | 1212   |             |            |            | NA          |        |                 |
| _368518_:CK (CLKGATE_X1)                  |        | 0.002       | 0.000      | 0.000      |             | 0.000  | 0.000r          |
| _368518_:GCK (CLKGATE_X1)                 |        | 0.001       | 0.000      | 0.000      |             | 0.000  | 0.000r          |
| _166989_ (clock net)                      | 1      |             |            |            | NA          |        |                 |
| write_state_q_$_DFFE_PN0P__Q:CK (DFFR_X1) |        | 0.001       | 0.000      | 0.000      |             | 0.000  | 0.000r          |
| clock clk (rise edge)                     |        |             |            |            |             | 0      | 0               |
| clock network delay (ideal)               |        |             |            |            |             | 0.000  | 0.000           |
| write_state_q_$_DFFE_PN0P__Q:CK (DFFR_X1) |        |             |            |            |             |        | 0.000r          |
| library hold time                         |        |             |            |            |             | 0.007  | 0.007           |
| clock reconvergence pessimism             |        |             |            |            |             | -0.000 | 0.007           |
|                                           |        |             |            |            |             |        |                 |
| path cell delay                           |        |             |            |            |             |        | 0.069(100.000%) |
| path net delay                            |        |             |            |            |             |        | 0.000(0.000%)   |
|                                           |        |             |            |            |             |        |                 |
| data require time                         |        |             |            |            |             |        | 0.007           |
| data arrival time                         |        |             |            |            |             |        | 0.069           |
| slack (MET)                               |        |             |            |            |             |        | 0.062           |
+-------------------------------------------+--------+-------------+------------+------------+-------------+--------+-----------------+
+----------------------------------------------+--------+-------------+------------+------------+-------------+--------+-----------------+
| Point                                        | Fanout | Capacitance | Resistance | Transition | Delta Delay | Incr   | Path            |
+----------------------------------------------+--------+-------------+------------+------------+-------------+--------+-----------------+
| clk (port)                                   |        | 1.639       | 0.000      | 0.000      |             | 0.000  | 0.000r          |
| clk (clock net)                              | 1212   |             |            |            | NA          |        |                 |
| _369051_:CK (CLKGATE_X1)                     |        | 0.002       | 0.000      | 0.000      |             | 0.000  | 0.000r          |
| _369051_:GCK (CLKGATE_X1)                    |        | 0.005       | 0.000      | 0.000      |             | 0.000  | 0.000r          |
| _167522_ (clock net)                         | 5      |             |            |            | NA          |        |                 |
| i_writer_idx_q_$_DFFE_PN0P__Q_4:CK (DFFR_X1) |        | 0.001       | 0.000      | 0.000      |             | 0.000  | 0.000r          |
| clock clk (rise edge)                        |        |             |            |            |             | 0      | 0               |
| clock network delay (ideal)                  |        |             |            |            |             | 0.000  | 0.000           |
| i_writer_idx_q_$_DFFE_PN0P__Q_4:CK (DFFR_X1) |        | 0.001       | 0.000      | 0.000      |             | 0.000  | 0.000r          |
| i_writer_idx_q_$_DFFE_PN0P__Q_4:QN (DFFR_X1) |        | 0.001       | 0.000      | 0.012      |             | 0.065  | 0.065f          |
| i_writer_idx_q_$_DFFE_PN0P__Q_4_D[0] (net)   | 1      |             |            |            | 0.000       |        |                 |
| i_writer_idx_q_$_DFFE_PN0P__Q_4:D (DFFR_X1)  |        | 0.001       | 0.000      | 0.012      |             | 0.000  | 0.065f          |
|                                              |        |             |            |            |             |        |                 |
| clk (port)                                   |        | 1.639       | 0.000      | 0.000      |             | 0.000  | 0.000r          |
| clk (clock net)                              | 1212   |             |            |            | NA          |        |                 |
| _369051_:CK (CLKGATE_X1)                     |        | 0.002       | 0.000      | 0.000      |             | 0.000  | 0.000r          |
| _369051_:GCK (CLKGATE_X1)                    |        | 0.005       | 0.000      | 0.000      |             | 0.000  | 0.000r          |
| _167522_ (clock net)                         | 5      |             |            |            | NA          |        |                 |
| i_writer_idx_q_$_DFFE_PN0P__Q_4:CK (DFFR_X1) |        | 0.001       | 0.000      | 0.000      |             | 0.000  | 0.000r          |
| clock clk (rise edge)                        |        |             |            |            |             | 0      | 0               |
| clock network delay (ideal)                  |        |             |            |            |             | 0.000  | 0.000           |
| i_writer_idx_q_$_DFFE_PN0P__Q_4:CK (DFFR_X1) |        |             |            |            |             |        | 0.000r          |
| library hold time                            |        |             |            |            |             | 0.003  | 0.003           |
| clock reconvergence pessimism                |        |             |            |            |             | -0.000 | 0.003           |
|                                              |        |             |            |            |             |        |                 |
| path cell delay                              |        |             |            |            |             |        | 0.065(100.000%) |
| path net delay                               |        |             |            |            |             |        | 0.000(0.000%)   |
|                                              |        |             |            |            |             |        |                 |
| data require time                            |        |             |            |            |             |        | 0.003           |
| data arrival time                            |        |             |            |            |             |        | 0.065           |
| slack (MET)                                  |        |             |            |            |             |        | 0.062           |
+----------------------------------------------+--------+-------------+------------+------------+-------------+--------+-----------------+
+-------------------------------------------+--------+-------------+------------+------------+-------------+--------+-----------------+
| Point                                     | Fanout | Capacitance | Resistance | Transition | Delta Delay | Incr   | Path            |
+-------------------------------------------+--------+-------------+------------+------------+-------------+--------+-----------------+
| clk (port)                                |        | 1.639       | 0.000      | 0.000      |             | 0.000  | 0.000r          |
| clk (clock net)                           | 1212   |             |            |            | NA          |        |                 |
| _368518_:CK (CLKGATE_X1)                  |        | 0.002       | 0.000      | 0.000      |             | 0.000  | 0.000r          |
| _368518_:GCK (CLKGATE_X1)                 |        | 0.001       | 0.000      | 0.000      |             | 0.000  | 0.000r          |
| _166989_ (clock net)                      | 1      |             |            |            | NA          |        |                 |
| write_state_q_$_DFFE_PN0P__Q:CK (DFFR_X1) |        | 0.001       | 0.000      | 0.000      |             | 0.000  | 0.000r          |
| clock clk (rise edge)                     |        |             |            |            |             | 0      | 0               |
| clock network delay (ideal)               |        |             |            |            |             | 0.000  | 0.000           |
| write_state_q_$_DFFE_PN0P__Q:CK (DFFR_X1) |        | 0.001       | 0.000      | 0.000      |             | 0.000  | 0.000r          |
| write_state_q_$_DFFE_PN0P__Q:QN (DFFR_X1) |        | 0.003       | 0.000      | 0.013      |             | 0.069  | 0.069r          |
| write_next_state_d[1] (net)               | 2      |             |            |            | 0.000       |        |                 |
| _368509_:A2 (NOR2_X1)                     |        | 0.002       | 0.000      | 0.013      |             | 0.000  | 0.069r          |
| _368509_:ZN (NOR2_X1)                     |        | 0.001       | 0.000      | 0.004      |             | 0.009  | 0.078f          |
| write_next_state_d_$_ANDNOT__B_Y (net)    | 1      |             |            |            | 0.000       |        |                 |
| _369049_:E (CLKGATE_X1)                   |        | 0.001       | 0.000      | 0.004      |             | 0.000  | 0.078f          |
|                                           |        |             |            |            |             |        |                 |
| clk (port)                                |        | 1.639       | 0.000      | 0.000      |             | 0.000  | 0.000r          |
| clk (clock net)                           | 1212   |             |            |            | NA          |        |                 |
| _369049_:CK (CLKGATE_X1)                  |        | 0.002       | 0.000      | 0.000      |             | 0.000  | 0.000r          |
| clock clk (rise edge)                     |        |             |            |            |             | 0      | 0               |
| clock network delay (ideal)               |        |             |            |            |             | 0.000  | 0.000           |
| _369049_:CK (CLKGATE_X1)                  |        |             |            |            |             |        | 0.000r          |
| library hold time                         |        |             |            |            |             | -0.016 | -0.016          |
| clock reconvergence pessimism             |        |             |            |            |             | -0.000 | -0.016          |
|                                           |        |             |            |            |             |        |                 |
| path cell delay                           |        |             |            |            |             |        | 0.078(100.000%) |
| path net delay                            |        |             |            |            |             |        | 0.000(0.000%)   |
|                                           |        |             |            |            |             |        |                 |
| data require time                         |        |             |            |            |             |        | -0.016          |
| data arrival time                         |        |             |            |            |             |        | 0.078           |
| slack (MET)                               |        |             |            |            |             |        | 0.094           |
+-------------------------------------------+--------+-------------+------------+------------+-------------+--------+-----------------+
+-------------------------------------------+--------+-------------+------------+------------+-------------+--------+-----------------+
| Point                                     | Fanout | Capacitance | Resistance | Transition | Delta Delay | Incr   | Path            |
+-------------------------------------------+--------+-------------+------------+------------+-------------+--------+-----------------+
| clk (port)                                |        | 1.639       | 0.000      | 0.000      |             | 0.000  | 0.000r          |
| clk (clock net)                           | 1212   |             |            |            | NA          |        |                 |
| _368518_:CK (CLKGATE_X1)                  |        | 0.002       | 0.000      | 0.000      |             | 0.000  | 0.000r          |
| _368518_:GCK (CLKGATE_X1)                 |        | 0.001       | 0.000      | 0.000      |             | 0.000  | 0.000r          |
| _166989_ (clock net)                      | 1      |             |            |            | NA          |        |                 |
| write_state_q_$_DFFE_PN0P__Q:CK (DFFR_X1) |        | 0.001       | 0.000      | 0.000      |             | 0.000  | 0.000r          |
| clock clk (rise edge)                     |        |             |            |            |             | 0      | 0               |
| clock network delay (ideal)               |        |             |            |            |             | 0.000  | 0.000           |
| write_state_q_$_DFFE_PN0P__Q:CK (DFFR_X1) |        | 0.001       | 0.000      | 0.000      |             | 0.000  | 0.000r          |
| write_state_q_$_DFFE_PN0P__Q:QN (DFFR_X1) |        | 0.003       | 0.000      | 0.013      |             | 0.068  | 0.068f          |
| write_next_state_d[1] (net)               | 2      |             |            |            | 0.000       |        |                 |
| _368509_:A2 (NOR2_X1)                     |        | 0.002       | 0.000      | 0.013      |             | 0.000  | 0.068f          |
| _368509_:ZN (NOR2_X1)                     |        | 0.001       | 0.000      | 0.012      |             | 0.026  | 0.094r          |
| write_next_state_d_$_ANDNOT__B_Y (net)    | 1      |             |            |            | 0.000       |        |                 |
| _369049_:E (CLKGATE_X1)                   |        | 0.001       | 0.000      | 0.012      |             | 0.000  | 0.094r          |
|                                           |        |             |            |            |             |        |                 |
| clk (port)                                |        | 1.639       | 0.000      | 0.000      |             | 0.000  | 0.000r          |
| clk (clock net)                           | 1212   |             |            |            | NA          |        |                 |
| _369049_:CK (CLKGATE_X1)                  |        | 0.002       | 0.000      | 0.000      |             | 0.000  | 0.000r          |
| clock clk (rise edge)                     |        |             |            |            |             | 0      | 0               |
| clock network delay (ideal)               |        |             |            |            |             | 0.000  | 0.000           |
| _369049_:CK (CLKGATE_X1)                  |        |             |            |            |             |        | 0.000r          |
| library hold time                         |        |             |            |            |             | -0.001 | -0.001          |
| clock reconvergence pessimism             |        |             |            |            |             | -0.000 | -0.001          |
|                                           |        |             |            |            |             |        |                 |
| path cell delay                           |        |             |            |            |             |        | 0.094(100.000%) |
| path net delay                            |        |             |            |            |             |        | 0.000(0.000%)   |
|                                           |        |             |            |            |             |        |                 |
| data require time                         |        |             |            |            |             |        | -0.001          |
| data arrival time                         |        |             |            |            |             |        | 0.094           |
| slack (MET)                               |        |             |            |            |             |        | 0.095           |
+-------------------------------------------+--------+-------------+------------+------------+-------------+--------+-----------------+
+-------------------------------------------------------------------------------------------------------------------------------------------------------+--------+-------------+------------+------------+-------------+--------+-----------------+
| Point                                                                                                                                                 | Fanout | Capacitance | Resistance | Transition | Delta Delay | Incr   | Path            |
+-------------------------------------------------------------------------------------------------------------------------------------------------------+--------+-------------+------------+------------+-------------+--------+-----------------+
| clk (port)                                                                                                                                            |        | 1.639       | 0.000      | 0.000      |             | 0.000  | 0.000r          |
| clk (clock net)                                                                                                                                       | 1212   |             |            |            | NA          |        |                 |
| _369042_:CK (CLKGATE_X1)                                                                                                                              |        | 0.002       | 0.000      | 0.000      |             | 0.000  | 0.000r          |
| _369042_:GCK (CLKGATE_X1)                                                                                                                             |        | 0.001       | 0.000      | 0.000      |             | 0.000  | 0.000r          |
| _167513_ (clock net)                                                                                                                                  | 1      |             |            |            | NA          |        |                 |
| u_sa_enhanced.gen_narrow_writeback.wb_pass_q_$_DFFE_PN0P__Q:CK (DFFR_X1)                                                                              |        | 0.001       | 0.000      | 0.000      |             | 0.000  | 0.000r          |
| clock clk (rise edge)                                                                                                                                 |        |             |            |            |             | 0      | 0               |
| clock network delay (ideal)                                                                                                                           |        |             |            |            |             | 0.000  | 0.000           |
| u_sa_enhanced.gen_narrow_writeback.wb_pass_q_$_DFFE_PN0P__Q:CK (DFFR_X1)                                                                              |        | 0.001       | 0.000      | 0.000      |             | 0.000  | 0.000r          |
| u_sa_enhanced.gen_narrow_writeback.wb_pass_q_$_DFFE_PN0P__Q:QN (DFFR_X1)                                                                              |        | 0.003       | 0.000      | 0.015      |             | 0.072  | 0.072r          |
| u_sa_enhanced.sa_fsm_state_d_$_NOT__Y_A_$_OR__Y_B_$_ANDNOT__Y_A_$_ANDNOT__Y_B_$_ANDNOT__Y_B_$_ANDNOT__B_Y_$_ANDNOT__A_B_$_OR__Y_B (net)               | 2      |             |            |            | 0.000       |        |                 |
| _368446_:A2 (NOR2_X1)                                                                                                                                 |        | 0.002       | 0.000      | 0.015      |             | 0.000  | 0.072r          |
| _368446_:ZN (NOR2_X1)                                                                                                                                 |        | 0.001       | 0.000      | 0.006      |             | 0.012  | 0.084f          |
| _109340_ (net)                                                                                                                                        | 1      |             |            |            | 0.000       |        |                 |
| _368450_:A1 (NOR4_X1)                                                                                                                                 |        | 0.002       | 0.000      | 0.006      |             | 0.000  | 0.084f          |
| _368450_:ZN (NOR4_X1)                                                                                                                                 |        | 0.001       | 0.000      | 0.035      |             | 0.037  | 0.121r          |
| u_sa_enhanced.sa_fsm_state_d_$_NOT__Y_A_$_OR__Y_B_$_ANDNOT__Y_A_$_ANDNOT__Y_B_$_ANDNOT__Y_B_$_OR__A_Y_$_ANDNOT__A_Y_$_ANDNOT__A_Y_$_ANDNOT__A_Y (net) | 1      |             |            |            | 0.000       |        |                 |
| _368526_:E (CLKGATE_X1)                                                                                                                               |        | 0.001       | 0.000      | 0.035      |             | 0.000  | 0.121r          |
|                                                                                                                                                       |        |             |            |            |             |        |                 |
| clk (port)                                                                                                                                            |        | 1.639       | 0.000      | 0.000      |             | 0.000  | 0.000r          |
| clk (clock net)                                                                                                                                       | 1212   |             |            |            | NA          |        |                 |
| _368526_:CK (CLKGATE_X1)                                                                                                                              |        | 0.002       | 0.000      | 0.000      |             | 0.000  | 0.000r          |
| clock clk (rise edge)                                                                                                                                 |        |             |            |            |             | 0      | 0               |
| clock network delay (ideal)                                                                                                                           |        |             |            |            |             | 0.000  | 0.000           |
| _368526_:CK (CLKGATE_X1)                                                                                                                              |        |             |            |            |             |        | 0.000r          |
| library hold time                                                                                                                                     |        |             |            |            |             | 0.003  | 0.003           |
| clock reconvergence pessimism                                                                                                                         |        |             |            |            |             | -0.000 | 0.003           |
|                                                                                                                                                       |        |             |            |            |             |        |                 |
| path cell delay                                                                                                                                       |        |             |            |            |             |        | 0.121(100.000%) |
| path net delay                                                                                                                                        |        |             |            |            |             |        | 0.000(0.000%)   |
|                                                                                                                                                       |        |             |            |            |             |        |                 |
| data require time                                                                                                                                     |        |             |            |            |             |        | 0.003           |
| data arrival time                                                                                                                                     |        |             |            |            |             |        | 0.121           |
| slack (MET)                                                                                                                                           |        |             |            |            |             |        | 0.119           |
+-------------------------------------------------------------------------------------------------------------------------------------------------------+--------+-------------+------------+------------+-------------+--------+-----------------+
+------------------------------------------------------+--------+-------------+------------+------------+-------------+--------+-----------------+
| Point                                                | Fanout | Capacitance | Resistance | Transition | Delta Delay | Incr   | Path            |
+------------------------------------------------------+--------+-------------+------------+------------+-------------+--------+-----------------+
| clk (port)                                           |        | 1.639       | 0.000      | 0.000      |             | 0.000  | 0.000r          |
| clk (clock net)                                      | 1212   |             |            |            | NA          |        |                 |
| _369045_:CK (CLKGATE_X1)                             |        | 0.002       | 0.000      | 0.000      |             | 0.000  | 0.000r          |
| _369045_:GCK (CLKGATE_X1)                            |        | 0.002       | 0.000      | 0.000      |             | 0.000  | 0.000r          |
| _167516_ (clock net)                                 | 2      |             |            |            | NA          |        |                 |
| u_loader.current_state_$_DFFE_PN0P__Q_1:CK (DFFR_X1) |        | 0.001       | 0.000      | 0.000      |             | 0.000  | 0.000r          |
| clock clk (rise edge)                                |        |             |            |            |             | 0      | 0               |
| clock network delay (ideal)                          |        |             |            |            |             | 0.000  | 0.000           |
| u_loader.current_state_$_DFFE_PN0P__Q_1:CK (DFFR_X1) |        | 0.001       | 0.000      | 0.000      |             | 0.000  | 0.000r          |
| u_loader.current_state_$_DFFE_PN0P__Q_1:Q (DFFR_X1)  |        | 0.006       | 0.000      | 0.012      |             | 0.093  | 0.093f          |
| u_loader.current_state[0] (net)                      | 4      |             |            |            | 0.000       |        |                 |
| _185923_:B2 (AOI21_X1)                               |        | 0.002       | 0.000      | 0.012      |             | 0.000  | 0.093f          |
| _185923_:ZN (AOI21_X1)                               |        | 0.001       | 0.000      | 0.013      |             | 0.028  | 0.122r          |
| u_loader.req_cnt_$_DFFE_PN0P__Q_E (net)              | 1      |             |            |            | 0.000       |        |                 |
| _369044_:E (CLKGATE_X1)                              |        | 0.001       | 0.000      | 0.013      |             | 0.000  | 0.122r          |
|                                                      |        |             |            |            |             |        |                 |
| clk (port)                                           |        | 1.639       | 0.000      | 0.000      |             | 0.000  | 0.000r          |
| clk (clock net)                                      | 1212   |             |            |            | NA          |        |                 |
| _369044_:CK (CLKGATE_X1)                             |        | 0.002       | 0.000      | 0.000      |             | 0.000  | 0.000r          |
| clock clk (rise edge)                                |        |             |            |            |             | 0      | 0               |
| clock network delay (ideal)                          |        |             |            |            |             | 0.000  | 0.000           |
| _369044_:CK (CLKGATE_X1)                             |        |             |            |            |             |        | 0.000r          |
| library hold time                                    |        |             |            |            |             | -0.001 | -0.001          |
| clock reconvergence pessimism                        |        |             |            |            |             | -0.000 | -0.001          |
|                                                      |        |             |            |            |             |        |                 |
| path cell delay                                      |        |             |            |            |             |        | 0.122(100.000%) |
| path net delay                                       |        |             |            |            |             |        | 0.000(0.000%)   |
|                                                      |        |             |            |            |             |        |                 |
| data require time                                    |        |             |            |            |             |        | -0.001          |
| data arrival time                                    |        |             |            |            |             |        | 0.122           |
| slack (MET)                                          |        |             |            |            |             |        | 0.122           |
+------------------------------------------------------+--------+-------------+------------+------------+-------------+--------+-----------------+
+------------------------------------------------------+--------+-------------+------------+------------+-------------+--------+-----------------+
| Point                                                | Fanout | Capacitance | Resistance | Transition | Delta Delay | Incr   | Path            |
+------------------------------------------------------+--------+-------------+------------+------------+-------------+--------+-----------------+
| clk (port)                                           |        | 1.639       | 0.000      | 0.000      |             | 0.000  | 0.000r          |
| clk (clock net)                                      | 1212   |             |            |            | NA          |        |                 |
| _369045_:CK (CLKGATE_X1)                             |        | 0.002       | 0.000      | 0.000      |             | 0.000  | 0.000r          |
| _369045_:GCK (CLKGATE_X1)                            |        | 0.002       | 0.000      | 0.000      |             | 0.000  | 0.000r          |
| _167516_ (clock net)                                 | 2      |             |            |            | NA          |        |                 |
| u_loader.current_state_$_DFFE_PN0P__Q_1:CK (DFFR_X1) |        | 0.001       | 0.000      | 0.000      |             | 0.000  | 0.000r          |
| clock clk (rise edge)                                |        |             |            |            |             | 0      | 0               |
| clock network delay (ideal)                          |        |             |            |            |             | 0.000  | 0.000           |
| u_loader.current_state_$_DFFE_PN0P__Q_1:CK (DFFR_X1) |        | 0.001       | 0.000      | 0.000      |             | 0.000  | 0.000r          |
| u_loader.current_state_$_DFFE_PN0P__Q_1:Q (DFFR_X1)  |        | 0.006       | 0.000      | 0.012      |             | 0.093  | 0.093f          |
| u_loader.current_state[0] (net)                      | 4      |             |            |            | 0.000       |        |                 |
| _185925_:B2 (OAI21_X1)                               |        | 0.002       | 0.000      | 0.012      |             | 0.000  | 0.093f          |
| _185925_:ZN (OAI21_X1)                               |        | 0.001       | 0.000      | 0.011      |             | 0.029  | 0.122r          |
| imem_resp_valid_$_MUX__B_Y (net)                     | 1      |             |            |            | 0.000       |        |                 |
| _369043_:E (CLKGATE_X1)                              |        | 0.001       | 0.000      | 0.011      |             | 0.000  | 0.122r          |
|                                                      |        |             |            |            |             |        |                 |
| clk (port)                                           |        | 1.639       | 0.000      | 0.000      |             | 0.000  | 0.000r          |
| clk (clock net)                                      | 1212   |             |            |            | NA          |        |                 |
| _369043_:CK (CLKGATE_X1)                             |        | 0.002       | 0.000      | 0.000      |             | 0.000  | 0.000r          |
| clock clk (rise edge)                                |        |             |            |            |             | 0      | 0               |
| clock network delay (ideal)                          |        |             |            |            |             | 0.000  | 0.000           |
| _369043_:CK (CLKGATE_X1)                             |        |             |            |            |             |        | 0.000r          |
| library hold time                                    |        |             |            |            |             | -0.001 | -0.001          |
| clock reconvergence pessimism                        |        |             |            |            |             | -0.000 | -0.001          |
|                                                      |        |             |            |            |             |        |                 |
| path cell delay                                      |        |             |            |            |             |        | 0.122(100.000%) |
| path net delay                                       |        |             |            |            |             |        | 0.000(0.000%)   |
|                                                      |        |             |            |            |             |        |                 |
| data require time                                    |        |             |            |            |             |        | -0.001          |
| data arrival time                                    |        |             |            |            |             |        | 0.122           |
| slack (MET)                                          |        |             |            |            |             |        | 0.123           |
+------------------------------------------------------+--------+-------------+------------+------------+-------------+--------+-----------------+
