Generate the report at 2025-06-20T20:28:09, GitVersion: aa25008b3778a76ae1975c839d4cc459f7f7b3b7.
+----------------------------------------------------------------------------------------+--------------------------+------------+------------+---------------+-------+--------+-----------+
| Endpoint                                                                               | Clock Group              | Delay Type | Path Delay | Path Required | CPPR  | Slack  | Freq(MHz) |
+----------------------------------------------------------------------------------------+--------------------------+------------+------------+---------------+-------+--------+-----------+
| u_systolic_array.pe_row[10].pe_col[8].u_pe_inst.mul_result_reg_$_DFFE_PN0P__Q_1:D      | clk                      | max        | 1.088f     | 1.088         | 0.000 | -0.000 | 884.894   |
| u_systolic_array.pe_row[10].pe_col[8].u_pe_inst.mul_result_reg_$_DFFE_PN0P__Q_1:D      | clk                      | max        | 1.088f     | 1.088         | 0.000 | -0.000 | 884.894   |
| u_systolic_array.pe_row[10].pe_col[8].u_pe_inst.mul_result_reg_$_DFFE_PN0P__Q:D        | clk                      | max        | 1.078r     | 1.089         | 0.000 | 0.011  | 893.399   |
| u_systolic_array.pe_row[10].pe_col[8].u_pe_inst.mul_result_reg_$_DFFE_PN0P__Q:D        | clk                      | max        | 1.078r     | 1.089         | 0.000 | 0.011  | 893.399   |
| u_systolic_array.pe_row[5].pe_col[7].u_pe_inst.mul_result_reg_$_DFFE_PN0P__Q_1:D       | clk                      | max        | 1.074f     | 1.088         | 0.000 | 0.014  | 896.084   |
| _374076_:E                                                                             | **clock_gating_default** | max        | 0.545r     | 1.080         | 0.000 | 0.534  | NA        |
| _374062_:E                                                                             | **clock_gating_default** | max        | 0.545r     | 1.080         | 0.000 | 0.534  | NA        |
| _374060_:E                                                                             | **clock_gating_default** | max        | 0.545r     | 1.080         | 0.000 | 0.534  | NA        |
| _374100_:E                                                                             | **clock_gating_default** | max        | 0.545r     | 1.080         | 0.000 | 0.534  | NA        |
| _374058_:E                                                                             | **clock_gating_default** | max        | 0.545r     | 1.080         | 0.000 | 0.534  | NA        |
| c_store_word_in_row_idx_reg_$_DFFE_PN0P__Q:D                                           | clk                      | min        | 0.085f     | 0.003         | 0.000 | 0.082  | NA        |
| c_store_word_in_row_idx_reg_$_DFFE_PN0P__Q:D                                           | clk                      | min        | 0.085f     | 0.003         | 0.000 | 0.082  | NA        |
| u_systolic_array.pe_row[9].pe_col[1].u_pe_inst.result_valid_reg_$_DFF_PN0__Q:D         | clk                      | min        | 0.085f     | 0.003         | 0.000 | 0.082  | NA        |
| u_systolic_array.pe_row[9].pe_col[7].u_pe_inst.b_valid_for_output_reg_$_DFFE_PN0P__Q:D | clk                      | min        | 0.085f     | 0.003         | 0.000 | 0.082  | NA        |
| u_systolic_array.pe_row[9].pe_col[5].u_pe_inst.b_valid_for_output_reg_$_DFFE_PN0P__Q:D | clk                      | min        | 0.085f     | 0.003         | 0.000 | 0.082  | NA        |
| _374419_:E                                                                             | **clock_gating_default** | min        | 0.109r     | -0.001        | 0.000 | 0.109  | NA        |
| _374418_:E                                                                             | **clock_gating_default** | min        | 0.109r     | -0.001        | 0.000 | 0.109  | NA        |
| _373618_:E                                                                             | **clock_gating_default** | min        | 0.111r     | -0.001        | 0.000 | 0.111  | NA        |
| _373948_:E                                                                             | **clock_gating_default** | min        | 0.111r     | -0.001        | 0.000 | 0.111  | NA        |
| _373938_:E                                                                             | **clock_gating_default** | min        | 0.111r     | -0.001        | 0.000 | 0.111  | NA        |
+----------------------------------------------------------------------------------------+--------------------------+------------+------------+---------------+-------+--------+-----------+
+-------+------------+--------+
| Clock | Delay Type | TNS    |
+-------+------------+--------+
| clk   | max        | -0.000 |
| clk   | min        | 0.000  |
+-------+------------+--------+
+----------------------------------------------------------------------------------------------+--------+-------------+------------+------------+-------------+--------+-----------------+
| Point                                                                                        | Fanout | Capacitance | Resistance | Transition | Delta Delay | Incr   | Path            |
+----------------------------------------------------------------------------------------------+--------+-------------+------------+------------+-------------+--------+-----------------+
| clk (port)                                                                                   |        | 1.783       | 0.000      | 0.000      |             | 0.000  | 0.000r          |
| clk (clock net)                                                                              | 1106   |             |            |            | NA          |        |                 |
| _374126_:CK (CLKGATE_X1)                                                                     |        | 0.002       | 0.000      | 0.000      |             | 0.000  | 0.000r          |
| _374126_:GCK (CLKGATE_X1)                                                                    |        | 8.353       | 0.000      | 0.000      |             | 0.000  | 0.000r          |
| _168838_ (clock net)                                                                         | 8553   |             |            |            | NA          |        |                 |
| u_systolic_array.pe_row[10].pe_col[8].u_pe_inst.b_reg_$_DFFE_PN0P__Q_4:CK (DFFR_X1)          |        | 0.001       | 0.000      | 0.000      |             | 0.000  | 0.000r          |
| clock clk (rise edge)                                                                        |        |             |            |            |             | 0      | 0               |
| clock network delay (ideal)                                                                  |        |             |            |            |             | 0.000  | 0.000           |
| u_systolic_array.pe_row[10].pe_col[8].u_pe_inst.b_reg_$_DFFE_PN0P__Q_4:CK (DFFR_X1)          |        | 0.001       | 0.000      | 0.000      |             | 0.000  | 0.000r          |
| u_systolic_array.pe_row[10].pe_col[8].u_pe_inst.b_reg_$_DFFE_PN0P__Q_4:Q (DFFR_X1)           |        | 0.073       | 0.000      | 0.172      |             | 0.270  | 0.270r          |
| u_systolic_array.b_data_wires[87][3] (net)                                                   | 11     |             |            |            | 0.000       |        |                 |
| _221829_:A1 (NAND2_X4)                                                                       |        | 0.006       | 0.000      | 0.172      |             | 0.000  | 0.270r          |
| _221829_:ZN (NAND2_X4)                                                                       |        | 0.008       | 0.000      | 0.034      |             | 0.021  | 0.291f          |
| _139455_ (net)                                                                               | 3      |             |            |            | 0.000       |        |                 |
| _221861_:B (XOR2_X2)                                                                         |        | 0.005       | 0.000      | 0.034      |             | 0.000  | 0.291f          |
| _221861_:Z (XOR2_X2)                                                                         |        | 0.006       | 0.000      | 0.013      |             | 0.069  | 0.360f          |
| _139487_ (net)                                                                               | 2      |             |            |            | 0.000       |        |                 |
| _221892_:A (XOR2_X2)                                                                         |        | 0.004       | 0.000      | 0.013      |             | 0.000  | 0.360f          |
| _221892_:Z (XOR2_X2)                                                                         |        | 0.006       | 0.000      | 0.013      |             | 0.055  | 0.415f          |
| _139518_ (net)                                                                               | 2      |             |            |            | 0.000       |        |                 |
| _221895_:A (XOR2_X2)                                                                         |        | 0.004       | 0.000      | 0.013      |             | 0.000  | 0.415f          |
| _221895_:Z (XOR2_X2)                                                                         |        | 0.006       | 0.000      | 0.013      |             | 0.055  | 0.470f          |
| _139521_ (net)                                                                               | 2      |             |            |            | 0.000       |        |                 |
| _221914_:A (XOR2_X2)                                                                         |        | 0.004       | 0.000      | 0.013      |             | 0.000  | 0.470f          |
| _221914_:Z (XOR2_X2)                                                                         |        | 0.006       | 0.000      | 0.013      |             | 0.055  | 0.526f          |
| _139540_ (net)                                                                               | 2      |             |            |            | 0.000       |        |                 |
| _221918_:A (XOR2_X2)                                                                         |        | 0.004       | 0.000      | 0.013      |             | 0.000  | 0.526f          |
| _221918_:Z (XOR2_X2)                                                                         |        | 0.006       | 0.000      | 0.013      |             | 0.055  | 0.581f          |
| _139544_ (net)                                                                               | 2      |             |            |            | 0.000       |        |                 |
| _221924_:A (XOR2_X2)                                                                         |        | 0.004       | 0.000      | 0.013      |             | 0.000  | 0.581f          |
| _221924_:Z (XOR2_X2)                                                                         |        | 0.007       | 0.000      | 0.014      |             | 0.056  | 0.637f          |
| _139550_ (net)                                                                               | 3      |             |            |            | 0.000       |        |                 |
| _221928_:A (XOR2_X2)                                                                         |        | 0.004       | 0.000      | 0.014      |             | 0.000  | 0.637f          |
| _221928_:Z (XOR2_X2)                                                                         |        | 0.006       | 0.000      | 0.013      |             | 0.056  | 0.693f          |
| _139554_ (net)                                                                               | 2      |             |            |            | 0.000       |        |                 |
| _221930_:A (XOR2_X2)                                                                         |        | 0.004       | 0.000      | 0.013      |             | 0.000  | 0.693f          |
| _221930_:Z (XOR2_X2)                                                                         |        | 0.005       | 0.000      | 0.013      |             | 0.055  | 0.748f          |
| _139556_ (net)                                                                               | 2      |             |            |            | 0.000       |        |                 |
| _221933_:A1 (NAND2_X2)                                                                       |        | 0.003       | 0.000      | 0.013      |             | 0.000  | 0.748f          |
| _221933_:ZN (NAND2_X2)                                                                       |        | 0.003       | 0.000      | 0.011      |             | 0.017  | 0.765r          |
| _139559_ (net)                                                                               | 1      |             |            |            | 0.000       |        |                 |
| _221935_:A1 (NAND2_X2)                                                                       |        | 0.003       | 0.000      | 0.011      |             | 0.000  | 0.765r          |
| _221935_:ZN (NAND2_X2)                                                                       |        | 0.005       | 0.000      | 0.009      |             | 0.016  | 0.781f          |
| _139561_ (net)                                                                               | 2      |             |            |            | 0.000       |        |                 |
| _221939_:A1 (AND2_X4)                                                                        |        | 0.003       | 0.000      | 0.009      |             | 0.000  | 0.781f          |
| _221939_:ZN (AND2_X4)                                                                        |        | 0.004       | 0.000      | 0.006      |             | 0.026  | 0.808f          |
| _139565_ (net)                                                                               | 2      |             |            |            | 0.000       |        |                 |
| _221941_:B1 (OAI21_X2)                                                                       |        | 0.003       | 0.000      | 0.006      |             | 0.000  | 0.808f          |
| _221941_:ZN (OAI21_X2)                                                                       |        | 0.003       | 0.000      | 0.020      |             | 0.027  | 0.834r          |
| _139567_ (net)                                                                               | 1      |             |            |            | 0.000       |        |                 |
| _221943_:A1 (AND2_X4)                                                                        |        | 0.003       | 0.000      | 0.020      |             | 0.000  | 0.834r          |
| _221943_:ZN (AND2_X4)                                                                        |        | 0.009       | 0.000      | 0.010      |             | 0.034  | 0.869r          |
| _139569_ (net)                                                                               | 2      |             |            |            | 0.000       |        |                 |
| _221950_:A1 (NOR3_X4)                                                                        |        | 0.007       | 0.000      | 0.010      |             | 0.000  | 0.869r          |
| _221950_:ZN (NOR3_X4)                                                                        |        | 0.003       | 0.000      | 0.012      |             | 0.008  | 0.877f          |
| _139576_ (net)                                                                               | 2      |             |            |            | 0.000       |        |                 |
| _221951_:B1 (OAI21_X1)                                                                       |        | 0.002       | 0.000      | 0.012      |             | 0.000  | 0.877f          |
| _221951_:ZN (OAI21_X1)                                                                       |        | 0.002       | 0.000      | 0.020      |             | 0.029  | 0.906r          |
| _139577_ (net)                                                                               | 1      |             |            |            | 0.000       |        |                 |
| _221953_:A1 (NAND2_X1)                                                                       |        | 0.002       | 0.000      | 0.020      |             | 0.000  | 0.906r          |
| _221953_:ZN (NAND2_X1)                                                                       |        | 0.006       | 0.000      | 0.015      |             | 0.026  | 0.932f          |
| _139579_ (net)                                                                               | 3      |             |            |            | 0.000       |        |                 |
| _221972_:A1 (NAND3_X2)                                                                       |        | 0.003       | 0.000      | 0.015      |             | 0.000  | 0.932f          |
| _221972_:ZN (NAND3_X2)                                                                       |        | 0.003       | 0.000      | 0.014      |             | 0.020  | 0.952r          |
| _139598_ (net)                                                                               | 1      |             |            |            | 0.000       |        |                 |
| _221973_:A (INV_X2)                                                                          |        | 0.003       | 0.000      | 0.014      |             | 0.000  | 0.952r          |
| _221973_:ZN (INV_X2)                                                                         |        | 0.004       | 0.000      | 0.006      |             | 0.010  | 0.962f          |
| _139599_ (net)                                                                               | 2      |             |            |            | 0.000       |        |                 |
| _221978_:B1 (OAI21_X2)                                                                       |        | 0.003       | 0.000      | 0.006      |             | 0.000  | 0.962f          |
| _221978_:ZN (OAI21_X2)                                                                       |        | 0.003       | 0.000      | 0.020      |             | 0.027  | 0.989r          |
| _139604_ (net)                                                                               | 1      |             |            |            | 0.000       |        |                 |
| _221980_:A1 (NAND2_X2)                                                                       |        | 0.003       | 0.000      | 0.020      |             | 0.000  | 0.989r          |
| _221980_:ZN (NAND2_X2)                                                                       |        | 0.005       | 0.000      | 0.011      |             | 0.019  | 1.008f          |
| _139606_ (net)                                                                               | 2      |             |            |            | 0.000       |        |                 |
| _221987_:A1 (NAND2_X2)                                                                       |        | 0.003       | 0.000      | 0.011      |             | 0.000  | 1.008f          |
| _221987_:ZN (NAND2_X2)                                                                       |        | 0.003       | 0.000      | 0.011      |             | 0.016  | 1.024r          |
| _139613_ (net)                                                                               | 1      |             |            |            | 0.000       |        |                 |
| _221989_:A1 (NAND2_X2)                                                                       |        | 0.003       | 0.000      | 0.011      |             | 0.000  | 1.024r          |
| _221989_:ZN (NAND2_X2)                                                                       |        | 0.004       | 0.000      | 0.008      |             | 0.014  | 1.038f          |
| _139615_ (net)                                                                               | 2      |             |            |            | 0.000       |        |                 |
| _221994_:A (XOR2_X1)                                                                         |        | 0.002       | 0.000      | 0.008      |             | 0.000  | 1.038f          |
| _221994_:Z (XOR2_X1)                                                                         |        | 0.001       | 0.000      | 0.012      |             | 0.050  | 1.088f          |
| u_systolic_array.pe_row[10].pe_col[8].u_pe_inst.mul_output_data[14] (net)                    | 1      |             |            |            | 0.000       |        |                 |
| u_systolic_array.pe_row[10].pe_col[8].u_pe_inst.mul_result_reg_$_DFFE_PN0P__Q_1:D (DFFR_X1)  |        | 0.001       | 0.000      | 0.012      |             | 0.000  | 1.088f          |
|                                                                                              |        |             |            |            |             |        |                 |
| clk (port)                                                                                   |        | 1.783       | 0.000      | 0.000      |             | 0.000  | 0.000r          |
| clk (clock net)                                                                              | 1106   |             |            |            | NA          |        |                 |
| _374126_:CK (CLKGATE_X1)                                                                     |        | 0.002       | 0.000      | 0.000      |             | 0.000  | 0.000r          |
| _374126_:GCK (CLKGATE_X1)                                                                    |        | 8.353       | 0.000      | 0.000      |             | 0.000  | 0.000r          |
| _168838_ (clock net)                                                                         | 8553   |             |            |            | NA          |        |                 |
| u_systolic_array.pe_row[10].pe_col[8].u_pe_inst.mul_result_reg_$_DFFE_PN0P__Q_1:CK (DFFR_X1) |        | 0.001       | 0.000      | 0.000      |             | 0.000  | 0.000r          |
| clock clk (rise edge)                                                                        |        |             |            |            |             | 1.13   | 1.13            |
| clock network delay (ideal)                                                                  |        |             |            |            |             | 0.000  | 1.130           |
| u_systolic_array.pe_row[10].pe_col[8].u_pe_inst.mul_result_reg_$_DFFE_PN0P__Q_1:CK (DFFR_X1) |        |             |            |            |             |        | 1.130r          |
| library setup time                                                                           |        |             |            |            |             | -0.042 | 1.088           |
| clock reconvergence pessimism                                                                |        |             |            |            |             | 0.000  | 1.088           |
|                                                                                              |        |             |            |            |             |        |                 |
| path cell delay                                                                              |        |             |            |            |             |        | 1.088(100.000%) |
| path net delay                                                                               |        |             |            |            |             |        | 0.000(0.000%)   |
|                                                                                              |        |             |            |            |             |        |                 |
| data require time                                                                            |        |             |            |            |             |        | 1.088           |
| data arrival time                                                                            |        |             |            |            |             |        | 1.088           |
| slack (VIOLATED)                                                                             |        |             |            |            |             |        | -0.000          |
+----------------------------------------------------------------------------------------------+--------+-------------+------------+------------+-------------+--------+-----------------+
+----------------------------------------------------------------------------------------------+--------+-------------+------------+------------+-------------+--------+-----------------+
| Point                                                                                        | Fanout | Capacitance | Resistance | Transition | Delta Delay | Incr   | Path            |
+----------------------------------------------------------------------------------------------+--------+-------------+------------+------------+-------------+--------+-----------------+
| clk (port)                                                                                   |        | 1.783       | 0.000      | 0.000      |             | 0.000  | 0.000r          |
| clk (clock net)                                                                              | 1106   |             |            |            | NA          |        |                 |
| _374126_:CK (CLKGATE_X1)                                                                     |        | 0.002       | 0.000      | 0.000      |             | 0.000  | 0.000r          |
| _374126_:GCK (CLKGATE_X1)                                                                    |        | 8.353       | 0.000      | 0.000      |             | 0.000  | 0.000r          |
| _168838_ (clock net)                                                                         | 8553   |             |            |            | NA          |        |                 |
| u_systolic_array.pe_row[10].pe_col[8].u_pe_inst.b_reg_$_DFFE_PN0P__Q_4:CK (DFFR_X1)          |        | 0.001       | 0.000      | 0.000      |             | 0.000  | 0.000r          |
| clock clk (rise edge)                                                                        |        |             |            |            |             | 0      | 0               |
| clock network delay (ideal)                                                                  |        |             |            |            |             | 0.000  | 0.000           |
| u_systolic_array.pe_row[10].pe_col[8].u_pe_inst.b_reg_$_DFFE_PN0P__Q_4:CK (DFFR_X1)          |        | 0.001       | 0.000      | 0.000      |             | 0.000  | 0.000r          |
| u_systolic_array.pe_row[10].pe_col[8].u_pe_inst.b_reg_$_DFFE_PN0P__Q_4:Q (DFFR_X1)           |        | 0.073       | 0.000      | 0.172      |             | 0.270  | 0.270r          |
| u_systolic_array.b_data_wires[87][3] (net)                                                   | 11     |             |            |            | 0.000       |        |                 |
| _221829_:A1 (NAND2_X4)                                                                       |        | 0.006       | 0.000      | 0.172      |             | 0.000  | 0.270r          |
| _221829_:ZN (NAND2_X4)                                                                       |        | 0.008       | 0.000      | 0.034      |             | 0.021  | 0.291f          |
| _139455_ (net)                                                                               | 3      |             |            |            | 0.000       |        |                 |
| _221861_:B (XOR2_X2)                                                                         |        | 0.005       | 0.000      | 0.034      |             | 0.000  | 0.291f          |
| _221861_:Z (XOR2_X2)                                                                         |        | 0.006       | 0.000      | 0.013      |             | 0.069  | 0.360f          |
| _139487_ (net)                                                                               | 2      |             |            |            | 0.000       |        |                 |
| _221892_:A (XOR2_X2)                                                                         |        | 0.004       | 0.000      | 0.013      |             | 0.000  | 0.360f          |
| _221892_:Z (XOR2_X2)                                                                         |        | 0.006       | 0.000      | 0.013      |             | 0.055  | 0.415f          |
| _139518_ (net)                                                                               | 2      |             |            |            | 0.000       |        |                 |
| _221895_:A (XOR2_X2)                                                                         |        | 0.004       | 0.000      | 0.013      |             | 0.000  | 0.415f          |
| _221895_:Z (XOR2_X2)                                                                         |        | 0.006       | 0.000      | 0.013      |             | 0.055  | 0.470f          |
| _139521_ (net)                                                                               | 2      |             |            |            | 0.000       |        |                 |
| _221914_:A (XOR2_X2)                                                                         |        | 0.004       | 0.000      | 0.013      |             | 0.000  | 0.470f          |
| _221914_:Z (XOR2_X2)                                                                         |        | 0.006       | 0.000      | 0.013      |             | 0.055  | 0.526f          |
| _139540_ (net)                                                                               | 2      |             |            |            | 0.000       |        |                 |
| _221918_:A (XOR2_X2)                                                                         |        | 0.004       | 0.000      | 0.013      |             | 0.000  | 0.526f          |
| _221918_:Z (XOR2_X2)                                                                         |        | 0.006       | 0.000      | 0.013      |             | 0.055  | 0.581f          |
| _139544_ (net)                                                                               | 2      |             |            |            | 0.000       |        |                 |
| _221924_:A (XOR2_X2)                                                                         |        | 0.004       | 0.000      | 0.013      |             | 0.000  | 0.581f          |
| _221924_:Z (XOR2_X2)                                                                         |        | 0.007       | 0.000      | 0.014      |             | 0.056  | 0.637f          |
| _139550_ (net)                                                                               | 3      |             |            |            | 0.000       |        |                 |
| _221928_:A (XOR2_X2)                                                                         |        | 0.004       | 0.000      | 0.014      |             | 0.000  | 0.637f          |
| _221928_:Z (XOR2_X2)                                                                         |        | 0.006       | 0.000      | 0.013      |             | 0.056  | 0.693f          |
| _139554_ (net)                                                                               | 2      |             |            |            | 0.000       |        |                 |
| _221930_:A (XOR2_X2)                                                                         |        | 0.004       | 0.000      | 0.013      |             | 0.000  | 0.693f          |
| _221930_:Z (XOR2_X2)                                                                         |        | 0.005       | 0.000      | 0.013      |             | 0.055  | 0.748f          |
| _139556_ (net)                                                                               | 2      |             |            |            | 0.000       |        |                 |
| _221933_:A1 (NAND2_X2)                                                                       |        | 0.003       | 0.000      | 0.013      |             | 0.000  | 0.748f          |
| _221933_:ZN (NAND2_X2)                                                                       |        | 0.003       | 0.000      | 0.011      |             | 0.017  | 0.765r          |
| _139559_ (net)                                                                               | 1      |             |            |            | 0.000       |        |                 |
| _221935_:A1 (NAND2_X2)                                                                       |        | 0.003       | 0.000      | 0.011      |             | 0.000  | 0.765r          |
| _221935_:ZN (NAND2_X2)                                                                       |        | 0.005       | 0.000      | 0.009      |             | 0.016  | 0.781f          |
| _139561_ (net)                                                                               | 2      |             |            |            | 0.000       |        |                 |
| _221939_:A1 (AND2_X4)                                                                        |        | 0.003       | 0.000      | 0.009      |             | 0.000  | 0.781f          |
| _221939_:ZN (AND2_X4)                                                                        |        | 0.004       | 0.000      | 0.006      |             | 0.026  | 0.808f          |
| _139565_ (net)                                                                               | 2      |             |            |            | 0.000       |        |                 |
| _221941_:B1 (OAI21_X2)                                                                       |        | 0.003       | 0.000      | 0.006      |             | 0.000  | 0.808f          |
| _221941_:ZN (OAI21_X2)                                                                       |        | 0.003       | 0.000      | 0.020      |             | 0.027  | 0.834r          |
| _139567_ (net)                                                                               | 1      |             |            |            | 0.000       |        |                 |
| _221943_:A1 (AND2_X4)                                                                        |        | 0.003       | 0.000      | 0.020      |             | 0.000  | 0.834r          |
| _221943_:ZN (AND2_X4)                                                                        |        | 0.009       | 0.000      | 0.010      |             | 0.034  | 0.869r          |
| _139569_ (net)                                                                               | 2      |             |            |            | 0.000       |        |                 |
| _221950_:A1 (NOR3_X4)                                                                        |        | 0.007       | 0.000      | 0.010      |             | 0.000  | 0.869r          |
| _221950_:ZN (NOR3_X4)                                                                        |        | 0.003       | 0.000      | 0.012      |             | 0.008  | 0.877f          |
| _139576_ (net)                                                                               | 2      |             |            |            | 0.000       |        |                 |
| _221951_:B1 (OAI21_X1)                                                                       |        | 0.002       | 0.000      | 0.012      |             | 0.000  | 0.877f          |
| _221951_:ZN (OAI21_X1)                                                                       |        | 0.002       | 0.000      | 0.020      |             | 0.029  | 0.906r          |
| _139577_ (net)                                                                               | 1      |             |            |            | 0.000       |        |                 |
| _221953_:A1 (NAND2_X1)                                                                       |        | 0.002       | 0.000      | 0.020      |             | 0.000  | 0.906r          |
| _221953_:ZN (NAND2_X1)                                                                       |        | 0.006       | 0.000      | 0.015      |             | 0.026  | 0.932f          |
| _139579_ (net)                                                                               | 3      |             |            |            | 0.000       |        |                 |
| _221972_:A1 (NAND3_X2)                                                                       |        | 0.003       | 0.000      | 0.015      |             | 0.000  | 0.932f          |
| _221972_:ZN (NAND3_X2)                                                                       |        | 0.003       | 0.000      | 0.014      |             | 0.020  | 0.952r          |
| _139598_ (net)                                                                               | 1      |             |            |            | 0.000       |        |                 |
| _221973_:A (INV_X2)                                                                          |        | 0.003       | 0.000      | 0.014      |             | 0.000  | 0.952r          |
| _221973_:ZN (INV_X2)                                                                         |        | 0.004       | 0.000      | 0.006      |             | 0.010  | 0.962f          |
| _139599_ (net)                                                                               | 2      |             |            |            | 0.000       |        |                 |
| _221978_:B1 (OAI21_X2)                                                                       |        | 0.003       | 0.000      | 0.006      |             | 0.000  | 0.962f          |
| _221978_:ZN (OAI21_X2)                                                                       |        | 0.003       | 0.000      | 0.020      |             | 0.027  | 0.989r          |
| _139604_ (net)                                                                               | 1      |             |            |            | 0.000       |        |                 |
| _221980_:A1 (NAND2_X2)                                                                       |        | 0.003       | 0.000      | 0.020      |             | 0.000  | 0.989r          |
| _221980_:ZN (NAND2_X2)                                                                       |        | 0.005       | 0.000      | 0.011      |             | 0.019  | 1.008f          |
| _139606_ (net)                                                                               | 2      |             |            |            | 0.000       |        |                 |
| _221987_:A1 (NAND2_X2)                                                                       |        | 0.003       | 0.000      | 0.011      |             | 0.000  | 1.008f          |
| _221987_:ZN (NAND2_X2)                                                                       |        | 0.003       | 0.000      | 0.011      |             | 0.016  | 1.024r          |
| _139613_ (net)                                                                               | 1      |             |            |            | 0.000       |        |                 |
| _221989_:A1 (NAND2_X2)                                                                       |        | 0.003       | 0.000      | 0.011      |             | 0.000  | 1.024r          |
| _221989_:ZN (NAND2_X2)                                                                       |        | 0.004       | 0.000      | 0.008      |             | 0.014  | 1.038f          |
| _139615_ (net)                                                                               | 2      |             |            |            | 0.000       |        |                 |
| _221994_:A (XOR2_X1)                                                                         |        | 0.002       | 0.000      | 0.008      |             | 0.000  | 1.038f          |
| _221994_:Z (XOR2_X1)                                                                         |        | 0.001       | 0.000      | 0.012      |             | 0.050  | 1.088f          |
| u_systolic_array.pe_row[10].pe_col[8].u_pe_inst.mul_output_data[14] (net)                    | 1      |             |            |            | 0.000       |        |                 |
| u_systolic_array.pe_row[10].pe_col[8].u_pe_inst.mul_result_reg_$_DFFE_PN0P__Q_1:D (DFFR_X1)  |        | 0.001       | 0.000      | 0.012      |             | 0.000  | 1.088f          |
|                                                                                              |        |             |            |            |             |        |                 |
| clk (port)                                                                                   |        | 1.783       | 0.000      | 0.000      |             | 0.000  | 0.000r          |
| clk (clock net)                                                                              | 1106   |             |            |            | NA          |        |                 |
| _374126_:CK (CLKGATE_X1)                                                                     |        | 0.002       | 0.000      | 0.000      |             | 0.000  | 0.000r          |
| _374126_:GCK (CLKGATE_X1)                                                                    |        | 8.353       | 0.000      | 0.000      |             | 0.000  | 0.000r          |
| _168838_ (clock net)                                                                         | 8553   |             |            |            | NA          |        |                 |
| u_systolic_array.pe_row[10].pe_col[8].u_pe_inst.mul_result_reg_$_DFFE_PN0P__Q_1:CK (DFFR_X1) |        | 0.001       | 0.000      | 0.000      |             | 0.000  | 0.000r          |
| clock clk (rise edge)                                                                        |        |             |            |            |             | 1.13   | 1.13            |
| clock network delay (ideal)                                                                  |        |             |            |            |             | 0.000  | 1.130           |
| u_systolic_array.pe_row[10].pe_col[8].u_pe_inst.mul_result_reg_$_DFFE_PN0P__Q_1:CK (DFFR_X1) |        |             |            |            |             |        | 1.130r          |
| library setup time                                                                           |        |             |            |            |             | -0.042 | 1.088           |
| clock reconvergence pessimism                                                                |        |             |            |            |             | 0.000  | 1.088           |
|                                                                                              |        |             |            |            |             |        |                 |
| path cell delay                                                                              |        |             |            |            |             |        | 1.088(100.000%) |
| path net delay                                                                               |        |             |            |            |             |        | 0.000(0.000%)   |
|                                                                                              |        |             |            |            |             |        |                 |
| data require time                                                                            |        |             |            |            |             |        | 1.088           |
| data arrival time                                                                            |        |             |            |            |             |        | 1.088           |
| slack (VIOLATED)                                                                             |        |             |            |            |             |        | -0.000          |
+----------------------------------------------------------------------------------------------+--------+-------------+------------+------------+-------------+--------+-----------------+
+--------------------------------------------------------------------------------------------+--------+-------------+------------+------------+-------------+--------+-----------------+
| Point                                                                                      | Fanout | Capacitance | Resistance | Transition | Delta Delay | Incr   | Path            |
+--------------------------------------------------------------------------------------------+--------+-------------+------------+------------+-------------+--------+-----------------+
| clk (port)                                                                                 |        | 1.783       | 0.000      | 0.000      |             | 0.000  | 0.000r          |
| clk (clock net)                                                                            | 1106   |             |            |            | NA          |        |                 |
| _374126_:CK (CLKGATE_X1)                                                                   |        | 0.002       | 0.000      | 0.000      |             | 0.000  | 0.000r          |
| _374126_:GCK (CLKGATE_X1)                                                                  |        | 8.353       | 0.000      | 0.000      |             | 0.000  | 0.000r          |
| _168838_ (clock net)                                                                       | 8553   |             |            |            | NA          |        |                 |
| u_systolic_array.pe_row[10].pe_col[8].u_pe_inst.b_reg_$_DFFE_PN0P__Q_4:CK (DFFR_X1)        |        | 0.001       | 0.000      | 0.000      |             | 0.000  | 0.000r          |
| clock clk (rise edge)                                                                      |        |             |            |            |             | 0      | 0               |
| clock network delay (ideal)                                                                |        |             |            |            |             | 0.000  | 0.000           |
| u_systolic_array.pe_row[10].pe_col[8].u_pe_inst.b_reg_$_DFFE_PN0P__Q_4:CK (DFFR_X1)        |        | 0.001       | 0.000      | 0.000      |             | 0.000  | 0.000r          |
| u_systolic_array.pe_row[10].pe_col[8].u_pe_inst.b_reg_$_DFFE_PN0P__Q_4:Q (DFFR_X1)         |        | 0.073       | 0.000      | 0.172      |             | 0.270  | 0.270r          |
| u_systolic_array.b_data_wires[87][3] (net)                                                 | 11     |             |            |            | 0.000       |        |                 |
| _221829_:A1 (NAND2_X4)                                                                     |        | 0.006       | 0.000      | 0.172      |             | 0.000  | 0.270r          |
| _221829_:ZN (NAND2_X4)                                                                     |        | 0.008       | 0.000      | 0.034      |             | 0.021  | 0.291f          |
| _139455_ (net)                                                                             | 3      |             |            |            | 0.000       |        |                 |
| _221861_:B (XOR2_X2)                                                                       |        | 0.005       | 0.000      | 0.034      |             | 0.000  | 0.291f          |
| _221861_:Z (XOR2_X2)                                                                       |        | 0.006       | 0.000      | 0.013      |             | 0.069  | 0.360f          |
| _139487_ (net)                                                                             | 2      |             |            |            | 0.000       |        |                 |
| _221892_:A (XOR2_X2)                                                                       |        | 0.004       | 0.000      | 0.013      |             | 0.000  | 0.360f          |
| _221892_:Z (XOR2_X2)                                                                       |        | 0.006       | 0.000      | 0.013      |             | 0.055  | 0.415f          |
| _139518_ (net)                                                                             | 2      |             |            |            | 0.000       |        |                 |
| _221895_:A (XOR2_X2)                                                                       |        | 0.004       | 0.000      | 0.013      |             | 0.000  | 0.415f          |
| _221895_:Z (XOR2_X2)                                                                       |        | 0.006       | 0.000      | 0.013      |             | 0.055  | 0.470f          |
| _139521_ (net)                                                                             | 2      |             |            |            | 0.000       |        |                 |
| _221914_:A (XOR2_X2)                                                                       |        | 0.004       | 0.000      | 0.013      |             | 0.000  | 0.470f          |
| _221914_:Z (XOR2_X2)                                                                       |        | 0.006       | 0.000      | 0.013      |             | 0.055  | 0.526f          |
| _139540_ (net)                                                                             | 2      |             |            |            | 0.000       |        |                 |
| _221918_:A (XOR2_X2)                                                                       |        | 0.004       | 0.000      | 0.013      |             | 0.000  | 0.526f          |
| _221918_:Z (XOR2_X2)                                                                       |        | 0.006       | 0.000      | 0.013      |             | 0.055  | 0.581f          |
| _139544_ (net)                                                                             | 2      |             |            |            | 0.000       |        |                 |
| _221924_:A (XOR2_X2)                                                                       |        | 0.004       | 0.000      | 0.013      |             | 0.000  | 0.581f          |
| _221924_:Z (XOR2_X2)                                                                       |        | 0.007       | 0.000      | 0.014      |             | 0.056  | 0.637f          |
| _139550_ (net)                                                                             | 3      |             |            |            | 0.000       |        |                 |
| _221928_:A (XOR2_X2)                                                                       |        | 0.004       | 0.000      | 0.014      |             | 0.000  | 0.637f          |
| _221928_:Z (XOR2_X2)                                                                       |        | 0.006       | 0.000      | 0.013      |             | 0.056  | 0.693f          |
| _139554_ (net)                                                                             | 2      |             |            |            | 0.000       |        |                 |
| _221930_:A (XOR2_X2)                                                                       |        | 0.004       | 0.000      | 0.013      |             | 0.000  | 0.693f          |
| _221930_:Z (XOR2_X2)                                                                       |        | 0.005       | 0.000      | 0.013      |             | 0.055  | 0.748f          |
| _139556_ (net)                                                                             | 2      |             |            |            | 0.000       |        |                 |
| _221933_:A1 (NAND2_X2)                                                                     |        | 0.003       | 0.000      | 0.013      |             | 0.000  | 0.748f          |
| _221933_:ZN (NAND2_X2)                                                                     |        | 0.003       | 0.000      | 0.011      |             | 0.017  | 0.765r          |
| _139559_ (net)                                                                             | 1      |             |            |            | 0.000       |        |                 |
| _221935_:A1 (NAND2_X2)                                                                     |        | 0.003       | 0.000      | 0.011      |             | 0.000  | 0.765r          |
| _221935_:ZN (NAND2_X2)                                                                     |        | 0.005       | 0.000      | 0.009      |             | 0.016  | 0.781f          |
| _139561_ (net)                                                                             | 2      |             |            |            | 0.000       |        |                 |
| _221939_:A1 (AND2_X4)                                                                      |        | 0.003       | 0.000      | 0.009      |             | 0.000  | 0.781f          |
| _221939_:ZN (AND2_X4)                                                                      |        | 0.004       | 0.000      | 0.006      |             | 0.026  | 0.808f          |
| _139565_ (net)                                                                             | 2      |             |            |            | 0.000       |        |                 |
| _221941_:B1 (OAI21_X2)                                                                     |        | 0.003       | 0.000      | 0.006      |             | 0.000  | 0.808f          |
| _221941_:ZN (OAI21_X2)                                                                     |        | 0.003       | 0.000      | 0.020      |             | 0.027  | 0.834r          |
| _139567_ (net)                                                                             | 1      |             |            |            | 0.000       |        |                 |
| _221943_:A1 (AND2_X4)                                                                      |        | 0.003       | 0.000      | 0.020      |             | 0.000  | 0.834r          |
| _221943_:ZN (AND2_X4)                                                                      |        | 0.009       | 0.000      | 0.010      |             | 0.034  | 0.869r          |
| _139569_ (net)                                                                             | 2      |             |            |            | 0.000       |        |                 |
| _221950_:A1 (NOR3_X4)                                                                      |        | 0.007       | 0.000      | 0.010      |             | 0.000  | 0.869r          |
| _221950_:ZN (NOR3_X4)                                                                      |        | 0.003       | 0.000      | 0.012      |             | 0.008  | 0.877f          |
| _139576_ (net)                                                                             | 2      |             |            |            | 0.000       |        |                 |
| _221951_:B1 (OAI21_X1)                                                                     |        | 0.002       | 0.000      | 0.012      |             | 0.000  | 0.877f          |
| _221951_:ZN (OAI21_X1)                                                                     |        | 0.002       | 0.000      | 0.020      |             | 0.029  | 0.906r          |
| _139577_ (net)                                                                             | 1      |             |            |            | 0.000       |        |                 |
| _221953_:A1 (NAND2_X1)                                                                     |        | 0.002       | 0.000      | 0.020      |             | 0.000  | 0.906r          |
| _221953_:ZN (NAND2_X1)                                                                     |        | 0.006       | 0.000      | 0.015      |             | 0.026  | 0.932f          |
| _139579_ (net)                                                                             | 3      |             |            |            | 0.000       |        |                 |
| _221972_:A1 (NAND3_X2)                                                                     |        | 0.003       | 0.000      | 0.015      |             | 0.000  | 0.932f          |
| _221972_:ZN (NAND3_X2)                                                                     |        | 0.003       | 0.000      | 0.014      |             | 0.020  | 0.952r          |
| _139598_ (net)                                                                             | 1      |             |            |            | 0.000       |        |                 |
| _221973_:A (INV_X2)                                                                        |        | 0.003       | 0.000      | 0.014      |             | 0.000  | 0.952r          |
| _221973_:ZN (INV_X2)                                                                       |        | 0.004       | 0.000      | 0.006      |             | 0.010  | 0.962f          |
| _139599_ (net)                                                                             | 2      |             |            |            | 0.000       |        |                 |
| _221978_:B1 (OAI21_X2)                                                                     |        | 0.003       | 0.000      | 0.006      |             | 0.000  | 0.962f          |
| _221978_:ZN (OAI21_X2)                                                                     |        | 0.003       | 0.000      | 0.020      |             | 0.027  | 0.989r          |
| _139604_ (net)                                                                             | 1      |             |            |            | 0.000       |        |                 |
| _221980_:A1 (NAND2_X2)                                                                     |        | 0.003       | 0.000      | 0.020      |             | 0.000  | 0.989r          |
| _221980_:ZN (NAND2_X2)                                                                     |        | 0.005       | 0.000      | 0.011      |             | 0.019  | 1.008f          |
| _139606_ (net)                                                                             | 2      |             |            |            | 0.000       |        |                 |
| _221987_:A1 (NAND2_X2)                                                                     |        | 0.003       | 0.000      | 0.011      |             | 0.000  | 1.008f          |
| _221987_:ZN (NAND2_X2)                                                                     |        | 0.003       | 0.000      | 0.011      |             | 0.016  | 1.024r          |
| _139613_ (net)                                                                             | 1      |             |            |            | 0.000       |        |                 |
| _221989_:A1 (NAND2_X2)                                                                     |        | 0.003       | 0.000      | 0.011      |             | 0.000  | 1.024r          |
| _221989_:ZN (NAND2_X2)                                                                     |        | 0.004       | 0.000      | 0.008      |             | 0.014  | 1.038f          |
| _139615_ (net)                                                                             | 2      |             |            |            | 0.000       |        |                 |
| _221991_:C1 (AOI211_X1)                                                                    |        | 0.002       | 0.000      | 0.008      |             | 0.000  | 1.038f          |
| _221991_:ZN (AOI211_X1)                                                                    |        | 0.001       | 0.000      | 0.039      |             | 0.040  | 1.078r          |
| u_systolic_array.pe_row[10].pe_col[8].u_pe_inst.mul_output_data[15] (net)                  | 1      |             |            |            | 0.000       |        |                 |
| u_systolic_array.pe_row[10].pe_col[8].u_pe_inst.mul_result_reg_$_DFFE_PN0P__Q:D (DFFR_X1)  |        | 0.001       | 0.000      | 0.039      |             | 0.000  | 1.078r          |
|                                                                                            |        |             |            |            |             |        |                 |
| clk (port)                                                                                 |        | 1.783       | 0.000      | 0.000      |             | 0.000  | 0.000r          |
| clk (clock net)                                                                            | 1106   |             |            |            | NA          |        |                 |
| _374126_:CK (CLKGATE_X1)                                                                   |        | 0.002       | 0.000      | 0.000      |             | 0.000  | 0.000r          |
| _374126_:GCK (CLKGATE_X1)                                                                  |        | 8.353       | 0.000      | 0.000      |             | 0.000  | 0.000r          |
| _168838_ (clock net)                                                                       | 8553   |             |            |            | NA          |        |                 |
| u_systolic_array.pe_row[10].pe_col[8].u_pe_inst.mul_result_reg_$_DFFE_PN0P__Q:CK (DFFR_X1) |        | 0.001       | 0.000      | 0.000      |             | 0.000  | 0.000r          |
| clock clk (rise edge)                                                                      |        |             |            |            |             | 1.13   | 1.13            |
| clock network delay (ideal)                                                                |        |             |            |            |             | 0.000  | 1.130           |
| u_systolic_array.pe_row[10].pe_col[8].u_pe_inst.mul_result_reg_$_DFFE_PN0P__Q:CK (DFFR_X1) |        |             |            |            |             |        | 1.130r          |
| library setup time                                                                         |        |             |            |            |             | -0.041 | 1.089           |
| clock reconvergence pessimism                                                              |        |             |            |            |             | 0.000  | 1.089           |
|                                                                                            |        |             |            |            |             |        |                 |
| path cell delay                                                                            |        |             |            |            |             |        | 1.078(100.000%) |
| path net delay                                                                             |        |             |            |            |             |        | 0.000(0.000%)   |
|                                                                                            |        |             |            |            |             |        |                 |
| data require time                                                                          |        |             |            |            |             |        | 1.089           |
| data arrival time                                                                          |        |             |            |            |             |        | 1.078           |
| slack (MET)                                                                                |        |             |            |            |             |        | 0.011           |
+--------------------------------------------------------------------------------------------+--------+-------------+------------+------------+-------------+--------+-----------------+
+--------------------------------------------------------------------------------------------+--------+-------------+------------+------------+-------------+--------+-----------------+
| Point                                                                                      | Fanout | Capacitance | Resistance | Transition | Delta Delay | Incr   | Path            |
+--------------------------------------------------------------------------------------------+--------+-------------+------------+------------+-------------+--------+-----------------+
| clk (port)                                                                                 |        | 1.783       | 0.000      | 0.000      |             | 0.000  | 0.000r          |
| clk (clock net)                                                                            | 1106   |             |            |            | NA          |        |                 |
| _374126_:CK (CLKGATE_X1)                                                                   |        | 0.002       | 0.000      | 0.000      |             | 0.000  | 0.000r          |
| _374126_:GCK (CLKGATE_X1)                                                                  |        | 8.353       | 0.000      | 0.000      |             | 0.000  | 0.000r          |
| _168838_ (clock net)                                                                       | 8553   |             |            |            | NA          |        |                 |
| u_systolic_array.pe_row[10].pe_col[8].u_pe_inst.b_reg_$_DFFE_PN0P__Q_4:CK (DFFR_X1)        |        | 0.001       | 0.000      | 0.000      |             | 0.000  | 0.000r          |
| clock clk (rise edge)                                                                      |        |             |            |            |             | 0      | 0               |
| clock network delay (ideal)                                                                |        |             |            |            |             | 0.000  | 0.000           |
| u_systolic_array.pe_row[10].pe_col[8].u_pe_inst.b_reg_$_DFFE_PN0P__Q_4:CK (DFFR_X1)        |        | 0.001       | 0.000      | 0.000      |             | 0.000  | 0.000r          |
| u_systolic_array.pe_row[10].pe_col[8].u_pe_inst.b_reg_$_DFFE_PN0P__Q_4:Q (DFFR_X1)         |        | 0.073       | 0.000      | 0.172      |             | 0.270  | 0.270r          |
| u_systolic_array.b_data_wires[87][3] (net)                                                 | 11     |             |            |            | 0.000       |        |                 |
| _221829_:A1 (NAND2_X4)                                                                     |        | 0.006       | 0.000      | 0.172      |             | 0.000  | 0.270r          |
| _221829_:ZN (NAND2_X4)                                                                     |        | 0.008       | 0.000      | 0.034      |             | 0.021  | 0.291f          |
| _139455_ (net)                                                                             | 3      |             |            |            | 0.000       |        |                 |
| _221861_:B (XOR2_X2)                                                                       |        | 0.005       | 0.000      | 0.034      |             | 0.000  | 0.291f          |
| _221861_:Z (XOR2_X2)                                                                       |        | 0.006       | 0.000      | 0.013      |             | 0.069  | 0.360f          |
| _139487_ (net)                                                                             | 2      |             |            |            | 0.000       |        |                 |
| _221892_:A (XOR2_X2)                                                                       |        | 0.004       | 0.000      | 0.013      |             | 0.000  | 0.360f          |
| _221892_:Z (XOR2_X2)                                                                       |        | 0.006       | 0.000      | 0.013      |             | 0.055  | 0.415f          |
| _139518_ (net)                                                                             | 2      |             |            |            | 0.000       |        |                 |
| _221895_:A (XOR2_X2)                                                                       |        | 0.004       | 0.000      | 0.013      |             | 0.000  | 0.415f          |
| _221895_:Z (XOR2_X2)                                                                       |        | 0.006       | 0.000      | 0.013      |             | 0.055  | 0.470f          |
| _139521_ (net)                                                                             | 2      |             |            |            | 0.000       |        |                 |
| _221914_:A (XOR2_X2)                                                                       |        | 0.004       | 0.000      | 0.013      |             | 0.000  | 0.470f          |
| _221914_:Z (XOR2_X2)                                                                       |        | 0.006       | 0.000      | 0.013      |             | 0.055  | 0.526f          |
| _139540_ (net)                                                                             | 2      |             |            |            | 0.000       |        |                 |
| _221918_:A (XOR2_X2)                                                                       |        | 0.004       | 0.000      | 0.013      |             | 0.000  | 0.526f          |
| _221918_:Z (XOR2_X2)                                                                       |        | 0.006       | 0.000      | 0.013      |             | 0.055  | 0.581f          |
| _139544_ (net)                                                                             | 2      |             |            |            | 0.000       |        |                 |
| _221924_:A (XOR2_X2)                                                                       |        | 0.004       | 0.000      | 0.013      |             | 0.000  | 0.581f          |
| _221924_:Z (XOR2_X2)                                                                       |        | 0.007       | 0.000      | 0.014      |             | 0.056  | 0.637f          |
| _139550_ (net)                                                                             | 3      |             |            |            | 0.000       |        |                 |
| _221928_:A (XOR2_X2)                                                                       |        | 0.004       | 0.000      | 0.014      |             | 0.000  | 0.637f          |
| _221928_:Z (XOR2_X2)                                                                       |        | 0.006       | 0.000      | 0.013      |             | 0.056  | 0.693f          |
| _139554_ (net)                                                                             | 2      |             |            |            | 0.000       |        |                 |
| _221930_:A (XOR2_X2)                                                                       |        | 0.004       | 0.000      | 0.013      |             | 0.000  | 0.693f          |
| _221930_:Z (XOR2_X2)                                                                       |        | 0.005       | 0.000      | 0.013      |             | 0.055  | 0.748f          |
| _139556_ (net)                                                                             | 2      |             |            |            | 0.000       |        |                 |
| _221933_:A1 (NAND2_X2)                                                                     |        | 0.003       | 0.000      | 0.013      |             | 0.000  | 0.748f          |
| _221933_:ZN (NAND2_X2)                                                                     |        | 0.003       | 0.000      | 0.011      |             | 0.017  | 0.765r          |
| _139559_ (net)                                                                             | 1      |             |            |            | 0.000       |        |                 |
| _221935_:A1 (NAND2_X2)                                                                     |        | 0.003       | 0.000      | 0.011      |             | 0.000  | 0.765r          |
| _221935_:ZN (NAND2_X2)                                                                     |        | 0.005       | 0.000      | 0.009      |             | 0.016  | 0.781f          |
| _139561_ (net)                                                                             | 2      |             |            |            | 0.000       |        |                 |
| _221939_:A1 (AND2_X4)                                                                      |        | 0.003       | 0.000      | 0.009      |             | 0.000  | 0.781f          |
| _221939_:ZN (AND2_X4)                                                                      |        | 0.004       | 0.000      | 0.006      |             | 0.026  | 0.808f          |
| _139565_ (net)                                                                             | 2      |             |            |            | 0.000       |        |                 |
| _221941_:B1 (OAI21_X2)                                                                     |        | 0.003       | 0.000      | 0.006      |             | 0.000  | 0.808f          |
| _221941_:ZN (OAI21_X2)                                                                     |        | 0.003       | 0.000      | 0.020      |             | 0.027  | 0.834r          |
| _139567_ (net)                                                                             | 1      |             |            |            | 0.000       |        |                 |
| _221943_:A1 (AND2_X4)                                                                      |        | 0.003       | 0.000      | 0.020      |             | 0.000  | 0.834r          |
| _221943_:ZN (AND2_X4)                                                                      |        | 0.009       | 0.000      | 0.010      |             | 0.034  | 0.869r          |
| _139569_ (net)                                                                             | 2      |             |            |            | 0.000       |        |                 |
| _221950_:A1 (NOR3_X4)                                                                      |        | 0.007       | 0.000      | 0.010      |             | 0.000  | 0.869r          |
| _221950_:ZN (NOR3_X4)                                                                      |        | 0.003       | 0.000      | 0.012      |             | 0.008  | 0.877f          |
| _139576_ (net)                                                                             | 2      |             |            |            | 0.000       |        |                 |
| _221951_:B1 (OAI21_X1)                                                                     |        | 0.002       | 0.000      | 0.012      |             | 0.000  | 0.877f          |
| _221951_:ZN (OAI21_X1)                                                                     |        | 0.002       | 0.000      | 0.020      |             | 0.029  | 0.906r          |
| _139577_ (net)                                                                             | 1      |             |            |            | 0.000       |        |                 |
| _221953_:A1 (NAND2_X1)                                                                     |        | 0.002       | 0.000      | 0.020      |             | 0.000  | 0.906r          |
| _221953_:ZN (NAND2_X1)                                                                     |        | 0.006       | 0.000      | 0.015      |             | 0.026  | 0.932f          |
| _139579_ (net)                                                                             | 3      |             |            |            | 0.000       |        |                 |
| _221972_:A1 (NAND3_X2)                                                                     |        | 0.003       | 0.000      | 0.015      |             | 0.000  | 0.932f          |
| _221972_:ZN (NAND3_X2)                                                                     |        | 0.003       | 0.000      | 0.014      |             | 0.020  | 0.952r          |
| _139598_ (net)                                                                             | 1      |             |            |            | 0.000       |        |                 |
| _221973_:A (INV_X2)                                                                        |        | 0.003       | 0.000      | 0.014      |             | 0.000  | 0.952r          |
| _221973_:ZN (INV_X2)                                                                       |        | 0.004       | 0.000      | 0.006      |             | 0.010  | 0.962f          |
| _139599_ (net)                                                                             | 2      |             |            |            | 0.000       |        |                 |
| _221978_:B1 (OAI21_X2)                                                                     |        | 0.003       | 0.000      | 0.006      |             | 0.000  | 0.962f          |
| _221978_:ZN (OAI21_X2)                                                                     |        | 0.003       | 0.000      | 0.020      |             | 0.027  | 0.989r          |
| _139604_ (net)                                                                             | 1      |             |            |            | 0.000       |        |                 |
| _221980_:A1 (NAND2_X2)                                                                     |        | 0.003       | 0.000      | 0.020      |             | 0.000  | 0.989r          |
| _221980_:ZN (NAND2_X2)                                                                     |        | 0.005       | 0.000      | 0.011      |             | 0.019  | 1.008f          |
| _139606_ (net)                                                                             | 2      |             |            |            | 0.000       |        |                 |
| _221987_:A1 (NAND2_X2)                                                                     |        | 0.003       | 0.000      | 0.011      |             | 0.000  | 1.008f          |
| _221987_:ZN (NAND2_X2)                                                                     |        | 0.003       | 0.000      | 0.011      |             | 0.016  | 1.024r          |
| _139613_ (net)                                                                             | 1      |             |            |            | 0.000       |        |                 |
| _221989_:A1 (NAND2_X2)                                                                     |        | 0.003       | 0.000      | 0.011      |             | 0.000  | 1.024r          |
| _221989_:ZN (NAND2_X2)                                                                     |        | 0.004       | 0.000      | 0.008      |             | 0.014  | 1.038f          |
| _139615_ (net)                                                                             | 2      |             |            |            | 0.000       |        |                 |
| _221991_:C1 (AOI211_X1)                                                                    |        | 0.002       | 0.000      | 0.008      |             | 0.000  | 1.038f          |
| _221991_:ZN (AOI211_X1)                                                                    |        | 0.001       | 0.000      | 0.039      |             | 0.040  | 1.078r          |
| u_systolic_array.pe_row[10].pe_col[8].u_pe_inst.mul_output_data[15] (net)                  | 1      |             |            |            | 0.000       |        |                 |
| u_systolic_array.pe_row[10].pe_col[8].u_pe_inst.mul_result_reg_$_DFFE_PN0P__Q:D (DFFR_X1)  |        | 0.001       | 0.000      | 0.039      |             | 0.000  | 1.078r          |
|                                                                                            |        |             |            |            |             |        |                 |
| clk (port)                                                                                 |        | 1.783       | 0.000      | 0.000      |             | 0.000  | 0.000r          |
| clk (clock net)                                                                            | 1106   |             |            |            | NA          |        |                 |
| _374126_:CK (CLKGATE_X1)                                                                   |        | 0.002       | 0.000      | 0.000      |             | 0.000  | 0.000r          |
| _374126_:GCK (CLKGATE_X1)                                                                  |        | 8.353       | 0.000      | 0.000      |             | 0.000  | 0.000r          |
| _168838_ (clock net)                                                                       | 8553   |             |            |            | NA          |        |                 |
| u_systolic_array.pe_row[10].pe_col[8].u_pe_inst.mul_result_reg_$_DFFE_PN0P__Q:CK (DFFR_X1) |        | 0.001       | 0.000      | 0.000      |             | 0.000  | 0.000r          |
| clock clk (rise edge)                                                                      |        |             |            |            |             | 1.13   | 1.13            |
| clock network delay (ideal)                                                                |        |             |            |            |             | 0.000  | 1.130           |
| u_systolic_array.pe_row[10].pe_col[8].u_pe_inst.mul_result_reg_$_DFFE_PN0P__Q:CK (DFFR_X1) |        |             |            |            |             |        | 1.130r          |
| library setup time                                                                         |        |             |            |            |             | -0.041 | 1.089           |
| clock reconvergence pessimism                                                              |        |             |            |            |             | 0.000  | 1.089           |
|                                                                                            |        |             |            |            |             |        |                 |
| path cell delay                                                                            |        |             |            |            |             |        | 1.078(100.000%) |
| path net delay                                                                             |        |             |            |            |             |        | 0.000(0.000%)   |
|                                                                                            |        |             |            |            |             |        |                 |
| data require time                                                                          |        |             |            |            |             |        | 1.089           |
| data arrival time                                                                          |        |             |            |            |             |        | 1.078           |
| slack (MET)                                                                                |        |             |            |            |             |        | 0.011           |
+--------------------------------------------------------------------------------------------+--------+-------------+------------+------------+-------------+--------+-----------------+
+---------------------------------------------------------------------------------------------+--------+-------------+------------+------------+-------------+--------+-----------------+
| Point                                                                                       | Fanout | Capacitance | Resistance | Transition | Delta Delay | Incr   | Path            |
+---------------------------------------------------------------------------------------------+--------+-------------+------------+------------+-------------+--------+-----------------+
| clk (port)                                                                                  |        | 1.783       | 0.000      | 0.000      |             | 0.000  | 0.000r          |
| clk (clock net)                                                                             | 1106   |             |            |            | NA          |        |                 |
| _374126_:CK (CLKGATE_X1)                                                                    |        | 0.002       | 0.000      | 0.000      |             | 0.000  | 0.000r          |
| _374126_:GCK (CLKGATE_X1)                                                                   |        | 8.353       | 0.000      | 0.000      |             | 0.000  | 0.000r          |
| _168838_ (clock net)                                                                        | 8553   |             |            |            | NA          |        |                 |
| u_systolic_array.pe_row[5].pe_col[7].u_pe_inst.b_reg_$_DFFE_PN0P__Q:CK (DFFR_X1)            |        | 0.001       | 0.000      | 0.000      |             | 0.000  | 0.000r          |
| clock clk (rise edge)                                                                       |        |             |            |            |             | 0      | 0               |
| clock network delay (ideal)                                                                 |        |             |            |            |             | 0.000  | 0.000           |
| u_systolic_array.pe_row[5].pe_col[7].u_pe_inst.b_reg_$_DFFE_PN0P__Q:CK (DFFR_X1)            |        | 0.001       | 0.000      | 0.000      |             | 0.000  | 0.000r          |
| u_systolic_array.pe_row[5].pe_col[7].u_pe_inst.b_reg_$_DFFE_PN0P__Q:Q (DFFR_X1)             |        | 0.065       | 0.000      | 0.154      |             | 0.251  | 0.251r          |
| u_systolic_array.b_data_wires[168][7] (net)                                                 | 9      |             |            |            | 0.000       |        |                 |
| _328752_:A (INV_X32)                                                                        |        | 0.049       | 0.000      | 0.154      |             | 0.000  | 0.251r          |
| _328752_:ZN (INV_X32)                                                                       |        | 0.011       | 0.000      | 0.023      |             | -0.005 | 0.246f          |
| _068879_ (net)                                                                              | 5      |             |            |            | 0.000       |        |                 |
| _328901_:A1 (OR2_X4)                                                                        |        | 0.003       | 0.000      | 0.023      |             | 0.000  | 0.246f          |
| _328901_:ZN (OR2_X4)                                                                        |        | 0.005       | 0.000      | 0.009      |             | 0.047  | 0.294f          |
| _069028_ (net)                                                                              | 2      |             |            |            | 0.000       |        |                 |
| _328903_:A (XNOR2_X2)                                                                       |        | 0.004       | 0.000      | 0.009      |             | 0.000  | 0.294f          |
| _328903_:ZN (XNOR2_X2)                                                                      |        | 0.006       | 0.000      | 0.025      |             | 0.034  | 0.327r          |
| _069030_ (net)                                                                              | 2      |             |            |            | 0.000       |        |                 |
| _328904_:A1 (NAND3_X1)                                                                      |        | 0.002       | 0.000      | 0.025      |             | 0.000  | 0.327r          |
| _328904_:ZN (NAND3_X1)                                                                      |        | 0.002       | 0.000      | 0.019      |             | 0.023  | 0.350f          |
| _069031_ (net)                                                                              | 1      |             |            |            | 0.000       |        |                 |
| _328906_:A (OAI21_X1)                                                                       |        | 0.002       | 0.000      | 0.019      |             | 0.000  | 0.350f          |
| _328906_:ZN (OAI21_X1)                                                                      |        | 0.006       | 0.000      | 0.038      |             | 0.035  | 0.385r          |
| _069033_ (net)                                                                              | 2      |             |            |            | 0.000       |        |                 |
| _328908_:A (XOR2_X2)                                                                        |        | 0.004       | 0.000      | 0.038      |             | 0.000  | 0.385r          |
| _328908_:Z (XOR2_X2)                                                                        |        | 0.006       | 0.000      | 0.028      |             | 0.060  | 0.445r          |
| _069035_ (net)                                                                              | 2      |             |            |            | 0.000       |        |                 |
| _328933_:A (XOR2_X2)                                                                        |        | 0.004       | 0.000      | 0.028      |             | 0.000  | 0.445r          |
| _328933_:Z (XOR2_X2)                                                                        |        | 0.006       | 0.000      | 0.028      |             | 0.058  | 0.503r          |
| _069060_ (net)                                                                              | 2      |             |            |            | 0.000       |        |                 |
| _328949_:A (XOR2_X2)                                                                        |        | 0.004       | 0.000      | 0.028      |             | 0.000  | 0.503r          |
| _328949_:Z (XOR2_X2)                                                                        |        | 0.004       | 0.000      | 0.023      |             | 0.053  | 0.557r          |
| _069076_ (net)                                                                              | 2      |             |            |            | 0.000       |        |                 |
| _329076_:A (XOR2_X1)                                                                        |        | 0.002       | 0.000      | 0.023      |             | 0.000  | 0.557r          |
| _329076_:Z (XOR2_X1)                                                                        |        | 0.004       | 0.000      | 0.032      |             | 0.061  | 0.618r          |
| _069203_ (net)                                                                              | 2      |             |            |            | 0.000       |        |                 |
| _329080_:A (XOR2_X1)                                                                        |        | 0.002       | 0.000      | 0.032      |             | 0.000  | 0.618r          |
| _329080_:Z (XOR2_X1)                                                                        |        | 0.004       | 0.000      | 0.032      |             | 0.063  | 0.681r          |
| _069207_ (net)                                                                              | 2      |             |            |            | 0.000       |        |                 |
| _329084_:A (XOR2_X1)                                                                        |        | 0.002       | 0.000      | 0.032      |             | 0.000  | 0.681r          |
| _329084_:Z (XOR2_X1)                                                                        |        | 0.006       | 0.000      | 0.042      |             | 0.073  | 0.754r          |
| _069211_ (net)                                                                              | 3      |             |            |            | 0.000       |        |                 |
| _329088_:A1 (AND2_X2)                                                                       |        | 0.002       | 0.000      | 0.042      |             | 0.000  | 0.754r          |
| _329088_:ZN (AND2_X2)                                                                       |        | 0.010       | 0.000      | 0.016      |             | 0.048  | 0.803r          |
| _069215_ (net)                                                                              | 2      |             |            |            | 0.000       |        |                 |
| _329090_:A2 (NOR3_X4)                                                                       |        | 0.006       | 0.000      | 0.016      |             | 0.000  | 0.803r          |
| _329090_:ZN (NOR3_X4)                                                                       |        | 0.003       | 0.000      | 0.012      |             | 0.011  | 0.814f          |
| _069217_ (net)                                                                              | 1      |             |            |            | 0.000       |        |                 |
| _329091_:A1 (NOR2_X2)                                                                       |        | 0.003       | 0.000      | 0.012      |             | 0.000  | 0.814f          |
| _329091_:ZN (NOR2_X2)                                                                       |        | 0.004       | 0.000      | 0.017      |             | 0.026  | 0.840r          |
| _069218_ (net)                                                                              | 2      |             |            |            | 0.000       |        |                 |
| _329092_:A (INV_X1)                                                                         |        | 0.002       | 0.000      | 0.017      |             | 0.000  | 0.840r          |
| _329092_:ZN (INV_X1)                                                                        |        | 0.002       | 0.000      | 0.006      |             | 0.010  | 0.850f          |
| _069219_ (net)                                                                              | 1      |             |            |            | 0.000       |        |                 |
| _329098_:A1 (AND2_X2)                                                                       |        | 0.002       | 0.000      | 0.006      |             | 0.000  | 0.850f          |
| _329098_:ZN (AND2_X2)                                                                       |        | 0.004       | 0.000      | 0.007      |             | 0.027  | 0.877f          |
| _069225_ (net)                                                                              | 2      |             |            |            | 0.000       |        |                 |
| _329100_:B1 (OAI21_X2)                                                                      |        | 0.003       | 0.000      | 0.007      |             | 0.000  | 0.877f          |
| _329100_:ZN (OAI21_X2)                                                                      |        | 0.003       | 0.000      | 0.020      |             | 0.027  | 0.905r          |
| _069227_ (net)                                                                              | 1      |             |            |            | 0.000       |        |                 |
| _329101_:A (INV_X2)                                                                         |        | 0.003       | 0.000      | 0.020      |             | 0.000  | 0.905r          |
| _329101_:ZN (INV_X2)                                                                        |        | 0.004       | 0.000      | 0.007      |             | 0.011  | 0.916f          |
| _069228_ (net)                                                                              | 2      |             |            |            | 0.000       |        |                 |
| _329103_:B1 (OAI21_X2)                                                                      |        | 0.003       | 0.000      | 0.007      |             | 0.000  | 0.916f          |
| _329103_:ZN (OAI21_X2)                                                                      |        | 0.003       | 0.000      | 0.020      |             | 0.028  | 0.943r          |
| _069230_ (net)                                                                              | 1      |             |            |            | 0.000       |        |                 |
| _329105_:A1 (NAND2_X2)                                                                      |        | 0.003       | 0.000      | 0.020      |             | 0.000  | 0.943r          |
| _329105_:ZN (NAND2_X2)                                                                      |        | 0.005       | 0.000      | 0.011      |             | 0.019  | 0.962f          |
| _069232_ (net)                                                                              | 2      |             |            |            | 0.000       |        |                 |
| _329117_:A1 (NAND2_X2)                                                                      |        | 0.003       | 0.000      | 0.011      |             | 0.000  | 0.962f          |
| _329117_:ZN (NAND2_X2)                                                                      |        | 0.003       | 0.000      | 0.011      |             | 0.016  | 0.979r          |
| _069244_ (net)                                                                              | 1      |             |            |            | 0.000       |        |                 |
| _329119_:A1 (NAND2_X2)                                                                      |        | 0.003       | 0.000      | 0.011      |             | 0.000  | 0.979r          |
| _329119_:ZN (NAND2_X2)                                                                      |        | 0.005       | 0.000      | 0.009      |             | 0.016  | 0.995f          |
| _069246_ (net)                                                                              | 2      |             |            |            | 0.000       |        |                 |
| _329125_:A1 (NAND2_X2)                                                                      |        | 0.003       | 0.000      | 0.009      |             | 0.000  | 0.995f          |
| _329125_:ZN (NAND2_X2)                                                                      |        | 0.003       | 0.000      | 0.011      |             | 0.016  | 1.010r          |
| _069252_ (net)                                                                              | 1      |             |            |            | 0.000       |        |                 |
| _329127_:A1 (NAND2_X2)                                                                      |        | 0.003       | 0.000      | 0.011      |             | 0.000  | 1.010r          |
| _329127_:ZN (NAND2_X2)                                                                      |        | 0.004       | 0.000      | 0.008      |             | 0.014  | 1.024f          |
| _069254_ (net)                                                                              | 2      |             |            |            | 0.000       |        |                 |
| _329133_:A (XOR2_X1)                                                                        |        | 0.002       | 0.000      | 0.008      |             | 0.000  | 1.024f          |
| _329133_:Z (XOR2_X1)                                                                        |        | 0.001       | 0.000      | 0.012      |             | 0.050  | 1.074f          |
| u_systolic_array.pe_row[5].pe_col[7].u_pe_inst.mul_output_data[14] (net)                    | 1      |             |            |            | 0.000       |        |                 |
| u_systolic_array.pe_row[5].pe_col[7].u_pe_inst.mul_result_reg_$_DFFE_PN0P__Q_1:D (DFFR_X1)  |        | 0.001       | 0.000      | 0.012      |             | 0.000  | 1.074f          |
|                                                                                             |        |             |            |            |             |        |                 |
| clk (port)                                                                                  |        | 1.783       | 0.000      | 0.000      |             | 0.000  | 0.000r          |
| clk (clock net)                                                                             | 1106   |             |            |            | NA          |        |                 |
| _374126_:CK (CLKGATE_X1)                                                                    |        | 0.002       | 0.000      | 0.000      |             | 0.000  | 0.000r          |
| _374126_:GCK (CLKGATE_X1)                                                                   |        | 8.353       | 0.000      | 0.000      |             | 0.000  | 0.000r          |
| _168838_ (clock net)                                                                        | 8553   |             |            |            | NA          |        |                 |
| u_systolic_array.pe_row[5].pe_col[7].u_pe_inst.mul_result_reg_$_DFFE_PN0P__Q_1:CK (DFFR_X1) |        | 0.001       | 0.000      | 0.000      |             | 0.000  | 0.000r          |
| clock clk (rise edge)                                                                       |        |             |            |            |             | 1.13   | 1.13            |
| clock network delay (ideal)                                                                 |        |             |            |            |             | 0.000  | 1.130           |
| u_systolic_array.pe_row[5].pe_col[7].u_pe_inst.mul_result_reg_$_DFFE_PN0P__Q_1:CK (DFFR_X1) |        |             |            |            |             |        | 1.130r          |
| library setup time                                                                          |        |             |            |            |             | -0.042 | 1.088           |
| clock reconvergence pessimism                                                               |        |             |            |            |             | 0.000  | 1.088           |
|                                                                                             |        |             |            |            |             |        |                 |
| path cell delay                                                                             |        |             |            |            |             |        | 1.074(100.000%) |
| path net delay                                                                              |        |             |            |            |             |        | 0.000(0.000%)   |
|                                                                                             |        |             |            |            |             |        |                 |
| data require time                                                                           |        |             |            |            |             |        | 1.088           |
| data arrival time                                                                           |        |             |            |            |             |        | 1.074           |
| slack (MET)                                                                                 |        |             |            |            |             |        | 0.014           |
+---------------------------------------------------------------------------------------------+--------+-------------+------------+------------+-------------+--------+-----------------+
+-----------------------------------------------------------------------------------------------------------------------------------+--------+-------------+------------+------------+-------------+--------+-----------------+
| Point                                                                                                                             | Fanout | Capacitance | Resistance | Transition | Delta Delay | Incr   | Path            |
+-----------------------------------------------------------------------------------------------------------------------------------+--------+-------------+------------+------------+-------------+--------+-----------------+
| clk (port)                                                                                                                        |        | 1.783       | 0.000      | 0.000      |             | 0.000  | 0.000r          |
| clk (clock net)                                                                                                                   | 1106   |             |            |            | NA          |        |                 |
| _374411_:CK (CLKGATE_X1)                                                                                                          |        | 0.002       | 0.000      | 0.000      |             | 0.000  | 0.000r          |
| _374411_:GCK (CLKGATE_X1)                                                                                                         |        | 0.001       | 0.000      | 0.000      |             | 0.000  | 0.000r          |
| _169123_ (clock net)                                                                                                              | 1      |             |            |            | NA          |        |                 |
| sa_activate_comp_reg_$_DFFE_PN0N__Q:CK (DFFR_X1)                                                                                  |        | 0.001       | 0.000      | 0.000      |             | 0.000  | 0.000r          |
| clock clk (rise edge)                                                                                                             |        |             |            |            |             | 0      | 0               |
| clock network delay (ideal)                                                                                                       |        |             |            |            |             | 0.000  | 0.000           |
| sa_activate_comp_reg_$_DFFE_PN0N__Q:CK (DFFR_X1)                                                                                  |        | 0.001       | 0.000      | 0.000      |             | 0.000  | 0.000r          |
| sa_activate_comp_reg_$_DFFE_PN0N__Q:Q (DFFR_X1)                                                                                   |        | 0.065       | 0.000      | 0.154      |             | 0.251  | 0.251r          |
| sa_activate_comp_reg (net)                                                                                                        | 28     |             |            |            | 0.000       |        |                 |
| fanout_buf_761:A (BUF_X8)                                                                                                         |        | 0.007       | 0.000      | 0.154      |             | 0.000  | 0.251r          |
| fanout_buf_761:Z (BUF_X8)                                                                                                         |        | 0.039       | 0.000      | 0.018      |             | 0.041  | 0.292r          |
| fanout_net_761 (net)                                                                                                              | 30     |             |            |            | 0.000       |        |                 |
| _199988_:A (INV_X2)                                                                                                               |        | 0.003       | 0.000      | 0.018      |             | 0.000  | 0.292r          |
| _199988_:ZN (INV_X2)                                                                                                              |        | 0.020       | 0.000      | 0.013      |             | 0.023  | 0.315f          |
| _120009_ (net)                                                                                                                    | 5      |             |            |            | 0.000       |        |                 |
| _199989_:A1 (NOR2_X2)                                                                                                             |        | 0.003       | 0.000      | 0.013      |             | 0.000  | 0.315f          |
| _199989_:ZN (NOR2_X2)                                                                                                             |        | 0.027       | 0.000      | 0.070      |             | 0.085  | 0.400r          |
| _120010_ (net)                                                                                                                    | 8      |             |            |            | 0.000       |        |                 |
| _201752_:A1 (NOR2_X1)                                                                                                             |        | 0.002       | 0.000      | 0.070      |             | 0.000  | 0.400r          |
| _201752_:ZN (NOR2_X1)                                                                                                             |        | 0.006       | 0.000      | 0.021      |             | 0.024  | 0.425f          |
| _121132_ (net)                                                                                                                    | 1      |             |            |            | 0.000       |        |                 |
| _201753_:A (BUF_X8)                                                                                                               |        | 0.007       | 0.000      | 0.021      |             | 0.000  | 0.425f          |
| _201753_:Z (BUF_X8)                                                                                                               |        | 0.033       | 0.000      | 0.008      |             | 0.036  | 0.460f          |
| _121133_ (net)                                                                                                                    | 10     |             |            |            | 0.000       |        |                 |
| _201754_:A (BUF_X4)                                                                                                               |        | 0.003       | 0.000      | 0.008      |             | 0.000  | 0.460f          |
| _201754_:Z (BUF_X4)                                                                                                               |        | 0.026       | 0.000      | 0.010      |             | 0.032  | 0.492f          |
| _121134_ (net)                                                                                                                    | 10     |             |            |            | 0.000       |        |                 |
| _215253_:A (BUF_X4)                                                                                                               |        | 0.003       | 0.000      | 0.010      |             | 0.000  | 0.492f          |
| _215253_:Z (BUF_X4)                                                                                                               |        | 0.016       | 0.000      | 0.008      |             | 0.029  | 0.521f          |
| _133457_ (net)                                                                                                                    | 10     |             |            |            | 0.000       |        |                 |
| _217970_:A2 (NOR2_X1)                                                                                                             |        | 0.002       | 0.000      | 0.008      |             | 0.000  | 0.521f          |
| _217970_:ZN (NOR2_X1)                                                                                                             |        | 0.001       | 0.000      | 0.013      |             | 0.024  | 0.545r          |
| u_systolic_array.pe_row[10].pe_col[2].u_pe_inst.pe_calculation_done_latch_$_OR__B_Y_$_ANDNOT__B_Y_$_OR__B_Y_$_ANDNOT__B_1_Y (net) | 1      |             |            |            | 0.000       |        |                 |
| _374076_:E (CLKGATE_X1)                                                                                                           |        | 0.001       | 0.000      | 0.013      |             | 0.000  | 0.545r          |
|                                                                                                                                   |        |             |            |            |             |        |                 |
| clk (port)                                                                                                                        |        | 1.783       | 0.000      | 0.000      |             | 0.000  | 0.000r          |
| clk (clock net)                                                                                                                   | 1106   |             |            |            | NA          |        |                 |
| _374076_:CK (CLKGATE_X1)                                                                                                          |        | 0.002       | 0.000      | 0.000      |             | 0.000  | 0.000r          |
| clock clk (rise edge)                                                                                                             |        |             |            |            |             | 1.13   | 1.13            |
| clock network delay (ideal)                                                                                                       |        |             |            |            |             | 0.000  | 1.130           |
| _374076_:CK (CLKGATE_X1)                                                                                                          |        |             |            |            |             |        | 1.130r          |
| library setup time                                                                                                                |        |             |            |            |             | -0.050 | 1.080           |
| clock reconvergence pessimism                                                                                                     |        |             |            |            |             | 0.000  | 1.080           |
|                                                                                                                                   |        |             |            |            |             |        |                 |
| path cell delay                                                                                                                   |        |             |            |            |             |        | 0.545(100.000%) |
| path net delay                                                                                                                    |        |             |            |            |             |        | 0.000(0.000%)   |
|                                                                                                                                   |        |             |            |            |             |        |                 |
| data require time                                                                                                                 |        |             |            |            |             |        | 1.080           |
| data arrival time                                                                                                                 |        |             |            |            |             |        | 0.545           |
| slack (MET)                                                                                                                       |        |             |            |            |             |        | 0.534           |
+-----------------------------------------------------------------------------------------------------------------------------------+--------+-------------+------------+------------+-------------+--------+-----------------+
+-----------------------------------------------------------------------------------------------------------------------------------+--------+-------------+------------+------------+-------------+--------+-----------------+
| Point                                                                                                                             | Fanout | Capacitance | Resistance | Transition | Delta Delay | Incr   | Path            |
+-----------------------------------------------------------------------------------------------------------------------------------+--------+-------------+------------+------------+-------------+--------+-----------------+
| clk (port)                                                                                                                        |        | 1.783       | 0.000      | 0.000      |             | 0.000  | 0.000r          |
| clk (clock net)                                                                                                                   | 1106   |             |            |            | NA          |        |                 |
| _374411_:CK (CLKGATE_X1)                                                                                                          |        | 0.002       | 0.000      | 0.000      |             | 0.000  | 0.000r          |
| _374411_:GCK (CLKGATE_X1)                                                                                                         |        | 0.001       | 0.000      | 0.000      |             | 0.000  | 0.000r          |
| _169123_ (clock net)                                                                                                              | 1      |             |            |            | NA          |        |                 |
| sa_activate_comp_reg_$_DFFE_PN0N__Q:CK (DFFR_X1)                                                                                  |        | 0.001       | 0.000      | 0.000      |             | 0.000  | 0.000r          |
| clock clk (rise edge)                                                                                                             |        |             |            |            |             | 0      | 0               |
| clock network delay (ideal)                                                                                                       |        |             |            |            |             | 0.000  | 0.000           |
| sa_activate_comp_reg_$_DFFE_PN0N__Q:CK (DFFR_X1)                                                                                  |        | 0.001       | 0.000      | 0.000      |             | 0.000  | 0.000r          |
| sa_activate_comp_reg_$_DFFE_PN0N__Q:Q (DFFR_X1)                                                                                   |        | 0.065       | 0.000      | 0.154      |             | 0.251  | 0.251r          |
| sa_activate_comp_reg (net)                                                                                                        | 28     |             |            |            | 0.000       |        |                 |
| fanout_buf_761:A (BUF_X8)                                                                                                         |        | 0.007       | 0.000      | 0.154      |             | 0.000  | 0.251r          |
| fanout_buf_761:Z (BUF_X8)                                                                                                         |        | 0.039       | 0.000      | 0.018      |             | 0.041  | 0.292r          |
| fanout_net_761 (net)                                                                                                              | 30     |             |            |            | 0.000       |        |                 |
| _199988_:A (INV_X2)                                                                                                               |        | 0.003       | 0.000      | 0.018      |             | 0.000  | 0.292r          |
| _199988_:ZN (INV_X2)                                                                                                              |        | 0.020       | 0.000      | 0.013      |             | 0.023  | 0.315f          |
| _120009_ (net)                                                                                                                    | 5      |             |            |            | 0.000       |        |                 |
| _199989_:A1 (NOR2_X2)                                                                                                             |        | 0.003       | 0.000      | 0.013      |             | 0.000  | 0.315f          |
| _199989_:ZN (NOR2_X2)                                                                                                             |        | 0.027       | 0.000      | 0.070      |             | 0.085  | 0.400r          |
| _120010_ (net)                                                                                                                    | 8      |             |            |            | 0.000       |        |                 |
| _201752_:A1 (NOR2_X1)                                                                                                             |        | 0.002       | 0.000      | 0.070      |             | 0.000  | 0.400r          |
| _201752_:ZN (NOR2_X1)                                                                                                             |        | 0.006       | 0.000      | 0.021      |             | 0.024  | 0.425f          |
| _121132_ (net)                                                                                                                    | 1      |             |            |            | 0.000       |        |                 |
| _201753_:A (BUF_X8)                                                                                                               |        | 0.007       | 0.000      | 0.021      |             | 0.000  | 0.425f          |
| _201753_:Z (BUF_X8)                                                                                                               |        | 0.033       | 0.000      | 0.008      |             | 0.036  | 0.460f          |
| _121133_ (net)                                                                                                                    | 10     |             |            |            | 0.000       |        |                 |
| _201754_:A (BUF_X4)                                                                                                               |        | 0.003       | 0.000      | 0.008      |             | 0.000  | 0.460f          |
| _201754_:Z (BUF_X4)                                                                                                               |        | 0.026       | 0.000      | 0.010      |             | 0.032  | 0.492f          |
| _121134_ (net)                                                                                                                    | 10     |             |            |            | 0.000       |        |                 |
| _222033_:A (BUF_X4)                                                                                                               |        | 0.003       | 0.000      | 0.010      |             | 0.000  | 0.492f          |
| _222033_:Z (BUF_X4)                                                                                                               |        | 0.016       | 0.000      | 0.008      |             | 0.029  | 0.521f          |
| _139646_ (net)                                                                                                                    | 10     |             |            |            | 0.000       |        |                 |
| _222709_:A2 (NOR2_X1)                                                                                                             |        | 0.002       | 0.000      | 0.008      |             | 0.000  | 0.521f          |
| _222709_:ZN (NOR2_X1)                                                                                                             |        | 0.001       | 0.000      | 0.013      |             | 0.024  | 0.545r          |
| u_systolic_array.pe_row[10].pe_col[9].u_pe_inst.pe_calculation_done_latch_$_OR__B_Y_$_ANDNOT__B_Y_$_OR__A_Y_$_ANDNOT__B_1_Y (net) | 1      |             |            |            | 0.000       |        |                 |
| _374062_:E (CLKGATE_X1)                                                                                                           |        | 0.001       | 0.000      | 0.013      |             | 0.000  | 0.545r          |
|                                                                                                                                   |        |             |            |            |             |        |                 |
| clk (port)                                                                                                                        |        | 1.783       | 0.000      | 0.000      |             | 0.000  | 0.000r          |
| clk (clock net)                                                                                                                   | 1106   |             |            |            | NA          |        |                 |
| _374062_:CK (CLKGATE_X1)                                                                                                          |        | 0.002       | 0.000      | 0.000      |             | 0.000  | 0.000r          |
| clock clk (rise edge)                                                                                                             |        |             |            |            |             | 1.13   | 1.13            |
| clock network delay (ideal)                                                                                                       |        |             |            |            |             | 0.000  | 1.130           |
| _374062_:CK (CLKGATE_X1)                                                                                                          |        |             |            |            |             |        | 1.130r          |
| library setup time                                                                                                                |        |             |            |            |             | -0.050 | 1.080           |
| clock reconvergence pessimism                                                                                                     |        |             |            |            |             | 0.000  | 1.080           |
|                                                                                                                                   |        |             |            |            |             |        |                 |
| path cell delay                                                                                                                   |        |             |            |            |             |        | 0.545(100.000%) |
| path net delay                                                                                                                    |        |             |            |            |             |        | 0.000(0.000%)   |
|                                                                                                                                   |        |             |            |            |             |        |                 |
| data require time                                                                                                                 |        |             |            |            |             |        | 1.080           |
| data arrival time                                                                                                                 |        |             |            |            |             |        | 0.545           |
| slack (MET)                                                                                                                       |        |             |            |            |             |        | 0.534           |
+-----------------------------------------------------------------------------------------------------------------------------------+--------+-------------+------------+------------+-------------+--------+-----------------+
+-----------------------------------------------------------------------------------------------------------------------------------+--------+-------------+------------+------------+-------------+--------+-----------------+
| Point                                                                                                                             | Fanout | Capacitance | Resistance | Transition | Delta Delay | Incr   | Path            |
+-----------------------------------------------------------------------------------------------------------------------------------+--------+-------------+------------+------------+-------------+--------+-----------------+
| clk (port)                                                                                                                        |        | 1.783       | 0.000      | 0.000      |             | 0.000  | 0.000r          |
| clk (clock net)                                                                                                                   | 1106   |             |            |            | NA          |        |                 |
| _374411_:CK (CLKGATE_X1)                                                                                                          |        | 0.002       | 0.000      | 0.000      |             | 0.000  | 0.000r          |
| _374411_:GCK (CLKGATE_X1)                                                                                                         |        | 0.001       | 0.000      | 0.000      |             | 0.000  | 0.000r          |
| _169123_ (clock net)                                                                                                              | 1      |             |            |            | NA          |        |                 |
| sa_activate_comp_reg_$_DFFE_PN0N__Q:CK (DFFR_X1)                                                                                  |        | 0.001       | 0.000      | 0.000      |             | 0.000  | 0.000r          |
| clock clk (rise edge)                                                                                                             |        |             |            |            |             | 0      | 0               |
| clock network delay (ideal)                                                                                                       |        |             |            |            |             | 0.000  | 0.000           |
| sa_activate_comp_reg_$_DFFE_PN0N__Q:CK (DFFR_X1)                                                                                  |        | 0.001       | 0.000      | 0.000      |             | 0.000  | 0.000r          |
| sa_activate_comp_reg_$_DFFE_PN0N__Q:Q (DFFR_X1)                                                                                   |        | 0.065       | 0.000      | 0.154      |             | 0.251  | 0.251r          |
| sa_activate_comp_reg (net)                                                                                                        | 28     |             |            |            | 0.000       |        |                 |
| fanout_buf_761:A (BUF_X8)                                                                                                         |        | 0.007       | 0.000      | 0.154      |             | 0.000  | 0.251r          |
| fanout_buf_761:Z (BUF_X8)                                                                                                         |        | 0.039       | 0.000      | 0.018      |             | 0.041  | 0.292r          |
| fanout_net_761 (net)                                                                                                              | 30     |             |            |            | 0.000       |        |                 |
| _199988_:A (INV_X2)                                                                                                               |        | 0.003       | 0.000      | 0.018      |             | 0.000  | 0.292r          |
| _199988_:ZN (INV_X2)                                                                                                              |        | 0.020       | 0.000      | 0.013      |             | 0.023  | 0.315f          |
| _120009_ (net)                                                                                                                    | 5      |             |            |            | 0.000       |        |                 |
| _199989_:A1 (NOR2_X2)                                                                                                             |        | 0.003       | 0.000      | 0.013      |             | 0.000  | 0.315f          |
| _199989_:ZN (NOR2_X2)                                                                                                             |        | 0.027       | 0.000      | 0.070      |             | 0.085  | 0.400r          |
| _120010_ (net)                                                                                                                    | 8      |             |            |            | 0.000       |        |                 |
| _201752_:A1 (NOR2_X1)                                                                                                             |        | 0.002       | 0.000      | 0.070      |             | 0.000  | 0.400r          |
| _201752_:ZN (NOR2_X1)                                                                                                             |        | 0.006       | 0.000      | 0.021      |             | 0.024  | 0.425f          |
| _121132_ (net)                                                                                                                    | 1      |             |            |            | 0.000       |        |                 |
| _201753_:A (BUF_X8)                                                                                                               |        | 0.007       | 0.000      | 0.021      |             | 0.000  | 0.425f          |
| _201753_:Z (BUF_X8)                                                                                                               |        | 0.033       | 0.000      | 0.008      |             | 0.036  | 0.460f          |
| _121133_ (net)                                                                                                                    | 10     |             |            |            | 0.000       |        |                 |
| _201754_:A (BUF_X4)                                                                                                               |        | 0.003       | 0.000      | 0.008      |             | 0.000  | 0.460f          |
| _201754_:Z (BUF_X4)                                                                                                               |        | 0.026       | 0.000      | 0.010      |             | 0.032  | 0.492f          |
| _121134_ (net)                                                                                                                    | 10     |             |            |            | 0.000       |        |                 |
| _222033_:A (BUF_X4)                                                                                                               |        | 0.003       | 0.000      | 0.010      |             | 0.000  | 0.492f          |
| _222033_:Z (BUF_X4)                                                                                                               |        | 0.016       | 0.000      | 0.008      |             | 0.029  | 0.521f          |
| _139646_ (net)                                                                                                                    | 10     |             |            |            | 0.000       |        |                 |
| _223388_:A2 (NOR2_X1)                                                                                                             |        | 0.002       | 0.000      | 0.008      |             | 0.000  | 0.521f          |
| _223388_:ZN (NOR2_X1)                                                                                                             |        | 0.001       | 0.000      | 0.013      |             | 0.024  | 0.545r          |
| u_systolic_array.pe_row[11].pe_col[0].u_pe_inst.pe_calculation_done_latch_$_OR__B_Y_$_ANDNOT__B_Y_$_OR__A_Y_$_ANDNOT__B_1_Y (net) | 1      |             |            |            | 0.000       |        |                 |
| _374060_:E (CLKGATE_X1)                                                                                                           |        | 0.001       | 0.000      | 0.013      |             | 0.000  | 0.545r          |
|                                                                                                                                   |        |             |            |            |             |        |                 |
| clk (port)                                                                                                                        |        | 1.783       | 0.000      | 0.000      |             | 0.000  | 0.000r          |
| clk (clock net)                                                                                                                   | 1106   |             |            |            | NA          |        |                 |
| _374060_:CK (CLKGATE_X1)                                                                                                          |        | 0.002       | 0.000      | 0.000      |             | 0.000  | 0.000r          |
| clock clk (rise edge)                                                                                                             |        |             |            |            |             | 1.13   | 1.13            |
| clock network delay (ideal)                                                                                                       |        |             |            |            |             | 0.000  | 1.130           |
| _374060_:CK (CLKGATE_X1)                                                                                                          |        |             |            |            |             |        | 1.130r          |
| library setup time                                                                                                                |        |             |            |            |             | -0.050 | 1.080           |
| clock reconvergence pessimism                                                                                                     |        |             |            |            |             | 0.000  | 1.080           |
|                                                                                                                                   |        |             |            |            |             |        |                 |
| path cell delay                                                                                                                   |        |             |            |            |             |        | 0.545(100.000%) |
| path net delay                                                                                                                    |        |             |            |            |             |        | 0.000(0.000%)   |
|                                                                                                                                   |        |             |            |            |             |        |                 |
| data require time                                                                                                                 |        |             |            |            |             |        | 1.080           |
| data arrival time                                                                                                                 |        |             |            |            |             |        | 0.545           |
| slack (MET)                                                                                                                       |        |             |            |            |             |        | 0.534           |
+-----------------------------------------------------------------------------------------------------------------------------------+--------+-------------+------------+------------+-------------+--------+-----------------+
+----------------------------------------------------------------------------------------------------------------------------------+--------+-------------+------------+------------+-------------+--------+-----------------+
| Point                                                                                                                            | Fanout | Capacitance | Resistance | Transition | Delta Delay | Incr   | Path            |
+----------------------------------------------------------------------------------------------------------------------------------+--------+-------------+------------+------------+-------------+--------+-----------------+
| clk (port)                                                                                                                       |        | 1.783       | 0.000      | 0.000      |             | 0.000  | 0.000r          |
| clk (clock net)                                                                                                                  | 1106   |             |            |            | NA          |        |                 |
| _374411_:CK (CLKGATE_X1)                                                                                                         |        | 0.002       | 0.000      | 0.000      |             | 0.000  | 0.000r          |
| _374411_:GCK (CLKGATE_X1)                                                                                                        |        | 0.001       | 0.000      | 0.000      |             | 0.000  | 0.000r          |
| _169123_ (clock net)                                                                                                             | 1      |             |            |            | NA          |        |                 |
| sa_activate_comp_reg_$_DFFE_PN0N__Q:CK (DFFR_X1)                                                                                 |        | 0.001       | 0.000      | 0.000      |             | 0.000  | 0.000r          |
| clock clk (rise edge)                                                                                                            |        |             |            |            |             | 0      | 0               |
| clock network delay (ideal)                                                                                                      |        |             |            |            |             | 0.000  | 0.000           |
| sa_activate_comp_reg_$_DFFE_PN0N__Q:CK (DFFR_X1)                                                                                 |        | 0.001       | 0.000      | 0.000      |             | 0.000  | 0.000r          |
| sa_activate_comp_reg_$_DFFE_PN0N__Q:Q (DFFR_X1)                                                                                  |        | 0.065       | 0.000      | 0.154      |             | 0.251  | 0.251r          |
| sa_activate_comp_reg (net)                                                                                                       | 28     |             |            |            | 0.000       |        |                 |
| fanout_buf_761:A (BUF_X8)                                                                                                        |        | 0.007       | 0.000      | 0.154      |             | 0.000  | 0.251r          |
| fanout_buf_761:Z (BUF_X8)                                                                                                        |        | 0.039       | 0.000      | 0.018      |             | 0.041  | 0.292r          |
| fanout_net_761 (net)                                                                                                             | 30     |             |            |            | 0.000       |        |                 |
| _199988_:A (INV_X2)                                                                                                              |        | 0.003       | 0.000      | 0.018      |             | 0.000  | 0.292r          |
| _199988_:ZN (INV_X2)                                                                                                             |        | 0.020       | 0.000      | 0.013      |             | 0.023  | 0.315f          |
| _120009_ (net)                                                                                                                   | 5      |             |            |            | 0.000       |        |                 |
| _199989_:A1 (NOR2_X2)                                                                                                            |        | 0.003       | 0.000      | 0.013      |             | 0.000  | 0.315f          |
| _199989_:ZN (NOR2_X2)                                                                                                            |        | 0.027       | 0.000      | 0.070      |             | 0.085  | 0.400r          |
| _120010_ (net)                                                                                                                   | 8      |             |            |            | 0.000       |        |                 |
| _201752_:A1 (NOR2_X1)                                                                                                            |        | 0.002       | 0.000      | 0.070      |             | 0.000  | 0.400r          |
| _201752_:ZN (NOR2_X1)                                                                                                            |        | 0.006       | 0.000      | 0.021      |             | 0.024  | 0.425f          |
| _121132_ (net)                                                                                                                   | 1      |             |            |            | 0.000       |        |                 |
| _201753_:A (BUF_X8)                                                                                                              |        | 0.007       | 0.000      | 0.021      |             | 0.000  | 0.425f          |
| _201753_:Z (BUF_X8)                                                                                                              |        | 0.033       | 0.000      | 0.008      |             | 0.036  | 0.460f          |
| _121133_ (net)                                                                                                                   | 10     |             |            |            | 0.000       |        |                 |
| _201754_:A (BUF_X4)                                                                                                              |        | 0.003       | 0.000      | 0.008      |             | 0.000  | 0.460f          |
| _201754_:Z (BUF_X4)                                                                                                              |        | 0.026       | 0.000      | 0.010      |             | 0.032  | 0.492f          |
| _121134_ (net)                                                                                                                   | 10     |             |            |            | 0.000       |        |                 |
| _208526_:A (BUF_X4)                                                                                                              |        | 0.003       | 0.000      | 0.010      |             | 0.000  | 0.492f          |
| _208526_:Z (BUF_X4)                                                                                                              |        | 0.016       | 0.000      | 0.008      |             | 0.029  | 0.521f          |
| _127319_ (net)                                                                                                                   | 10     |             |            |            | 0.000       |        |                 |
| _209839_:A2 (NOR2_X1)                                                                                                            |        | 0.002       | 0.000      | 0.008      |             | 0.000  | 0.521f          |
| _209839_:ZN (NOR2_X1)                                                                                                            |        | 0.001       | 0.000      | 0.013      |             | 0.024  | 0.545r          |
| u_systolic_array.pe_row[0].pe_col[6].u_pe_inst.pe_calculation_done_latch_$_OR__B_Y_$_ANDNOT__B_Y_$_OR__A_Y_$_ANDNOT__B_1_Y (net) | 1      |             |            |            | 0.000       |        |                 |
| _374100_:E (CLKGATE_X1)                                                                                                          |        | 0.001       | 0.000      | 0.013      |             | 0.000  | 0.545r          |
|                                                                                                                                  |        |             |            |            |             |        |                 |
| clk (port)                                                                                                                       |        | 1.783       | 0.000      | 0.000      |             | 0.000  | 0.000r          |
| clk (clock net)                                                                                                                  | 1106   |             |            |            | NA          |        |                 |
| _374100_:CK (CLKGATE_X1)                                                                                                         |        | 0.002       | 0.000      | 0.000      |             | 0.000  | 0.000r          |
| clock clk (rise edge)                                                                                                            |        |             |            |            |             | 1.13   | 1.13            |
| clock network delay (ideal)                                                                                                      |        |             |            |            |             | 0.000  | 1.130           |
| _374100_:CK (CLKGATE_X1)                                                                                                         |        |             |            |            |             |        | 1.130r          |
| library setup time                                                                                                               |        |             |            |            |             | -0.050 | 1.080           |
| clock reconvergence pessimism                                                                                                    |        |             |            |            |             | 0.000  | 1.080           |
|                                                                                                                                  |        |             |            |            |             |        |                 |
| path cell delay                                                                                                                  |        |             |            |            |             |        | 0.545(100.000%) |
| path net delay                                                                                                                   |        |             |            |            |             |        | 0.000(0.000%)   |
|                                                                                                                                  |        |             |            |            |             |        |                 |
| data require time                                                                                                                |        |             |            |            |             |        | 1.080           |
| data arrival time                                                                                                                |        |             |            |            |             |        | 0.545           |
| slack (MET)                                                                                                                      |        |             |            |            |             |        | 0.534           |
+----------------------------------------------------------------------------------------------------------------------------------+--------+-------------+------------+------------+-------------+--------+-----------------+
+------------------------------------------------------------------------------------------------------------------------------------+--------+-------------+------------+------------+-------------+--------+-----------------+
| Point                                                                                                                              | Fanout | Capacitance | Resistance | Transition | Delta Delay | Incr   | Path            |
+------------------------------------------------------------------------------------------------------------------------------------+--------+-------------+------------+------------+-------------+--------+-----------------+
| clk (port)                                                                                                                         |        | 1.783       | 0.000      | 0.000      |             | 0.000  | 0.000r          |
| clk (clock net)                                                                                                                    | 1106   |             |            |            | NA          |        |                 |
| _374411_:CK (CLKGATE_X1)                                                                                                           |        | 0.002       | 0.000      | 0.000      |             | 0.000  | 0.000r          |
| _374411_:GCK (CLKGATE_X1)                                                                                                          |        | 0.001       | 0.000      | 0.000      |             | 0.000  | 0.000r          |
| _169123_ (clock net)                                                                                                               | 1      |             |            |            | NA          |        |                 |
| sa_activate_comp_reg_$_DFFE_PN0N__Q:CK (DFFR_X1)                                                                                   |        | 0.001       | 0.000      | 0.000      |             | 0.000  | 0.000r          |
| clock clk (rise edge)                                                                                                              |        |             |            |            |             | 0      | 0               |
| clock network delay (ideal)                                                                                                        |        |             |            |            |             | 0.000  | 0.000           |
| sa_activate_comp_reg_$_DFFE_PN0N__Q:CK (DFFR_X1)                                                                                   |        | 0.001       | 0.000      | 0.000      |             | 0.000  | 0.000r          |
| sa_activate_comp_reg_$_DFFE_PN0N__Q:Q (DFFR_X1)                                                                                    |        | 0.065       | 0.000      | 0.154      |             | 0.251  | 0.251r          |
| sa_activate_comp_reg (net)                                                                                                         | 28     |             |            |            | 0.000       |        |                 |
| fanout_buf_761:A (BUF_X8)                                                                                                          |        | 0.007       | 0.000      | 0.154      |             | 0.000  | 0.251r          |
| fanout_buf_761:Z (BUF_X8)                                                                                                          |        | 0.039       | 0.000      | 0.018      |             | 0.041  | 0.292r          |
| fanout_net_761 (net)                                                                                                               | 30     |             |            |            | 0.000       |        |                 |
| _199988_:A (INV_X2)                                                                                                                |        | 0.003       | 0.000      | 0.018      |             | 0.000  | 0.292r          |
| _199988_:ZN (INV_X2)                                                                                                               |        | 0.020       | 0.000      | 0.013      |             | 0.023  | 0.315f          |
| _120009_ (net)                                                                                                                     | 5      |             |            |            | 0.000       |        |                 |
| _199989_:A1 (NOR2_X2)                                                                                                              |        | 0.003       | 0.000      | 0.013      |             | 0.000  | 0.315f          |
| _199989_:ZN (NOR2_X2)                                                                                                              |        | 0.027       | 0.000      | 0.070      |             | 0.085  | 0.400r          |
| _120010_ (net)                                                                                                                     | 8      |             |            |            | 0.000       |        |                 |
| _201752_:A1 (NOR2_X1)                                                                                                              |        | 0.002       | 0.000      | 0.070      |             | 0.000  | 0.400r          |
| _201752_:ZN (NOR2_X1)                                                                                                              |        | 0.006       | 0.000      | 0.021      |             | 0.024  | 0.425f          |
| _121132_ (net)                                                                                                                     | 1      |             |            |            | 0.000       |        |                 |
| _201753_:A (BUF_X8)                                                                                                                |        | 0.007       | 0.000      | 0.021      |             | 0.000  | 0.425f          |
| _201753_:Z (BUF_X8)                                                                                                                |        | 0.033       | 0.000      | 0.008      |             | 0.036  | 0.460f          |
| _121133_ (net)                                                                                                                     | 10     |             |            |            | 0.000       |        |                 |
| _201754_:A (BUF_X4)                                                                                                                |        | 0.003       | 0.000      | 0.008      |             | 0.000  | 0.460f          |
| _201754_:Z (BUF_X4)                                                                                                                |        | 0.026       | 0.000      | 0.010      |             | 0.032  | 0.492f          |
| _121134_ (net)                                                                                                                     | 10     |             |            |            | 0.000       |        |                 |
| _222033_:A (BUF_X4)                                                                                                                |        | 0.003       | 0.000      | 0.010      |             | 0.000  | 0.492f          |
| _222033_:Z (BUF_X4)                                                                                                                |        | 0.016       | 0.000      | 0.008      |             | 0.029  | 0.521f          |
| _139646_ (net)                                                                                                                     | 10     |             |            |            | 0.000       |        |                 |
| _224058_:A2 (NOR2_X1)                                                                                                              |        | 0.002       | 0.000      | 0.008      |             | 0.000  | 0.521f          |
| _224058_:ZN (NOR2_X1)                                                                                                              |        | 0.001       | 0.000      | 0.013      |             | 0.024  | 0.545r          |
| u_systolic_array.pe_row[11].pe_col[10].u_pe_inst.pe_calculation_done_latch_$_OR__B_Y_$_ANDNOT__B_Y_$_OR__A_Y_$_ANDNOT__B_1_Y (net) | 1      |             |            |            | 0.000       |        |                 |
| _374058_:E (CLKGATE_X1)                                                                                                            |        | 0.001       | 0.000      | 0.013      |             | 0.000  | 0.545r          |
|                                                                                                                                    |        |             |            |            |             |        |                 |
| clk (port)                                                                                                                         |        | 1.783       | 0.000      | 0.000      |             | 0.000  | 0.000r          |
| clk (clock net)                                                                                                                    | 1106   |             |            |            | NA          |        |                 |
| _374058_:CK (CLKGATE_X1)                                                                                                           |        | 0.002       | 0.000      | 0.000      |             | 0.000  | 0.000r          |
| clock clk (rise edge)                                                                                                              |        |             |            |            |             | 1.13   | 1.13            |
| clock network delay (ideal)                                                                                                        |        |             |            |            |             | 0.000  | 1.130           |
| _374058_:CK (CLKGATE_X1)                                                                                                           |        |             |            |            |             |        | 1.130r          |
| library setup time                                                                                                                 |        |             |            |            |             | -0.050 | 1.080           |
| clock reconvergence pessimism                                                                                                      |        |             |            |            |             | 0.000  | 1.080           |
|                                                                                                                                    |        |             |            |            |             |        |                 |
| path cell delay                                                                                                                    |        |             |            |            |             |        | 0.545(100.000%) |
| path net delay                                                                                                                     |        |             |            |            |             |        | 0.000(0.000%)   |
|                                                                                                                                    |        |             |            |            |             |        |                 |
| data require time                                                                                                                  |        |             |            |            |             |        | 1.080           |
| data arrival time                                                                                                                  |        |             |            |            |             |        | 0.545           |
| slack (MET)                                                                                                                        |        |             |            |            |             |        | 0.534           |
+------------------------------------------------------------------------------------------------------------------------------------+--------+-------------+------------+------------+-------------+--------+-----------------+
+-------------------------------------------------------------+--------+-------------+------------+------------+-------------+--------+-----------------+
| Point                                                       | Fanout | Capacitance | Resistance | Transition | Delta Delay | Incr   | Path            |
+-------------------------------------------------------------+--------+-------------+------------+------------+-------------+--------+-----------------+
| clk (port)                                                  |        | 1.783       | 0.000      | 0.000      |             | 0.000  | 0.000r          |
| clk (clock net)                                             | 1106   |             |            |            | NA          |        |                 |
| _374423_:CK (CLKGATE_X1)                                    |        | 0.002       | 0.000      | 0.000      |             | 0.000  | 0.000r          |
| _374423_:GCK (CLKGATE_X1)                                   |        | 0.003       | 0.000      | 0.000      |             | 0.000  | 0.000r          |
| _169135_ (clock net)                                        | 3      |             |            |            | NA          |        |                 |
| c_store_word_in_row_idx_reg_$_DFFE_PN0P__Q:CK (DFFR_X1)     |        | 0.001       | 0.000      | 0.000      |             | 0.000  | 0.000r          |
| clock clk (rise edge)                                       |        |             |            |            |             | 0      | 0               |
| clock network delay (ideal)                                 |        |             |            |            |             | 0.000  | 0.000           |
| c_store_word_in_row_idx_reg_$_DFFE_PN0P__Q:CK (DFFR_X1)     |        | 0.001       | 0.000      | 0.000      |             | 0.000  | 0.000r          |
| c_store_word_in_row_idx_reg_$_DFFE_PN0P__Q:QN (DFFR_X1)     |        | 0.003       | 0.000      | 0.013      |             | 0.069  | 0.069r          |
| c_store_word_in_row_idx_next_$_ANDNOT__Y_B_$_XOR__Y_B (net) | 2      |             |            |            | 0.000       |        |                 |
| _189788_:B1 (AOI21_X1)                                      |        | 0.002       | 0.000      | 0.013      |             | 0.000  | 0.069r          |
| _189788_:ZN (AOI21_X1)                                      |        | 0.001       | 0.000      | 0.008      |             | 0.016  | 0.085f          |
| c_store_word_in_row_idx_next[2] (net)                       | 1      |             |            |            | 0.000       |        |                 |
| c_store_word_in_row_idx_reg_$_DFFE_PN0P__Q:D (DFFR_X1)      |        | 0.001       | 0.000      | 0.008      |             | 0.000  | 0.085f          |
|                                                             |        |             |            |            |             |        |                 |
| clk (port)                                                  |        | 1.783       | 0.000      | 0.000      |             | 0.000  | 0.000r          |
| clk (clock net)                                             | 1106   |             |            |            | NA          |        |                 |
| _374423_:CK (CLKGATE_X1)                                    |        | 0.002       | 0.000      | 0.000      |             | 0.000  | 0.000r          |
| _374423_:GCK (CLKGATE_X1)                                   |        | 0.003       | 0.000      | 0.000      |             | 0.000  | 0.000r          |
| _169135_ (clock net)                                        | 3      |             |            |            | NA          |        |                 |
| c_store_word_in_row_idx_reg_$_DFFE_PN0P__Q:CK (DFFR_X1)     |        | 0.001       | 0.000      | 0.000      |             | 0.000  | 0.000r          |
| clock clk (rise edge)                                       |        |             |            |            |             | 0      | 0               |
| clock network delay (ideal)                                 |        |             |            |            |             | 0.000  | 0.000           |
| c_store_word_in_row_idx_reg_$_DFFE_PN0P__Q:CK (DFFR_X1)     |        |             |            |            |             |        | 0.000r          |
| library hold time                                           |        |             |            |            |             | 0.003  | 0.003           |
| clock reconvergence pessimism                               |        |             |            |            |             | -0.000 | 0.003           |
|                                                             |        |             |            |            |             |        |                 |
| path cell delay                                             |        |             |            |            |             |        | 0.085(100.000%) |
| path net delay                                              |        |             |            |            |             |        | 0.000(0.000%)   |
|                                                             |        |             |            |            |             |        |                 |
| data require time                                           |        |             |            |            |             |        | 0.003           |
| data arrival time                                           |        |             |            |            |             |        | 0.085           |
| slack (MET)                                                 |        |             |            |            |             |        | 0.082           |
+-------------------------------------------------------------+--------+-------------+------------+------------+-------------+--------+-----------------+
+-------------------------------------------------------------+--------+-------------+------------+------------+-------------+--------+-----------------+
| Point                                                       | Fanout | Capacitance | Resistance | Transition | Delta Delay | Incr   | Path            |
+-------------------------------------------------------------+--------+-------------+------------+------------+-------------+--------+-----------------+
| clk (port)                                                  |        | 1.783       | 0.000      | 0.000      |             | 0.000  | 0.000r          |
| clk (clock net)                                             | 1106   |             |            |            | NA          |        |                 |
| _374423_:CK (CLKGATE_X1)                                    |        | 0.002       | 0.000      | 0.000      |             | 0.000  | 0.000r          |
| _374423_:GCK (CLKGATE_X1)                                   |        | 0.003       | 0.000      | 0.000      |             | 0.000  | 0.000r          |
| _169135_ (clock net)                                        | 3      |             |            |            | NA          |        |                 |
| c_store_word_in_row_idx_reg_$_DFFE_PN0P__Q:CK (DFFR_X1)     |        | 0.001       | 0.000      | 0.000      |             | 0.000  | 0.000r          |
| clock clk (rise edge)                                       |        |             |            |            |             | 0      | 0               |
| clock network delay (ideal)                                 |        |             |            |            |             | 0.000  | 0.000           |
| c_store_word_in_row_idx_reg_$_DFFE_PN0P__Q:CK (DFFR_X1)     |        | 0.001       | 0.000      | 0.000      |             | 0.000  | 0.000r          |
| c_store_word_in_row_idx_reg_$_DFFE_PN0P__Q:QN (DFFR_X1)     |        | 0.003       | 0.000      | 0.013      |             | 0.069  | 0.069r          |
| c_store_word_in_row_idx_next_$_ANDNOT__Y_B_$_XOR__Y_B (net) | 2      |             |            |            | 0.000       |        |                 |
| _189788_:B1 (AOI21_X1)                                      |        | 0.002       | 0.000      | 0.013      |             | 0.000  | 0.069r          |
| _189788_:ZN (AOI21_X1)                                      |        | 0.001       | 0.000      | 0.008      |             | 0.016  | 0.085f          |
| c_store_word_in_row_idx_next[2] (net)                       | 1      |             |            |            | 0.000       |        |                 |
| c_store_word_in_row_idx_reg_$_DFFE_PN0P__Q:D (DFFR_X1)      |        | 0.001       | 0.000      | 0.008      |             | 0.000  | 0.085f          |
|                                                             |        |             |            |            |             |        |                 |
| clk (port)                                                  |        | 1.783       | 0.000      | 0.000      |             | 0.000  | 0.000r          |
| clk (clock net)                                             | 1106   |             |            |            | NA          |        |                 |
| _374423_:CK (CLKGATE_X1)                                    |        | 0.002       | 0.000      | 0.000      |             | 0.000  | 0.000r          |
| _374423_:GCK (CLKGATE_X1)                                   |        | 0.003       | 0.000      | 0.000      |             | 0.000  | 0.000r          |
| _169135_ (clock net)                                        | 3      |             |            |            | NA          |        |                 |
| c_store_word_in_row_idx_reg_$_DFFE_PN0P__Q:CK (DFFR_X1)     |        | 0.001       | 0.000      | 0.000      |             | 0.000  | 0.000r          |
| clock clk (rise edge)                                       |        |             |            |            |             | 0      | 0               |
| clock network delay (ideal)                                 |        |             |            |            |             | 0.000  | 0.000           |
| c_store_word_in_row_idx_reg_$_DFFE_PN0P__Q:CK (DFFR_X1)     |        |             |            |            |             |        | 0.000r          |
| library hold time                                           |        |             |            |            |             | 0.003  | 0.003           |
| clock reconvergence pessimism                               |        |             |            |            |             | -0.000 | 0.003           |
|                                                             |        |             |            |            |             |        |                 |
| path cell delay                                             |        |             |            |            |             |        | 0.085(100.000%) |
| path net delay                                              |        |             |            |            |             |        | 0.000(0.000%)   |
|                                                             |        |             |            |            |             |        |                 |
| data require time                                           |        |             |            |            |             |        | 0.003           |
| data arrival time                                           |        |             |            |            |             |        | 0.085           |
| slack (MET)                                                 |        |             |            |            |             |        | 0.082           |
+-------------------------------------------------------------+--------+-------------+------------+------------+-------------+--------+-----------------+
+--------------------------------------------------------------------------------------------------------------+--------+-------------+------------+------------+-------------+--------+-----------------+
| Point                                                                                                        | Fanout | Capacitance | Resistance | Transition | Delta Delay | Incr   | Path            |
+--------------------------------------------------------------------------------------------------------------+--------+-------------+------------+------------+-------------+--------+-----------------+
| clk (port)                                                                                                   |        | 1.783       | 0.000      | 0.000      |             | 0.000  | 0.000r          |
| clk (clock net)                                                                                              | 1106   |             |            |            | NA          |        |                 |
| _374411_:CK (CLKGATE_X1)                                                                                     |        | 0.002       | 0.000      | 0.000      |             | 0.000  | 0.000r          |
| _374411_:GCK (CLKGATE_X1)                                                                                    |        | 0.001       | 0.000      | 0.000      |             | 0.000  | 0.000r          |
| _169123_ (clock net)                                                                                         | 1      |             |            |            | NA          |        |                 |
| sa_activate_comp_reg_$_DFFE_PN0N__Q:CK (DFFR_X1)                                                             |        | 0.001       | 0.000      | 0.000      |             | 0.000  | 0.000r          |
| clock clk (rise edge)                                                                                        |        |             |            |            |             | 0      | 0               |
| clock network delay (ideal)                                                                                  |        |             |            |            |             | 0.000  | 0.000           |
| sa_activate_comp_reg_$_DFFE_PN0N__Q:CK (DFFR_X1)                                                             |        | 0.001       | 0.000      | 0.000      |             | 0.000  | 0.000r          |
| sa_activate_comp_reg_$_DFFE_PN0N__Q:QN (DFFR_X1)                                                             |        | 0.003       | 0.000      | 0.015      |             | 0.072  | 0.072r          |
| u_systolic_array.pe_row[9].pe_col[9].u_pe_inst.result_valid_reg_$_DFF_PN0__Q_D_$_ANDNOT__Y_B_$_OR__Y_B (net) | 2      |             |            |            | 0.000       |        |                 |
| _368220_:A3 (NOR3_X1)                                                                                        |        | 0.002       | 0.000      | 0.015      |             | 0.000  | 0.072r          |
| _368220_:ZN (NOR3_X1)                                                                                        |        | 0.001       | 0.000      | 0.005      |             | 0.013  | 0.085f          |
| u_systolic_array.pe_row[9].pe_col[1].u_pe_inst.result_valid_reg_$_DFF_PN0__Q_D (net)                         | 1      |             |            |            | 0.000       |        |                 |
| u_systolic_array.pe_row[9].pe_col[1].u_pe_inst.result_valid_reg_$_DFF_PN0__Q:D (DFFR_X1)                     |        | 0.001       | 0.000      | 0.005      |             | 0.000  | 0.085f          |
|                                                                                                              |        |             |            |            |             |        |                 |
| clk (port)                                                                                                   |        | 1.783       | 0.000      | 0.000      |             | 0.000  | 0.000r          |
| clk (clock net)                                                                                              | 1106   |             |            |            | NA          |        |                 |
| u_systolic_array.pe_row[9].pe_col[1].u_pe_inst.result_valid_reg_$_DFF_PN0__Q:CK (DFFR_X1)                    |        | 0.001       | 0.000      | 0.000      |             | 0.000  | 0.000r          |
| clock clk (rise edge)                                                                                        |        |             |            |            |             | 0      | 0               |
| clock network delay (ideal)                                                                                  |        |             |            |            |             | 0.000  | 0.000           |
| u_systolic_array.pe_row[9].pe_col[1].u_pe_inst.result_valid_reg_$_DFF_PN0__Q:CK (DFFR_X1)                    |        |             |            |            |             |        | 0.000r          |
| library hold time                                                                                            |        |             |            |            |             | 0.003  | 0.003           |
| clock reconvergence pessimism                                                                                |        |             |            |            |             | -0.000 | 0.003           |
|                                                                                                              |        |             |            |            |             |        |                 |
| path cell delay                                                                                              |        |             |            |            |             |        | 0.085(100.000%) |
| path net delay                                                                                               |        |             |            |            |             |        | 0.000(0.000%)   |
|                                                                                                              |        |             |            |            |             |        |                 |
| data require time                                                                                            |        |             |            |            |             |        | 0.003           |
| data arrival time                                                                                            |        |             |            |            |             |        | 0.085           |
| slack (MET)                                                                                                  |        |             |            |            |             |        | 0.082           |
+--------------------------------------------------------------------------------------------------------------+--------+-------------+------------+------------+-------------+--------+-----------------+
+---------------------------------------------------------------------------------------------------+--------+-------------+------------+------------+-------------+--------+-----------------+
| Point                                                                                             | Fanout | Capacitance | Resistance | Transition | Delta Delay | Incr   | Path            |
+---------------------------------------------------------------------------------------------------+--------+-------------+------------+------------+-------------+--------+-----------------+
| clk (port)                                                                                        |        | 1.783       | 0.000      | 0.000      |             | 0.000  | 0.000r          |
| clk (clock net)                                                                                   | 1106   |             |            |            | NA          |        |                 |
| _374126_:CK (CLKGATE_X1)                                                                          |        | 0.002       | 0.000      | 0.000      |             | 0.000  | 0.000r          |
| _374126_:GCK (CLKGATE_X1)                                                                         |        | 8.353       | 0.000      | 0.000      |             | 0.000  | 0.000r          |
| _168838_ (clock net)                                                                              | 8553   |             |            |            | NA          |        |                 |
| u_systolic_array.pe_row[8].pe_col[7].u_pe_inst.b_valid_for_output_reg_$_DFFE_PN0P__Q:CK (DFFR_X1) |        | 0.001       | 0.000      | 0.000      |             | 0.000  | 0.000r          |
| clock clk (rise edge)                                                                             |        |             |            |            |             | 0      | 0               |
| clock network delay (ideal)                                                                       |        |             |            |            |             | 0.000  | 0.000           |
| u_systolic_array.pe_row[8].pe_col[7].u_pe_inst.b_valid_for_output_reg_$_DFFE_PN0P__Q:CK (DFFR_X1) |        | 0.001       | 0.000      | 0.000      |             | 0.000  | 0.000r          |
| u_systolic_array.pe_row[8].pe_col[7].u_pe_inst.b_valid_for_output_reg_$_DFFE_PN0P__Q:Q (DFFR_X1)  |        | 0.002       | 0.000      | 0.007      |             | 0.085  | 0.085f          |
| u_systolic_array.a_valid_wires[143][0] (net)                                                      | 2      |             |            |            | 0.000       |        |                 |
| u_systolic_array.pe_row[9].pe_col[7].u_pe_inst.b_valid_for_output_reg_$_DFFE_PN0P__Q:D (DFFR_X1)  |        | 0.001       | 0.000      | 0.007      |             | 0.000  | 0.085f          |
|                                                                                                   |        |             |            |            |             |        |                 |
| clk (port)                                                                                        |        | 1.783       | 0.000      | 0.000      |             | 0.000  | 0.000r          |
| clk (clock net)                                                                                   | 1106   |             |            |            | NA          |        |                 |
| _374126_:CK (CLKGATE_X1)                                                                          |        | 0.002       | 0.000      | 0.000      |             | 0.000  | 0.000r          |
| _374126_:GCK (CLKGATE_X1)                                                                         |        | 8.353       | 0.000      | 0.000      |             | 0.000  | 0.000r          |
| _168838_ (clock net)                                                                              | 8553   |             |            |            | NA          |        |                 |
| u_systolic_array.pe_row[9].pe_col[7].u_pe_inst.b_valid_for_output_reg_$_DFFE_PN0P__Q:CK (DFFR_X1) |        | 0.001       | 0.000      | 0.000      |             | 0.000  | 0.000r          |
| clock clk (rise edge)                                                                             |        |             |            |            |             | 0      | 0               |
| clock network delay (ideal)                                                                       |        |             |            |            |             | 0.000  | 0.000           |
| u_systolic_array.pe_row[9].pe_col[7].u_pe_inst.b_valid_for_output_reg_$_DFFE_PN0P__Q:CK (DFFR_X1) |        |             |            |            |             |        | 0.000r          |
| library hold time                                                                                 |        |             |            |            |             | 0.003  | 0.003           |
| clock reconvergence pessimism                                                                     |        |             |            |            |             | -0.000 | 0.003           |
|                                                                                                   |        |             |            |            |             |        |                 |
| path cell delay                                                                                   |        |             |            |            |             |        | 0.085(100.000%) |
| path net delay                                                                                    |        |             |            |            |             |        | 0.000(0.000%)   |
|                                                                                                   |        |             |            |            |             |        |                 |
| data require time                                                                                 |        |             |            |            |             |        | 0.003           |
| data arrival time                                                                                 |        |             |            |            |             |        | 0.085           |
| slack (MET)                                                                                       |        |             |            |            |             |        | 0.082           |
+---------------------------------------------------------------------------------------------------+--------+-------------+------------+------------+-------------+--------+-----------------+
+---------------------------------------------------------------------------------------------------+--------+-------------+------------+------------+-------------+--------+-----------------+
| Point                                                                                             | Fanout | Capacitance | Resistance | Transition | Delta Delay | Incr   | Path            |
+---------------------------------------------------------------------------------------------------+--------+-------------+------------+------------+-------------+--------+-----------------+
| clk (port)                                                                                        |        | 1.783       | 0.000      | 0.000      |             | 0.000  | 0.000r          |
| clk (clock net)                                                                                   | 1106   |             |            |            | NA          |        |                 |
| _374126_:CK (CLKGATE_X1)                                                                          |        | 0.002       | 0.000      | 0.000      |             | 0.000  | 0.000r          |
| _374126_:GCK (CLKGATE_X1)                                                                         |        | 8.353       | 0.000      | 0.000      |             | 0.000  | 0.000r          |
| _168838_ (clock net)                                                                              | 8553   |             |            |            | NA          |        |                 |
| u_systolic_array.pe_row[8].pe_col[5].u_pe_inst.b_valid_for_output_reg_$_DFFE_PN0P__Q:CK (DFFR_X1) |        | 0.001       | 0.000      | 0.000      |             | 0.000  | 0.000r          |
| clock clk (rise edge)                                                                             |        |             |            |            |             | 0      | 0               |
| clock network delay (ideal)                                                                       |        |             |            |            |             | 0.000  | 0.000           |
| u_systolic_array.pe_row[8].pe_col[5].u_pe_inst.b_valid_for_output_reg_$_DFFE_PN0P__Q:CK (DFFR_X1) |        | 0.001       | 0.000      | 0.000      |             | 0.000  | 0.000r          |
| u_systolic_array.pe_row[8].pe_col[5].u_pe_inst.b_valid_for_output_reg_$_DFFE_PN0P__Q:Q (DFFR_X1)  |        | 0.002       | 0.000      | 0.007      |             | 0.085  | 0.085f          |
| u_systolic_array.a_valid_wires[177][0] (net)                                                      | 2      |             |            |            | 0.000       |        |                 |
| u_systolic_array.pe_row[9].pe_col[5].u_pe_inst.b_valid_for_output_reg_$_DFFE_PN0P__Q:D (DFFR_X1)  |        | 0.001       | 0.000      | 0.007      |             | 0.000  | 0.085f          |
|                                                                                                   |        |             |            |            |             |        |                 |
| clk (port)                                                                                        |        | 1.783       | 0.000      | 0.000      |             | 0.000  | 0.000r          |
| clk (clock net)                                                                                   | 1106   |             |            |            | NA          |        |                 |
| _374126_:CK (CLKGATE_X1)                                                                          |        | 0.002       | 0.000      | 0.000      |             | 0.000  | 0.000r          |
| _374126_:GCK (CLKGATE_X1)                                                                         |        | 8.353       | 0.000      | 0.000      |             | 0.000  | 0.000r          |
| _168838_ (clock net)                                                                              | 8553   |             |            |            | NA          |        |                 |
| u_systolic_array.pe_row[9].pe_col[5].u_pe_inst.b_valid_for_output_reg_$_DFFE_PN0P__Q:CK (DFFR_X1) |        | 0.001       | 0.000      | 0.000      |             | 0.000  | 0.000r          |
| clock clk (rise edge)                                                                             |        |             |            |            |             | 0      | 0               |
| clock network delay (ideal)                                                                       |        |             |            |            |             | 0.000  | 0.000           |
| u_systolic_array.pe_row[9].pe_col[5].u_pe_inst.b_valid_for_output_reg_$_DFFE_PN0P__Q:CK (DFFR_X1) |        |             |            |            |             |        | 0.000r          |
| library hold time                                                                                 |        |             |            |            |             | 0.003  | 0.003           |
| clock reconvergence pessimism                                                                     |        |             |            |            |             | -0.000 | 0.003           |
|                                                                                                   |        |             |            |            |             |        |                 |
| path cell delay                                                                                   |        |             |            |            |             |        | 0.085(100.000%) |
| path net delay                                                                                    |        |             |            |            |             |        | 0.000(0.000%)   |
|                                                                                                   |        |             |            |            |             |        |                 |
| data require time                                                                                 |        |             |            |            |             |        | 0.003           |
| data arrival time                                                                                 |        |             |            |            |             |        | 0.085           |
| slack (MET)                                                                                       |        |             |            |            |             |        | 0.082           |
+---------------------------------------------------------------------------------------------------+--------+-------------+------------+------------+-------------+--------+-----------------+
+--------------------------------------------+--------+-------------+------------+------------+-------------+--------+-----------------+
| Point                                      | Fanout | Capacitance | Resistance | Transition | Delta Delay | Incr   | Path            |
+--------------------------------------------+--------+-------------+------------+------------+-------------+--------+-----------------+
| clk (port)                                 |        | 1.783       | 0.000      | 0.000      |             | 0.000  | 0.000r          |
| clk (clock net)                            | 1106   |             |            |            | NA          |        |                 |
| tile_a_sram_we_o_$_DFF_PN0__Q:CK (DFFR_X1) |        | 0.001       | 0.000      | 0.000      |             | 0.000  | 0.000r          |
| clock clk (rise edge)                      |        |             |            |            |             | 0      | 0               |
| clock network delay (ideal)                |        |             |            |            |             | 0.000  | 0.000           |
| tile_a_sram_we_o_$_DFF_PN0__Q:CK (DFFR_X1) |        | 0.001       | 0.000      | 0.000      |             | 0.000  | 0.000r          |
| tile_a_sram_we_o_$_DFF_PN0__Q:Q (DFFR_X1)  |        | 0.002       | 0.000      | 0.007      |             | 0.085  | 0.085f          |
| tile_a_sram_we_o (net)                     | 2      |             |            |            | 0.000       |        |                 |
| _200143_:A2 (NOR2_X1)                      |        | 0.002       | 0.000      | 0.007      |             | 0.000  | 0.085f          |
| _200143_:ZN (NOR2_X1)                      |        | 0.001       | 0.000      | 0.012      |             | 0.024  | 0.109r          |
| tile_a_sram_we_o_$_ANDNOT__B_Y (net)       | 1      |             |            |            | 0.000       |        |                 |
| _374419_:E (CLKGATE_X1)                    |        | 0.001       | 0.000      | 0.012      |             | 0.000  | 0.109r          |
|                                            |        |             |            |            |             |        |                 |
| clk (port)                                 |        | 1.783       | 0.000      | 0.000      |             | 0.000  | 0.000r          |
| clk (clock net)                            | 1106   |             |            |            | NA          |        |                 |
| _374419_:CK (CLKGATE_X1)                   |        | 0.002       | 0.000      | 0.000      |             | 0.000  | 0.000r          |
| clock clk (rise edge)                      |        |             |            |            |             | 0      | 0               |
| clock network delay (ideal)                |        |             |            |            |             | 0.000  | 0.000           |
| _374419_:CK (CLKGATE_X1)                   |        |             |            |            |             |        | 0.000r          |
| library hold time                          |        |             |            |            |             | -0.001 | -0.001          |
| clock reconvergence pessimism              |        |             |            |            |             | -0.000 | -0.001          |
|                                            |        |             |            |            |             |        |                 |
| path cell delay                            |        |             |            |            |             |        | 0.109(100.000%) |
| path net delay                             |        |             |            |            |             |        | 0.000(0.000%)   |
|                                            |        |             |            |            |             |        |                 |
| data require time                          |        |             |            |            |             |        | -0.001          |
| data arrival time                          |        |             |            |            |             |        | 0.109           |
| slack (MET)                                |        |             |            |            |             |        | 0.109           |
+--------------------------------------------+--------+-------------+------------+------------+-------------+--------+-----------------+
+--------------------------------------------+--------+-------------+------------+------------+-------------+--------+-----------------+
| Point                                      | Fanout | Capacitance | Resistance | Transition | Delta Delay | Incr   | Path            |
+--------------------------------------------+--------+-------------+------------+------------+-------------+--------+-----------------+
| clk (port)                                 |        | 1.783       | 0.000      | 0.000      |             | 0.000  | 0.000r          |
| clk (clock net)                            | 1106   |             |            |            | NA          |        |                 |
| tile_b_sram_we_o_$_DFF_PN0__Q:CK (DFFR_X1) |        | 0.001       | 0.000      | 0.000      |             | 0.000  | 0.000r          |
| clock clk (rise edge)                      |        |             |            |            |             | 0      | 0               |
| clock network delay (ideal)                |        |             |            |            |             | 0.000  | 0.000           |
| tile_b_sram_we_o_$_DFF_PN0__Q:CK (DFFR_X1) |        | 0.001       | 0.000      | 0.000      |             | 0.000  | 0.000r          |
| tile_b_sram_we_o_$_DFF_PN0__Q:Q (DFFR_X1)  |        | 0.002       | 0.000      | 0.007      |             | 0.085  | 0.085f          |
| tile_b_sram_we_o (net)                     | 2      |             |            |            | 0.000       |        |                 |
| _200168_:A2 (NOR2_X1)                      |        | 0.002       | 0.000      | 0.007      |             | 0.000  | 0.085f          |
| _200168_:ZN (NOR2_X1)                      |        | 0.001       | 0.000      | 0.012      |             | 0.024  | 0.109r          |
| tile_b_sram_we_o_$_ANDNOT__B_Y (net)       | 1      |             |            |            | 0.000       |        |                 |
| _374418_:E (CLKGATE_X1)                    |        | 0.001       | 0.000      | 0.012      |             | 0.000  | 0.109r          |
|                                            |        |             |            |            |             |        |                 |
| clk (port)                                 |        | 1.783       | 0.000      | 0.000      |             | 0.000  | 0.000r          |
| clk (clock net)                            | 1106   |             |            |            | NA          |        |                 |
| _374418_:CK (CLKGATE_X1)                   |        | 0.002       | 0.000      | 0.000      |             | 0.000  | 0.000r          |
| clock clk (rise edge)                      |        |             |            |            |             | 0      | 0               |
| clock network delay (ideal)                |        |             |            |            |             | 0.000  | 0.000           |
| _374418_:CK (CLKGATE_X1)                   |        |             |            |            |             |        | 0.000r          |
| library hold time                          |        |             |            |            |             | -0.001 | -0.001          |
| clock reconvergence pessimism              |        |             |            |            |             | -0.000 | -0.001          |
|                                            |        |             |            |            |             |        |                 |
| path cell delay                            |        |             |            |            |             |        | 0.109(100.000%) |
| path net delay                             |        |             |            |            |             |        | 0.000(0.000%)   |
|                                            |        |             |            |            |             |        |                 |
| data require time                          |        |             |            |            |             |        | -0.001          |
| data arrival time                          |        |             |            |            |             |        | 0.109           |
| slack (MET)                                |        |             |            |            |             |        | 0.109           |
+--------------------------------------------+--------+-------------+------------+------------+-------------+--------+-----------------+
+--------------------------------------------------------------------------------------------------------------------------------+--------+-------------+------------+------------+-------------+--------+-----------------+
| Point                                                                                                                          | Fanout | Capacitance | Resistance | Transition | Delta Delay | Incr   | Path            |
+--------------------------------------------------------------------------------------------------------------------------------+--------+-------------+------------+------------+-------------+--------+-----------------+
| clk (port)                                                                                                                     |        | 1.783       | 0.000      | 0.000      |             | 0.000  | 0.000r          |
| clk (clock net)                                                                                                                | 1106   |             |            |            | NA          |        |                 |
| _374124_:CK (CLKGATE_X1)                                                                                                       |        | 0.002       | 0.000      | 0.000      |             | 0.000  | 0.000r          |
| _374124_:GCK (CLKGATE_X1)                                                                                                      |        | 0.383       | 0.000      | 0.000      |             | 0.000  | 0.000r          |
| _168836_ (clock net)                                                                                                           | 392    |             |            |            | NA          |        |                 |
| u_systolic_array.pe_row[9].pe_col[7].u_pe_inst.pe_calculation_done_latch_$_DFFE_PN0N__Q:CK (DFFR_X1)                           |        | 0.001       | 0.000      | 0.000      |             | 0.000  | 0.000r          |
| clock clk (rise edge)                                                                                                          |        |             |            |            |             | 0      | 0               |
| clock network delay (ideal)                                                                                                    |        |             |            |            |             | 0.000  | 0.000           |
| u_systolic_array.pe_row[9].pe_col[7].u_pe_inst.pe_calculation_done_latch_$_DFFE_PN0N__Q:CK (DFFR_X1)                           |        | 0.001       | 0.000      | 0.000      |             | 0.000  | 0.000r          |
| u_systolic_array.pe_row[9].pe_col[7].u_pe_inst.pe_calculation_done_latch_$_DFFE_PN0N__Q:QN (DFFR_X1)                           |        | 0.004       | 0.000      | 0.015      |             | 0.072  | 0.072r          |
| u_systolic_array.pe_row[9].pe_col[7].u_pe_inst.pe_calculation_done_latch_$_NOT__A_Y (net)                                      | 3      |             |            |            | 0.000       |        |                 |
| _372259_:B1 (OAI21_X1)                                                                                                         |        | 0.002       | 0.000      | 0.015      |             | 0.000  | 0.072r          |
| _372259_:ZN (OAI21_X1)                                                                                                         |        | 0.003       | 0.000      | 0.010      |             | 0.019  | 0.091f          |
| _108644_ (net)                                                                                                                 | 2      |             |            |            | 0.000       |        |                 |
| _372261_:A1 (NOR2_X1)                                                                                                          |        | 0.002       | 0.000      | 0.010      |             | 0.000  | 0.091f          |
| _372261_:ZN (NOR2_X1)                                                                                                          |        | 0.001       | 0.000      | 0.012      |             | 0.020  | 0.111r          |
| u_systolic_array.pe_row[9].pe_col[7].u_pe_inst.pe_calculation_done_latch_$_OR__B_Y_$_ANDNOT__B_Y_$_OR__A_Y_$_ANDNOT__B_Y (net) | 1      |             |            |            | 0.000       |        |                 |
| _373618_:E (CLKGATE_X1)                                                                                                        |        | 0.001       | 0.000      | 0.012      |             | 0.000  | 0.111r          |
|                                                                                                                                |        |             |            |            |             |        |                 |
| clk (port)                                                                                                                     |        | 1.783       | 0.000      | 0.000      |             | 0.000  | 0.000r          |
| clk (clock net)                                                                                                                | 1106   |             |            |            | NA          |        |                 |
| _373618_:CK (CLKGATE_X1)                                                                                                       |        | 0.002       | 0.000      | 0.000      |             | 0.000  | 0.000r          |
| clock clk (rise edge)                                                                                                          |        |             |            |            |             | 0      | 0               |
| clock network delay (ideal)                                                                                                    |        |             |            |            |             | 0.000  | 0.000           |
| _373618_:CK (CLKGATE_X1)                                                                                                       |        |             |            |            |             |        | 0.000r          |
| library hold time                                                                                                              |        |             |            |            |             | -0.001 | -0.001          |
| clock reconvergence pessimism                                                                                                  |        |             |            |            |             | -0.000 | -0.001          |
|                                                                                                                                |        |             |            |            |             |        |                 |
| path cell delay                                                                                                                |        |             |            |            |             |        | 0.111(100.000%) |
| path net delay                                                                                                                 |        |             |            |            |             |        | 0.000(0.000%)   |
|                                                                                                                                |        |             |            |            |             |        |                 |
| data require time                                                                                                              |        |             |            |            |             |        | -0.001          |
| data arrival time                                                                                                              |        |             |            |            |             |        | 0.111           |
| slack (MET)                                                                                                                    |        |             |            |            |             |        | 0.111           |
+--------------------------------------------------------------------------------------------------------------------------------+--------+-------------+------------+------------+-------------+--------+-----------------+
+---------------------------------------------------------------------------------------------------------------------------------+--------+-------------+------------+------------+-------------+--------+-----------------+
| Point                                                                                                                           | Fanout | Capacitance | Resistance | Transition | Delta Delay | Incr   | Path            |
+---------------------------------------------------------------------------------------------------------------------------------+--------+-------------+------------+------------+-------------+--------+-----------------+
| clk (port)                                                                                                                      |        | 1.783       | 0.000      | 0.000      |             | 0.000  | 0.000r          |
| clk (clock net)                                                                                                                 | 1106   |             |            |            | NA          |        |                 |
| _374124_:CK (CLKGATE_X1)                                                                                                        |        | 0.002       | 0.000      | 0.000      |             | 0.000  | 0.000r          |
| _374124_:GCK (CLKGATE_X1)                                                                                                       |        | 0.383       | 0.000      | 0.000      |             | 0.000  | 0.000r          |
| _168836_ (clock net)                                                                                                            | 392    |             |            |            | NA          |        |                 |
| u_systolic_array.pe_row[14].pe_col[2].u_pe_inst.pe_calculation_done_latch_$_DFFE_PN0N__Q:CK (DFFR_X1)                           |        | 0.001       | 0.000      | 0.000      |             | 0.000  | 0.000r          |
| clock clk (rise edge)                                                                                                           |        |             |            |            |             | 0      | 0               |
| clock network delay (ideal)                                                                                                     |        |             |            |            |             | 0.000  | 0.000           |
| u_systolic_array.pe_row[14].pe_col[2].u_pe_inst.pe_calculation_done_latch_$_DFFE_PN0N__Q:CK (DFFR_X1)                           |        | 0.001       | 0.000      | 0.000      |             | 0.000  | 0.000r          |
| u_systolic_array.pe_row[14].pe_col[2].u_pe_inst.pe_calculation_done_latch_$_DFFE_PN0N__Q:QN (DFFR_X1)                           |        | 0.004       | 0.000      | 0.015      |             | 0.072  | 0.072r          |
| u_systolic_array.pe_row[14].pe_col[2].u_pe_inst.pe_calculation_done_latch_$_NOT__A_Y (net)                                      | 3      |             |            |            | 0.000       |        |                 |
| _261130_:B1 (OAI21_X1)                                                                                                          |        | 0.002       | 0.000      | 0.015      |             | 0.000  | 0.072r          |
| _261130_:ZN (OAI21_X1)                                                                                                          |        | 0.003       | 0.000      | 0.010      |             | 0.019  | 0.091f          |
| _007045_ (net)                                                                                                                  | 2      |             |            |            | 0.000       |        |                 |
| _261132_:A1 (NOR2_X1)                                                                                                           |        | 0.002       | 0.000      | 0.010      |             | 0.000  | 0.091f          |
| _261132_:ZN (NOR2_X1)                                                                                                           |        | 0.001       | 0.000      | 0.012      |             | 0.020  | 0.111r          |
| u_systolic_array.pe_row[14].pe_col[2].u_pe_inst.pe_calculation_done_latch_$_OR__B_Y_$_ANDNOT__B_Y_$_OR__B_Y_$_ANDNOT__B_Y (net) | 1      |             |            |            | 0.000       |        |                 |
| _373948_:E (CLKGATE_X1)                                                                                                         |        | 0.001       | 0.000      | 0.012      |             | 0.000  | 0.111r          |
|                                                                                                                                 |        |             |            |            |             |        |                 |
| clk (port)                                                                                                                      |        | 1.783       | 0.000      | 0.000      |             | 0.000  | 0.000r          |
| clk (clock net)                                                                                                                 | 1106   |             |            |            | NA          |        |                 |
| _373948_:CK (CLKGATE_X1)                                                                                                        |        | 0.002       | 0.000      | 0.000      |             | 0.000  | 0.000r          |
| clock clk (rise edge)                                                                                                           |        |             |            |            |             | 0      | 0               |
| clock network delay (ideal)                                                                                                     |        |             |            |            |             | 0.000  | 0.000           |
| _373948_:CK (CLKGATE_X1)                                                                                                        |        |             |            |            |             |        | 0.000r          |
| library hold time                                                                                                               |        |             |            |            |             | -0.001 | -0.001          |
| clock reconvergence pessimism                                                                                                   |        |             |            |            |             | -0.000 | -0.001          |
|                                                                                                                                 |        |             |            |            |             |        |                 |
| path cell delay                                                                                                                 |        |             |            |            |             |        | 0.111(100.000%) |
| path net delay                                                                                                                  |        |             |            |            |             |        | 0.000(0.000%)   |
|                                                                                                                                 |        |             |            |            |             |        |                 |
| data require time                                                                                                               |        |             |            |            |             |        | -0.001          |
| data arrival time                                                                                                               |        |             |            |            |             |        | 0.111           |
| slack (MET)                                                                                                                     |        |             |            |            |             |        | 0.111           |
+---------------------------------------------------------------------------------------------------------------------------------+--------+-------------+------------+------------+-------------+--------+-----------------+
+---------------------------------------------------------------------------------------------------------------------------------+--------+-------------+------------+------------+-------------+--------+-----------------+
| Point                                                                                                                           | Fanout | Capacitance | Resistance | Transition | Delta Delay | Incr   | Path            |
+---------------------------------------------------------------------------------------------------------------------------------+--------+-------------+------------+------------+-------------+--------+-----------------+
| clk (port)                                                                                                                      |        | 1.783       | 0.000      | 0.000      |             | 0.000  | 0.000r          |
| clk (clock net)                                                                                                                 | 1106   |             |            |            | NA          |        |                 |
| _374124_:CK (CLKGATE_X1)                                                                                                        |        | 0.002       | 0.000      | 0.000      |             | 0.000  | 0.000r          |
| _374124_:GCK (CLKGATE_X1)                                                                                                       |        | 0.383       | 0.000      | 0.000      |             | 0.000  | 0.000r          |
| _168836_ (clock net)                                                                                                            | 392    |             |            |            | NA          |        |                 |
| u_systolic_array.pe_row[14].pe_col[7].u_pe_inst.pe_calculation_done_latch_$_DFFE_PN0N__Q:CK (DFFR_X1)                           |        | 0.001       | 0.000      | 0.000      |             | 0.000  | 0.000r          |
| clock clk (rise edge)                                                                                                           |        |             |            |            |             | 0      | 0               |
| clock network delay (ideal)                                                                                                     |        |             |            |            |             | 0.000  | 0.000           |
| u_systolic_array.pe_row[14].pe_col[7].u_pe_inst.pe_calculation_done_latch_$_DFFE_PN0N__Q:CK (DFFR_X1)                           |        | 0.001       | 0.000      | 0.000      |             | 0.000  | 0.000r          |
| u_systolic_array.pe_row[14].pe_col[7].u_pe_inst.pe_calculation_done_latch_$_DFFE_PN0N__Q:QN (DFFR_X1)                           |        | 0.004       | 0.000      | 0.015      |             | 0.072  | 0.072r          |
| u_systolic_array.pe_row[14].pe_col[7].u_pe_inst.pe_calculation_done_latch_$_NOT__A_Y (net)                                      | 3      |             |            |            | 0.000       |        |                 |
| _264520_:B1 (OAI21_X1)                                                                                                          |        | 0.002       | 0.000      | 0.015      |             | 0.000  | 0.072r          |
| _264520_:ZN (OAI21_X1)                                                                                                          |        | 0.003       | 0.000      | 0.010      |             | 0.019  | 0.091f          |
| _010148_ (net)                                                                                                                  | 2      |             |            |            | 0.000       |        |                 |
| _264522_:A1 (NOR2_X1)                                                                                                           |        | 0.002       | 0.000      | 0.010      |             | 0.000  | 0.091f          |
| _264522_:ZN (NOR2_X1)                                                                                                           |        | 0.001       | 0.000      | 0.012      |             | 0.020  | 0.111r          |
| u_systolic_array.pe_row[14].pe_col[7].u_pe_inst.pe_calculation_done_latch_$_OR__B_Y_$_ANDNOT__B_Y_$_OR__B_Y_$_ANDNOT__B_Y (net) | 1      |             |            |            | 0.000       |        |                 |
| _373938_:E (CLKGATE_X1)                                                                                                         |        | 0.001       | 0.000      | 0.012      |             | 0.000  | 0.111r          |
|                                                                                                                                 |        |             |            |            |             |        |                 |
| clk (port)                                                                                                                      |        | 1.783       | 0.000      | 0.000      |             | 0.000  | 0.000r          |
| clk (clock net)                                                                                                                 | 1106   |             |            |            | NA          |        |                 |
| _373938_:CK (CLKGATE_X1)                                                                                                        |        | 0.002       | 0.000      | 0.000      |             | 0.000  | 0.000r          |
| clock clk (rise edge)                                                                                                           |        |             |            |            |             | 0      | 0               |
| clock network delay (ideal)                                                                                                     |        |             |            |            |             | 0.000  | 0.000           |
| _373938_:CK (CLKGATE_X1)                                                                                                        |        |             |            |            |             |        | 0.000r          |
| library hold time                                                                                                               |        |             |            |            |             | -0.001 | -0.001          |
| clock reconvergence pessimism                                                                                                   |        |             |            |            |             | -0.000 | -0.001          |
|                                                                                                                                 |        |             |            |            |             |        |                 |
| path cell delay                                                                                                                 |        |             |            |            |             |        | 0.111(100.000%) |
| path net delay                                                                                                                  |        |             |            |            |             |        | 0.000(0.000%)   |
|                                                                                                                                 |        |             |            |            |             |        |                 |
| data require time                                                                                                               |        |             |            |            |             |        | -0.001          |
| data arrival time                                                                                                               |        |             |            |            |             |        | 0.111           |
| slack (MET)                                                                                                                     |        |             |            |            |             |        | 0.111           |
+---------------------------------------------------------------------------------------------------------------------------------+--------+-------------+------------+------------+-------------+--------+-----------------+
