Generate the report at 2025-06-19T20:59:49, GitVersion: aa25008b3778a76ae1975c839d4cc459f7f7b3b7.
+--------------------------------------------------------------------------------------------------------------+--------------------------+------------+------------+---------------+-------+-------+-----------+
| Endpoint                                                                                                     | Clock Group              | Delay Type | Path Delay | Path Required | CPPR  | Slack | Freq(MHz) |
+--------------------------------------------------------------------------------------------------------------+--------------------------+------------+------------+---------------+-------+-------+-----------+
| u_systolic_array.pe_row[10].pe_col[14].u_pe_inst.mul_result_reg_$_DFFE_PN0P__Q_1:D                           | clk                      | max        | 1.085f     | 1.088         | 0.000 | 0.003 | 887.636   |
| u_systolic_array.pe_row[10].pe_col[14].u_pe_inst.mul_result_reg_$_DFFE_PN0P__Q_1:D                           | clk                      | max        | 1.085f     | 1.088         | 0.000 | 0.003 | 887.636   |
| u_systolic_array.pe_row[10].pe_col[14].u_pe_inst.mul_result_reg_$_DFFE_PN0P__Q_1:D                           | clk                      | max        | 1.090r     | 1.093         | 0.000 | 0.003 | 887.695   |
| u_systolic_array.pe_row[10].pe_col[14].u_pe_inst.mul_result_reg_$_DFFE_PN0P__Q_1:D                           | clk                      | max        | 1.090r     | 1.093         | 0.000 | 0.003 | 887.695   |
| u_systolic_array.pe_row[10].pe_col[14].u_pe_inst.mul_result_reg_$_DFFE_PN0P__Q:D                             | clk                      | max        | 1.074r     | 1.089         | 0.000 | 0.014 | 896.194   |
| _373465_:E                                                                                                   | **clock_gating_default** | max        | 0.545r     | 1.080         | 0.000 | 0.534 | NA        |
| _373429_:E                                                                                                   | **clock_gating_default** | max        | 0.545r     | 1.080         | 0.000 | 0.534 | NA        |
| _373427_:E                                                                                                   | **clock_gating_default** | max        | 0.545r     | 1.080         | 0.000 | 0.534 | NA        |
| _373425_:E                                                                                                   | **clock_gating_default** | max        | 0.545r     | 1.080         | 0.000 | 0.534 | NA        |
| _373467_:E                                                                                                   | **clock_gating_default** | max        | 0.545r     | 1.080         | 0.000 | 0.534 | NA        |
| sa_cond_clear_sum_level_reg_$_DFFE_PN0P__Q:D                                                                 | clk                      | min        | 0.069r     | 0.007         | 0.000 | 0.062 | NA        |
| sa_cond_clear_sum_level_reg_$_DFFE_PN0P__Q:D                                                                 | clk                      | min        | 0.069r     | 0.007         | 0.000 | 0.062 | NA        |
| sa_cond_clear_sum_level_reg_$_DFFE_PN0P__Q:D                                                                 | clk                      | min        | 0.068f     | 0.003         | 0.000 | 0.065 | NA        |
| sa_cond_clear_sum_level_reg_$_DFFE_PN0P__Q:D                                                                 | clk                      | min        | 0.068f     | 0.003         | 0.000 | 0.065 | NA        |
| u_systolic_array.pe_row[9].pe_col[9].u_pe_inst.inputs_that_produced_a_b_regs_were_valid_reg_$_DFFE_PN0P__Q:D | clk                      | min        | 0.085f     | 0.003         | 0.000 | 0.082 | NA        |
| _373790_:E                                                                                                   | **clock_gating_default** | min        | 0.109r     | -0.001        | 0.000 | 0.109 | NA        |
| _373789_:E                                                                                                   | **clock_gating_default** | min        | 0.109r     | -0.001        | 0.000 | 0.109 | NA        |
| _373791_:E                                                                                                   | **clock_gating_default** | min        | 0.109r     | -0.001        | 0.000 | 0.109 | NA        |
| _372983_:E                                                                                                   | **clock_gating_default** | min        | 0.111r     | -0.001        | 0.000 | 0.111 | NA        |
| _372985_:E                                                                                                   | **clock_gating_default** | min        | 0.111r     | -0.001        | 0.000 | 0.111 | NA        |
+--------------------------------------------------------------------------------------------------------------+--------------------------+------------+------------+---------------+-------+-------+-----------+
+-------+------------+-------+
| Clock | Delay Type | TNS   |
+-------+------------+-------+
| clk   | max        | 0.000 |
| clk   | min        | 0.000 |
+-------+------------+-------+
+-----------------------------------------------------------------------------------------------+--------+-------------+------------+------------+-------------+--------+-----------------+
| Point                                                                                         | Fanout | Capacitance | Resistance | Transition | Delta Delay | Incr   | Path            |
+-----------------------------------------------------------------------------------------------+--------+-------------+------------+------------+-------------+--------+-----------------+
| clk (port)                                                                                    |        | 1.779       | 0.000      | 0.000      |             | 0.000  | 0.000r          |
| clk (clock net)                                                                               | 1098   |             |            |            | NA          |        |                 |
| _373493_:CK (CLKGATE_X1)                                                                      |        | 0.002       | 0.000      | 0.000      |             | 0.000  | 0.000r          |
| _373493_:GCK (CLKGATE_X1)                                                                     |        | 8.353       | 0.000      | 0.000      |             | 0.000  | 0.000r          |
| _168532_ (clock net)                                                                          | 8553   |             |            |            | NA          |        |                 |
| u_systolic_array.pe_row[10].pe_col[14].u_pe_inst.b_reg_$_DFFE_PN0P__Q_3:CK (DFFR_X1)          |        | 0.001       | 0.000      | 0.000      |             | 0.000  | 0.000r          |
| clock clk (rise edge)                                                                         |        |             |            |            |             | 0      | 0               |
| clock network delay (ideal)                                                                   |        |             |            |            |             | 0.000  | 0.000           |
| u_systolic_array.pe_row[10].pe_col[14].u_pe_inst.b_reg_$_DFFE_PN0P__Q_3:CK (DFFR_X1)          |        | 0.001       | 0.000      | 0.000      |             | 0.000  | 0.000r          |
| u_systolic_array.pe_row[10].pe_col[14].u_pe_inst.b_reg_$_DFFE_PN0P__Q_3:Q (DFFR_X1)           |        | 0.082       | 0.000      | 0.190      |             | 0.289  | 0.289r          |
| u_systolic_array.b_data_wires[81][4] (net)                                                    | 12     |             |            |            | 0.000       |        |                 |
| _215239_:A (INV_X32)                                                                          |        | 0.049       | 0.000      | 0.190      |             | 0.000  | 0.289r          |
| _215239_:ZN (INV_X32)                                                                         |        | 0.010       | 0.000      | 0.028      |             | -0.009 | 0.281f          |
| _133375_ (net)                                                                                | 4      |             |            |            | 0.000       |        |                 |
| _215423_:A3 (NOR3_X4)                                                                         |        | 0.006       | 0.000      | 0.028      |             | 0.000  | 0.281f          |
| _215423_:ZN (NOR3_X4)                                                                         |        | 0.008       | 0.000      | 0.032      |             | 0.063  | 0.344r          |
| _133559_ (net)                                                                                | 2      |             |            |            | 0.000       |        |                 |
| _215451_:A1 (NOR2_X4)                                                                         |        | 0.007       | 0.000      | 0.032      |             | 0.000  | 0.344r          |
| _215451_:ZN (NOR2_X4)                                                                         |        | 0.004       | 0.000      | 0.009      |             | 0.009  | 0.352f          |
| _133587_ (net)                                                                                | 1      |             |            |            | 0.000       |        |                 |
| _215452_:A (XNOR2_X2)                                                                         |        | 0.004       | 0.000      | 0.009      |             | 0.000  | 0.352f          |
| _215452_:ZN (XNOR2_X2)                                                                        |        | 0.006       | 0.000      | 0.025      |             | 0.034  | 0.386r          |
| _133588_ (net)                                                                                | 2      |             |            |            | 0.000       |        |                 |
| _215454_:A (XOR2_X2)                                                                          |        | 0.004       | 0.000      | 0.025      |             | 0.000  | 0.386r          |
| _215454_:Z (XOR2_X2)                                                                          |        | 0.006       | 0.000      | 0.028      |             | 0.058  | 0.444r          |
| _133590_ (net)                                                                                | 2      |             |            |            | 0.000       |        |                 |
| _215478_:A (XOR2_X2)                                                                          |        | 0.004       | 0.000      | 0.028      |             | 0.000  | 0.444r          |
| _215478_:Z (XOR2_X2)                                                                          |        | 0.006       | 0.000      | 0.028      |             | 0.058  | 0.502r          |
| _133614_ (net)                                                                                | 2      |             |            |            | 0.000       |        |                 |
| _215489_:A (XOR2_X2)                                                                          |        | 0.004       | 0.000      | 0.028      |             | 0.000  | 0.502r          |
| _215489_:Z (XOR2_X2)                                                                          |        | 0.006       | 0.000      | 0.028      |             | 0.058  | 0.561r          |
| _133625_ (net)                                                                                | 2      |             |            |            | 0.000       |        |                 |
| _215503_:A (XOR2_X2)                                                                          |        | 0.004       | 0.000      | 0.028      |             | 0.000  | 0.561r          |
| _215503_:Z (XOR2_X2)                                                                          |        | 0.006       | 0.000      | 0.028      |             | 0.058  | 0.619r          |
| _133639_ (net)                                                                                | 2      |             |            |            | 0.000       |        |                 |
| _215514_:A (XOR2_X2)                                                                          |        | 0.004       | 0.000      | 0.028      |             | 0.000  | 0.619r          |
| _215514_:Z (XOR2_X2)                                                                          |        | 0.006       | 0.000      | 0.028      |             | 0.058  | 0.677r          |
| _133650_ (net)                                                                                | 2      |             |            |            | 0.000       |        |                 |
| _215516_:A (XNOR2_X2)                                                                         |        | 0.004       | 0.000      | 0.028      |             | 0.000  | 0.677r          |
| _215516_:ZN (XNOR2_X2)                                                                        |        | 0.005       | 0.000      | 0.013      |             | 0.022  | 0.700f          |
| _133652_ (net)                                                                                | 2      |             |            |            | 0.000       |        |                 |
| _215521_:A (XOR2_X2)                                                                          |        | 0.004       | 0.000      | 0.013      |             | 0.000  | 0.700f          |
| _215521_:Z (XOR2_X2)                                                                          |        | 0.005       | 0.000      | 0.013      |             | 0.056  | 0.755f          |
| _133657_ (net)                                                                                | 2      |             |            |            | 0.000       |        |                 |
| _215528_:A1 (NAND2_X2)                                                                        |        | 0.003       | 0.000      | 0.013      |             | 0.000  | 0.755f          |
| _215528_:ZN (NAND2_X2)                                                                        |        | 0.003       | 0.000      | 0.011      |             | 0.017  | 0.772r          |
| _133664_ (net)                                                                                | 1      |             |            |            | 0.000       |        |                 |
| _215530_:A1 (NAND2_X2)                                                                        |        | 0.003       | 0.000      | 0.011      |             | 0.000  | 0.772r          |
| _215530_:ZN (NAND2_X2)                                                                        |        | 0.005       | 0.000      | 0.009      |             | 0.016  | 0.789f          |
| _133666_ (net)                                                                                | 2      |             |            |            | 0.000       |        |                 |
| _215536_:A1 (AND2_X4)                                                                         |        | 0.003       | 0.000      | 0.009      |             | 0.000  | 0.789f          |
| _215536_:ZN (AND2_X4)                                                                         |        | 0.004       | 0.000      | 0.005      |             | 0.026  | 0.815f          |
| _133672_ (net)                                                                                | 2      |             |            |            | 0.000       |        |                 |
| _215538_:B1 (OAI21_X2)                                                                        |        | 0.003       | 0.000      | 0.005      |             | 0.000  | 0.815f          |
| _215538_:ZN (OAI21_X2)                                                                        |        | 0.003       | 0.000      | 0.020      |             | 0.027  | 0.842r          |
| _133674_ (net)                                                                                | 1      |             |            |            | 0.000       |        |                 |
| _215539_:A (INV_X2)                                                                           |        | 0.003       | 0.000      | 0.020      |             | 0.000  | 0.842r          |
| _215539_:ZN (INV_X2)                                                                          |        | 0.006       | 0.000      | 0.008      |             | 0.012  | 0.854f          |
| _133675_ (net)                                                                                | 1      |             |            |            | 0.000       |        |                 |
| _215541_:A1 (NOR2_X4)                                                                         |        | 0.007       | 0.000      | 0.008      |             | 0.000  | 0.854f          |
| _215541_:ZN (NOR2_X4)                                                                         |        | 0.005       | 0.000      | 0.014      |             | 0.021  | 0.875r          |
| _133677_ (net)                                                                                | 2      |             |            |            | 0.000       |        |                 |
| _215542_:A (INV_X2)                                                                           |        | 0.003       | 0.000      | 0.014      |             | 0.000  | 0.875r          |
| _215542_:ZN (INV_X2)                                                                          |        | 0.003       | 0.000      | 0.006      |             | 0.009  | 0.885f          |
| _133678_ (net)                                                                                | 1      |             |            |            | 0.000       |        |                 |
| _215568_:A1 (AND2_X4)                                                                         |        | 0.003       | 0.000      | 0.006      |             | 0.000  | 0.885f          |
| _215568_:ZN (AND2_X4)                                                                         |        | 0.006       | 0.000      | 0.006      |             | 0.025  | 0.910f          |
| _133704_ (net)                                                                                | 1      |             |            |            | 0.000       |        |                 |
| _215570_:A1 (NOR2_X4)                                                                         |        | 0.007       | 0.000      | 0.006      |             | 0.000  | 0.910f          |
| _215570_:ZN (NOR2_X4)                                                                         |        | 0.005       | 0.000      | 0.014      |             | 0.021  | 0.930r          |
| _133706_ (net)                                                                                | 2      |             |            |            | 0.000       |        |                 |
| _215571_:A (INV_X2)                                                                           |        | 0.003       | 0.000      | 0.014      |             | 0.000  | 0.930r          |
| _215571_:ZN (INV_X2)                                                                          |        | 0.004       | 0.000      | 0.006      |             | 0.009  | 0.939f          |
| _133707_ (net)                                                                                | 2      |             |            |            | 0.000       |        |                 |
| _215588_:A1 (AND3_X4)                                                                         |        | 0.003       | 0.000      | 0.006      |             | 0.000  | 0.939f          |
| _215588_:ZN (AND3_X4)                                                                         |        | 0.007       | 0.000      | 0.006      |             | 0.027  | 0.967f          |
| _133724_ (net)                                                                                | 2      |             |            |            | 0.000       |        |                 |
| _215593_:B1 (OAI21_X4)                                                                        |        | 0.006       | 0.000      | 0.006      |             | 0.000  | 0.967f          |
| _215593_:ZN (OAI21_X4)                                                                        |        | 0.006       | 0.000      | 0.017      |             | 0.025  | 0.992r          |
| _133729_ (net)                                                                                | 1      |             |            |            | 0.000       |        |                 |
| _215595_:A1 (NAND2_X4)                                                                        |        | 0.006       | 0.000      | 0.017      |             | 0.000  | 0.992r          |
| _215595_:ZN (NAND2_X4)                                                                        |        | 0.005       | 0.000      | 0.008      |             | 0.014  | 1.006f          |
| _133731_ (net)                                                                                | 2      |             |            |            | 0.000       |        |                 |
| _215601_:A1 (NAND2_X2)                                                                        |        | 0.003       | 0.000      | 0.008      |             | 0.000  | 1.006f          |
| _215601_:ZN (NAND2_X2)                                                                        |        | 0.003       | 0.000      | 0.011      |             | 0.015  | 1.021r          |
| _133737_ (net)                                                                                | 1      |             |            |            | 0.000       |        |                 |
| _215603_:A1 (NAND2_X2)                                                                        |        | 0.003       | 0.000      | 0.011      |             | 0.000  | 1.021r          |
| _215603_:ZN (NAND2_X2)                                                                        |        | 0.004       | 0.000      | 0.008      |             | 0.014  | 1.035f          |
| _133739_ (net)                                                                                | 2      |             |            |            | 0.000       |        |                 |
| _215610_:A (XOR2_X1)                                                                          |        | 0.002       | 0.000      | 0.008      |             | 0.000  | 1.035f          |
| _215610_:Z (XOR2_X1)                                                                          |        | 0.001       | 0.000      | 0.012      |             | 0.050  | 1.085f          |
| u_systolic_array.pe_row[10].pe_col[14].u_pe_inst.mul_output_data[14] (net)                    | 1      |             |            |            | 0.000       |        |                 |
| u_systolic_array.pe_row[10].pe_col[14].u_pe_inst.mul_result_reg_$_DFFE_PN0P__Q_1:D (DFFR_X1)  |        | 0.001       | 0.000      | 0.012      |             | 0.000  | 1.085f          |
|                                                                                               |        |             |            |            |             |        |                 |
| clk (port)                                                                                    |        | 1.779       | 0.000      | 0.000      |             | 0.000  | 0.000r          |
| clk (clock net)                                                                               | 1098   |             |            |            | NA          |        |                 |
| _373493_:CK (CLKGATE_X1)                                                                      |        | 0.002       | 0.000      | 0.000      |             | 0.000  | 0.000r          |
| _373493_:GCK (CLKGATE_X1)                                                                     |        | 8.353       | 0.000      | 0.000      |             | 0.000  | 0.000r          |
| _168532_ (clock net)                                                                          | 8553   |             |            |            | NA          |        |                 |
| u_systolic_array.pe_row[10].pe_col[14].u_pe_inst.mul_result_reg_$_DFFE_PN0P__Q_1:CK (DFFR_X1) |        | 0.001       | 0.000      | 0.000      |             | 0.000  | 0.000r          |
| clock clk (rise edge)                                                                         |        |             |            |            |             | 1.13   | 1.13            |
| clock network delay (ideal)                                                                   |        |             |            |            |             | 0.000  | 1.130           |
| u_systolic_array.pe_row[10].pe_col[14].u_pe_inst.mul_result_reg_$_DFFE_PN0P__Q_1:CK (DFFR_X1) |        |             |            |            |             |        | 1.130r          |
| library setup time                                                                            |        |             |            |            |             | -0.042 | 1.088           |
| clock reconvergence pessimism                                                                 |        |             |            |            |             | 0.000  | 1.088           |
|                                                                                               |        |             |            |            |             |        |                 |
| path cell delay                                                                               |        |             |            |            |             |        | 1.085(100.000%) |
| path net delay                                                                                |        |             |            |            |             |        | 0.000(0.000%)   |
|                                                                                               |        |             |            |            |             |        |                 |
| data require time                                                                             |        |             |            |            |             |        | 1.088           |
| data arrival time                                                                             |        |             |            |            |             |        | 1.085           |
| slack (MET)                                                                                   |        |             |            |            |             |        | 0.003           |
+-----------------------------------------------------------------------------------------------+--------+-------------+------------+------------+-------------+--------+-----------------+
+-----------------------------------------------------------------------------------------------+--------+-------------+------------+------------+-------------+--------+-----------------+
| Point                                                                                         | Fanout | Capacitance | Resistance | Transition | Delta Delay | Incr   | Path            |
+-----------------------------------------------------------------------------------------------+--------+-------------+------------+------------+-------------+--------+-----------------+
| clk (port)                                                                                    |        | 1.779       | 0.000      | 0.000      |             | 0.000  | 0.000r          |
| clk (clock net)                                                                               | 1098   |             |            |            | NA          |        |                 |
| _373493_:CK (CLKGATE_X1)                                                                      |        | 0.002       | 0.000      | 0.000      |             | 0.000  | 0.000r          |
| _373493_:GCK (CLKGATE_X1)                                                                     |        | 8.353       | 0.000      | 0.000      |             | 0.000  | 0.000r          |
| _168532_ (clock net)                                                                          | 8553   |             |            |            | NA          |        |                 |
| u_systolic_array.pe_row[10].pe_col[14].u_pe_inst.b_reg_$_DFFE_PN0P__Q_3:CK (DFFR_X1)          |        | 0.001       | 0.000      | 0.000      |             | 0.000  | 0.000r          |
| clock clk (rise edge)                                                                         |        |             |            |            |             | 0      | 0               |
| clock network delay (ideal)                                                                   |        |             |            |            |             | 0.000  | 0.000           |
| u_systolic_array.pe_row[10].pe_col[14].u_pe_inst.b_reg_$_DFFE_PN0P__Q_3:CK (DFFR_X1)          |        | 0.001       | 0.000      | 0.000      |             | 0.000  | 0.000r          |
| u_systolic_array.pe_row[10].pe_col[14].u_pe_inst.b_reg_$_DFFE_PN0P__Q_3:Q (DFFR_X1)           |        | 0.082       | 0.000      | 0.190      |             | 0.289  | 0.289r          |
| u_systolic_array.b_data_wires[81][4] (net)                                                    | 12     |             |            |            | 0.000       |        |                 |
| _215239_:A (INV_X32)                                                                          |        | 0.049       | 0.000      | 0.190      |             | 0.000  | 0.289r          |
| _215239_:ZN (INV_X32)                                                                         |        | 0.010       | 0.000      | 0.028      |             | -0.009 | 0.281f          |
| _133375_ (net)                                                                                | 4      |             |            |            | 0.000       |        |                 |
| _215423_:A3 (NOR3_X4)                                                                         |        | 0.006       | 0.000      | 0.028      |             | 0.000  | 0.281f          |
| _215423_:ZN (NOR3_X4)                                                                         |        | 0.008       | 0.000      | 0.032      |             | 0.063  | 0.344r          |
| _133559_ (net)                                                                                | 2      |             |            |            | 0.000       |        |                 |
| _215451_:A1 (NOR2_X4)                                                                         |        | 0.007       | 0.000      | 0.032      |             | 0.000  | 0.344r          |
| _215451_:ZN (NOR2_X4)                                                                         |        | 0.004       | 0.000      | 0.009      |             | 0.009  | 0.352f          |
| _133587_ (net)                                                                                | 1      |             |            |            | 0.000       |        |                 |
| _215452_:A (XNOR2_X2)                                                                         |        | 0.004       | 0.000      | 0.009      |             | 0.000  | 0.352f          |
| _215452_:ZN (XNOR2_X2)                                                                        |        | 0.006       | 0.000      | 0.025      |             | 0.034  | 0.386r          |
| _133588_ (net)                                                                                | 2      |             |            |            | 0.000       |        |                 |
| _215454_:A (XOR2_X2)                                                                          |        | 0.004       | 0.000      | 0.025      |             | 0.000  | 0.386r          |
| _215454_:Z (XOR2_X2)                                                                          |        | 0.006       | 0.000      | 0.028      |             | 0.058  | 0.444r          |
| _133590_ (net)                                                                                | 2      |             |            |            | 0.000       |        |                 |
| _215478_:A (XOR2_X2)                                                                          |        | 0.004       | 0.000      | 0.028      |             | 0.000  | 0.444r          |
| _215478_:Z (XOR2_X2)                                                                          |        | 0.006       | 0.000      | 0.028      |             | 0.058  | 0.502r          |
| _133614_ (net)                                                                                | 2      |             |            |            | 0.000       |        |                 |
| _215489_:A (XOR2_X2)                                                                          |        | 0.004       | 0.000      | 0.028      |             | 0.000  | 0.502r          |
| _215489_:Z (XOR2_X2)                                                                          |        | 0.006       | 0.000      | 0.028      |             | 0.058  | 0.561r          |
| _133625_ (net)                                                                                | 2      |             |            |            | 0.000       |        |                 |
| _215503_:A (XOR2_X2)                                                                          |        | 0.004       | 0.000      | 0.028      |             | 0.000  | 0.561r          |
| _215503_:Z (XOR2_X2)                                                                          |        | 0.006       | 0.000      | 0.028      |             | 0.058  | 0.619r          |
| _133639_ (net)                                                                                | 2      |             |            |            | 0.000       |        |                 |
| _215514_:A (XOR2_X2)                                                                          |        | 0.004       | 0.000      | 0.028      |             | 0.000  | 0.619r          |
| _215514_:Z (XOR2_X2)                                                                          |        | 0.006       | 0.000      | 0.028      |             | 0.058  | 0.677r          |
| _133650_ (net)                                                                                | 2      |             |            |            | 0.000       |        |                 |
| _215516_:A (XNOR2_X2)                                                                         |        | 0.004       | 0.000      | 0.028      |             | 0.000  | 0.677r          |
| _215516_:ZN (XNOR2_X2)                                                                        |        | 0.005       | 0.000      | 0.013      |             | 0.022  | 0.700f          |
| _133652_ (net)                                                                                | 2      |             |            |            | 0.000       |        |                 |
| _215521_:A (XOR2_X2)                                                                          |        | 0.004       | 0.000      | 0.013      |             | 0.000  | 0.700f          |
| _215521_:Z (XOR2_X2)                                                                          |        | 0.005       | 0.000      | 0.013      |             | 0.056  | 0.755f          |
| _133657_ (net)                                                                                | 2      |             |            |            | 0.000       |        |                 |
| _215528_:A1 (NAND2_X2)                                                                        |        | 0.003       | 0.000      | 0.013      |             | 0.000  | 0.755f          |
| _215528_:ZN (NAND2_X2)                                                                        |        | 0.003       | 0.000      | 0.011      |             | 0.017  | 0.772r          |
| _133664_ (net)                                                                                | 1      |             |            |            | 0.000       |        |                 |
| _215530_:A1 (NAND2_X2)                                                                        |        | 0.003       | 0.000      | 0.011      |             | 0.000  | 0.772r          |
| _215530_:ZN (NAND2_X2)                                                                        |        | 0.005       | 0.000      | 0.009      |             | 0.016  | 0.789f          |
| _133666_ (net)                                                                                | 2      |             |            |            | 0.000       |        |                 |
| _215536_:A1 (AND2_X4)                                                                         |        | 0.003       | 0.000      | 0.009      |             | 0.000  | 0.789f          |
| _215536_:ZN (AND2_X4)                                                                         |        | 0.004       | 0.000      | 0.005      |             | 0.026  | 0.815f          |
| _133672_ (net)                                                                                | 2      |             |            |            | 0.000       |        |                 |
| _215538_:B1 (OAI21_X2)                                                                        |        | 0.003       | 0.000      | 0.005      |             | 0.000  | 0.815f          |
| _215538_:ZN (OAI21_X2)                                                                        |        | 0.003       | 0.000      | 0.020      |             | 0.027  | 0.842r          |
| _133674_ (net)                                                                                | 1      |             |            |            | 0.000       |        |                 |
| _215539_:A (INV_X2)                                                                           |        | 0.003       | 0.000      | 0.020      |             | 0.000  | 0.842r          |
| _215539_:ZN (INV_X2)                                                                          |        | 0.006       | 0.000      | 0.008      |             | 0.012  | 0.854f          |
| _133675_ (net)                                                                                | 1      |             |            |            | 0.000       |        |                 |
| _215541_:A1 (NOR2_X4)                                                                         |        | 0.007       | 0.000      | 0.008      |             | 0.000  | 0.854f          |
| _215541_:ZN (NOR2_X4)                                                                         |        | 0.005       | 0.000      | 0.014      |             | 0.021  | 0.875r          |
| _133677_ (net)                                                                                | 2      |             |            |            | 0.000       |        |                 |
| _215542_:A (INV_X2)                                                                           |        | 0.003       | 0.000      | 0.014      |             | 0.000  | 0.875r          |
| _215542_:ZN (INV_X2)                                                                          |        | 0.003       | 0.000      | 0.006      |             | 0.009  | 0.885f          |
| _133678_ (net)                                                                                | 1      |             |            |            | 0.000       |        |                 |
| _215568_:A1 (AND2_X4)                                                                         |        | 0.003       | 0.000      | 0.006      |             | 0.000  | 0.885f          |
| _215568_:ZN (AND2_X4)                                                                         |        | 0.006       | 0.000      | 0.006      |             | 0.025  | 0.910f          |
| _133704_ (net)                                                                                | 1      |             |            |            | 0.000       |        |                 |
| _215570_:A1 (NOR2_X4)                                                                         |        | 0.007       | 0.000      | 0.006      |             | 0.000  | 0.910f          |
| _215570_:ZN (NOR2_X4)                                                                         |        | 0.005       | 0.000      | 0.014      |             | 0.021  | 0.930r          |
| _133706_ (net)                                                                                | 2      |             |            |            | 0.000       |        |                 |
| _215571_:A (INV_X2)                                                                           |        | 0.003       | 0.000      | 0.014      |             | 0.000  | 0.930r          |
| _215571_:ZN (INV_X2)                                                                          |        | 0.004       | 0.000      | 0.006      |             | 0.009  | 0.939f          |
| _133707_ (net)                                                                                | 2      |             |            |            | 0.000       |        |                 |
| _215588_:A1 (AND3_X4)                                                                         |        | 0.003       | 0.000      | 0.006      |             | 0.000  | 0.939f          |
| _215588_:ZN (AND3_X4)                                                                         |        | 0.007       | 0.000      | 0.006      |             | 0.027  | 0.967f          |
| _133724_ (net)                                                                                | 2      |             |            |            | 0.000       |        |                 |
| _215593_:B1 (OAI21_X4)                                                                        |        | 0.006       | 0.000      | 0.006      |             | 0.000  | 0.967f          |
| _215593_:ZN (OAI21_X4)                                                                        |        | 0.006       | 0.000      | 0.017      |             | 0.025  | 0.992r          |
| _133729_ (net)                                                                                | 1      |             |            |            | 0.000       |        |                 |
| _215595_:A1 (NAND2_X4)                                                                        |        | 0.006       | 0.000      | 0.017      |             | 0.000  | 0.992r          |
| _215595_:ZN (NAND2_X4)                                                                        |        | 0.005       | 0.000      | 0.008      |             | 0.014  | 1.006f          |
| _133731_ (net)                                                                                | 2      |             |            |            | 0.000       |        |                 |
| _215601_:A1 (NAND2_X2)                                                                        |        | 0.003       | 0.000      | 0.008      |             | 0.000  | 1.006f          |
| _215601_:ZN (NAND2_X2)                                                                        |        | 0.003       | 0.000      | 0.011      |             | 0.015  | 1.021r          |
| _133737_ (net)                                                                                | 1      |             |            |            | 0.000       |        |                 |
| _215603_:A1 (NAND2_X2)                                                                        |        | 0.003       | 0.000      | 0.011      |             | 0.000  | 1.021r          |
| _215603_:ZN (NAND2_X2)                                                                        |        | 0.004       | 0.000      | 0.008      |             | 0.014  | 1.035f          |
| _133739_ (net)                                                                                | 2      |             |            |            | 0.000       |        |                 |
| _215610_:A (XOR2_X1)                                                                          |        | 0.002       | 0.000      | 0.008      |             | 0.000  | 1.035f          |
| _215610_:Z (XOR2_X1)                                                                          |        | 0.001       | 0.000      | 0.012      |             | 0.050  | 1.085f          |
| u_systolic_array.pe_row[10].pe_col[14].u_pe_inst.mul_output_data[14] (net)                    | 1      |             |            |            | 0.000       |        |                 |
| u_systolic_array.pe_row[10].pe_col[14].u_pe_inst.mul_result_reg_$_DFFE_PN0P__Q_1:D (DFFR_X1)  |        | 0.001       | 0.000      | 0.012      |             | 0.000  | 1.085f          |
|                                                                                               |        |             |            |            |             |        |                 |
| clk (port)                                                                                    |        | 1.779       | 0.000      | 0.000      |             | 0.000  | 0.000r          |
| clk (clock net)                                                                               | 1098   |             |            |            | NA          |        |                 |
| _373493_:CK (CLKGATE_X1)                                                                      |        | 0.002       | 0.000      | 0.000      |             | 0.000  | 0.000r          |
| _373493_:GCK (CLKGATE_X1)                                                                     |        | 8.353       | 0.000      | 0.000      |             | 0.000  | 0.000r          |
| _168532_ (clock net)                                                                          | 8553   |             |            |            | NA          |        |                 |
| u_systolic_array.pe_row[10].pe_col[14].u_pe_inst.mul_result_reg_$_DFFE_PN0P__Q_1:CK (DFFR_X1) |        | 0.001       | 0.000      | 0.000      |             | 0.000  | 0.000r          |
| clock clk (rise edge)                                                                         |        |             |            |            |             | 1.13   | 1.13            |
| clock network delay (ideal)                                                                   |        |             |            |            |             | 0.000  | 1.130           |
| u_systolic_array.pe_row[10].pe_col[14].u_pe_inst.mul_result_reg_$_DFFE_PN0P__Q_1:CK (DFFR_X1) |        |             |            |            |             |        | 1.130r          |
| library setup time                                                                            |        |             |            |            |             | -0.042 | 1.088           |
| clock reconvergence pessimism                                                                 |        |             |            |            |             | 0.000  | 1.088           |
|                                                                                               |        |             |            |            |             |        |                 |
| path cell delay                                                                               |        |             |            |            |             |        | 1.085(100.000%) |
| path net delay                                                                                |        |             |            |            |             |        | 0.000(0.000%)   |
|                                                                                               |        |             |            |            |             |        |                 |
| data require time                                                                             |        |             |            |            |             |        | 1.088           |
| data arrival time                                                                             |        |             |            |            |             |        | 1.085           |
| slack (MET)                                                                                   |        |             |            |            |             |        | 0.003           |
+-----------------------------------------------------------------------------------------------+--------+-------------+------------+------------+-------------+--------+-----------------+
+-----------------------------------------------------------------------------------------------+--------+-------------+------------+------------+-------------+--------+-----------------+
| Point                                                                                         | Fanout | Capacitance | Resistance | Transition | Delta Delay | Incr   | Path            |
+-----------------------------------------------------------------------------------------------+--------+-------------+------------+------------+-------------+--------+-----------------+
| clk (port)                                                                                    |        | 1.779       | 0.000      | 0.000      |             | 0.000  | 0.000r          |
| clk (clock net)                                                                               | 1098   |             |            |            | NA          |        |                 |
| _373493_:CK (CLKGATE_X1)                                                                      |        | 0.002       | 0.000      | 0.000      |             | 0.000  | 0.000r          |
| _373493_:GCK (CLKGATE_X1)                                                                     |        | 8.353       | 0.000      | 0.000      |             | 0.000  | 0.000r          |
| _168532_ (clock net)                                                                          | 8553   |             |            |            | NA          |        |                 |
| u_systolic_array.pe_row[10].pe_col[14].u_pe_inst.b_reg_$_DFFE_PN0P__Q_3:CK (DFFR_X1)          |        | 0.001       | 0.000      | 0.000      |             | 0.000  | 0.000r          |
| clock clk (rise edge)                                                                         |        |             |            |            |             | 0      | 0               |
| clock network delay (ideal)                                                                   |        |             |            |            |             | 0.000  | 0.000           |
| u_systolic_array.pe_row[10].pe_col[14].u_pe_inst.b_reg_$_DFFE_PN0P__Q_3:CK (DFFR_X1)          |        | 0.001       | 0.000      | 0.000      |             | 0.000  | 0.000r          |
| u_systolic_array.pe_row[10].pe_col[14].u_pe_inst.b_reg_$_DFFE_PN0P__Q_3:Q (DFFR_X1)           |        | 0.082       | 0.000      | 0.190      |             | 0.289  | 0.289r          |
| u_systolic_array.b_data_wires[81][4] (net)                                                    | 12     |             |            |            | 0.000       |        |                 |
| _215427_:B2 (AOI22_X4)                                                                        |        | 0.007       | 0.000      | 0.190      |             | 0.000  | 0.289r          |
| _215427_:ZN (AOI22_X4)                                                                        |        | 0.008       | 0.000      | 0.036      |             | 0.039  | 0.328f          |
| _133563_ (net)                                                                                | 2      |             |            |            | 0.000       |        |                 |
| _215428_:B2 (OAI21_X1)                                                                        |        | 0.002       | 0.000      | 0.036      |             | 0.000  | 0.328f          |
| _215428_:ZN (OAI21_X1)                                                                        |        | 0.006       | 0.000      | 0.043      |             | 0.069  | 0.397r          |
| _133564_ (net)                                                                                | 2      |             |            |            | 0.000       |        |                 |
| _215429_:B (XOR2_X2)                                                                          |        | 0.005       | 0.000      | 0.043      |             | 0.000  | 0.397r          |
| _215429_:Z (XOR2_X2)                                                                          |        | 0.006       | 0.000      | 0.028      |             | 0.061  | 0.458r          |
| _133565_ (net)                                                                                | 2      |             |            |            | 0.000       |        |                 |
| _215450_:A (XOR2_X2)                                                                          |        | 0.004       | 0.000      | 0.028      |             | 0.000  | 0.458r          |
| _215450_:Z (XOR2_X2)                                                                          |        | 0.006       | 0.000      | 0.028      |             | 0.058  | 0.516r          |
| _133586_ (net)                                                                                | 2      |             |            |            | 0.000       |        |                 |
| _215463_:A (XOR2_X2)                                                                          |        | 0.004       | 0.000      | 0.028      |             | 0.000  | 0.516r          |
| _215463_:Z (XOR2_X2)                                                                          |        | 0.006       | 0.000      | 0.028      |             | 0.058  | 0.574r          |
| _133599_ (net)                                                                                | 2      |             |            |            | 0.000       |        |                 |
| _215477_:A (XOR2_X2)                                                                          |        | 0.004       | 0.000      | 0.028      |             | 0.000  | 0.574r          |
| _215477_:Z (XOR2_X2)                                                                          |        | 0.006       | 0.000      | 0.028      |             | 0.058  | 0.633r          |
| _133613_ (net)                                                                                | 2      |             |            |            | 0.000       |        |                 |
| _215497_:A (XOR2_X2)                                                                          |        | 0.004       | 0.000      | 0.028      |             | 0.000  | 0.633r          |
| _215497_:Z (XOR2_X2)                                                                          |        | 0.006       | 0.000      | 0.028      |             | 0.058  | 0.691r          |
| _133633_ (net)                                                                                | 2      |             |            |            | 0.000       |        |                 |
| _215531_:A (XOR2_X2)                                                                          |        | 0.004       | 0.000      | 0.028      |             | 0.000  | 0.691r          |
| _215531_:Z (XOR2_X2)                                                                          |        | 0.005       | 0.000      | 0.028      |             | 0.058  | 0.750r          |
| _133667_ (net)                                                                                | 2      |             |            |            | 0.000       |        |                 |
| _215535_:A (XOR2_X2)                                                                          |        | 0.004       | 0.000      | 0.028      |             | 0.000  | 0.750r          |
| _215535_:Z (XOR2_X2)                                                                          |        | 0.006       | 0.000      | 0.028      |             | 0.058  | 0.808r          |
| _133671_ (net)                                                                                | 2      |             |            |            | 0.000       |        |                 |
| _215536_:A2 (AND2_X4)                                                                         |        | 0.004       | 0.000      | 0.028      |             | 0.000  | 0.808r          |
| _215536_:ZN (AND2_X4)                                                                         |        | 0.005       | 0.000      | 0.008      |             | 0.033  | 0.841r          |
| _133672_ (net)                                                                                | 2      |             |            |            | 0.000       |        |                 |
| _215538_:B1 (OAI21_X2)                                                                        |        | 0.003       | 0.000      | 0.008      |             | 0.000  | 0.841r          |
| _215538_:ZN (OAI21_X2)                                                                        |        | 0.003       | 0.000      | 0.010      |             | 0.013  | 0.854f          |
| _133674_ (net)                                                                                | 1      |             |            |            | 0.000       |        |                 |
| _215539_:A (INV_X2)                                                                           |        | 0.003       | 0.000      | 0.010      |             | 0.000  | 0.854f          |
| _215539_:ZN (INV_X2)                                                                          |        | 0.007       | 0.000      | 0.011      |             | 0.018  | 0.872r          |
| _133675_ (net)                                                                                | 1      |             |            |            | 0.000       |        |                 |
| _215541_:A1 (NOR2_X4)                                                                         |        | 0.007       | 0.000      | 0.011      |             | 0.000  | 0.872r          |
| _215541_:ZN (NOR2_X4)                                                                         |        | 0.005       | 0.000      | 0.007      |             | 0.008  | 0.880f          |
| _133677_ (net)                                                                                | 2      |             |            |            | 0.000       |        |                 |
| _215542_:A (INV_X2)                                                                           |        | 0.003       | 0.000      | 0.007      |             | 0.000  | 0.880f          |
| _215542_:ZN (INV_X2)                                                                          |        | 0.003       | 0.000      | 0.008      |             | 0.013  | 0.893r          |
| _133678_ (net)                                                                                | 1      |             |            |            | 0.000       |        |                 |
| _215568_:A1 (AND2_X4)                                                                         |        | 0.003       | 0.000      | 0.008      |             | 0.000  | 0.893r          |
| _215568_:ZN (AND2_X4)                                                                         |        | 0.007       | 0.000      | 0.009      |             | 0.028  | 0.921r          |
| _133704_ (net)                                                                                | 1      |             |            |            | 0.000       |        |                 |
| _215570_:A1 (NOR2_X4)                                                                         |        | 0.007       | 0.000      | 0.009      |             | 0.000  | 0.921r          |
| _215570_:ZN (NOR2_X4)                                                                         |        | 0.005       | 0.000      | 0.007      |             | 0.008  | 0.929f          |
| _133706_ (net)                                                                                | 2      |             |            |            | 0.000       |        |                 |
| _215571_:A (INV_X2)                                                                           |        | 0.003       | 0.000      | 0.007      |             | 0.000  | 0.929f          |
| _215571_:ZN (INV_X2)                                                                          |        | 0.004       | 0.000      | 0.009      |             | 0.014  | 0.943r          |
| _133707_ (net)                                                                                | 2      |             |            |            | 0.000       |        |                 |
| _215588_:A1 (AND3_X4)                                                                         |        | 0.003       | 0.000      | 0.009      |             | 0.000  | 0.943r          |
| _215588_:ZN (AND3_X4)                                                                         |        | 0.008       | 0.000      | 0.012      |             | 0.039  | 0.983r          |
| _133724_ (net)                                                                                | 2      |             |            |            | 0.000       |        |                 |
| _215593_:B1 (OAI21_X4)                                                                        |        | 0.006       | 0.000      | 0.012      |             | 0.000  | 0.983r          |
| _215593_:ZN (OAI21_X4)                                                                        |        | 0.006       | 0.000      | 0.014      |             | 0.014  | 0.997f          |
| _133729_ (net)                                                                                | 1      |             |            |            | 0.000       |        |                 |
| _215595_:A1 (NAND2_X4)                                                                        |        | 0.006       | 0.000      | 0.014      |             | 0.000  | 0.997f          |
| _215595_:ZN (NAND2_X4)                                                                        |        | 0.005       | 0.000      | 0.010      |             | 0.016  | 1.013r          |
| _133731_ (net)                                                                                | 2      |             |            |            | 0.000       |        |                 |
| _215601_:A1 (NAND2_X2)                                                                        |        | 0.003       | 0.000      | 0.010      |             | 0.000  | 1.013r          |
| _215601_:ZN (NAND2_X2)                                                                        |        | 0.003       | 0.000      | 0.010      |             | 0.012  | 1.025f          |
| _133737_ (net)                                                                                | 1      |             |            |            | 0.000       |        |                 |
| _215603_:A1 (NAND2_X2)                                                                        |        | 0.003       | 0.000      | 0.010      |             | 0.000  | 1.025f          |
| _215603_:ZN (NAND2_X2)                                                                        |        | 0.004       | 0.000      | 0.011      |             | 0.016  | 1.041r          |
| _133739_ (net)                                                                                | 2      |             |            |            | 0.000       |        |                 |
| _215610_:A (XOR2_X1)                                                                          |        | 0.002       | 0.000      | 0.011      |             | 0.000  | 1.041r          |
| _215610_:Z (XOR2_X1)                                                                          |        | 0.001       | 0.000      | 0.023      |             | 0.048  | 1.090r          |
| u_systolic_array.pe_row[10].pe_col[14].u_pe_inst.mul_output_data[14] (net)                    | 1      |             |            |            | 0.000       |        |                 |
| u_systolic_array.pe_row[10].pe_col[14].u_pe_inst.mul_result_reg_$_DFFE_PN0P__Q_1:D (DFFR_X1)  |        | 0.001       | 0.000      | 0.023      |             | 0.000  | 1.090r          |
|                                                                                               |        |             |            |            |             |        |                 |
| clk (port)                                                                                    |        | 1.779       | 0.000      | 0.000      |             | 0.000  | 0.000r          |
| clk (clock net)                                                                               | 1098   |             |            |            | NA          |        |                 |
| _373493_:CK (CLKGATE_X1)                                                                      |        | 0.002       | 0.000      | 0.000      |             | 0.000  | 0.000r          |
| _373493_:GCK (CLKGATE_X1)                                                                     |        | 8.353       | 0.000      | 0.000      |             | 0.000  | 0.000r          |
| _168532_ (clock net)                                                                          | 8553   |             |            |            | NA          |        |                 |
| u_systolic_array.pe_row[10].pe_col[14].u_pe_inst.mul_result_reg_$_DFFE_PN0P__Q_1:CK (DFFR_X1) |        | 0.001       | 0.000      | 0.000      |             | 0.000  | 0.000r          |
| clock clk (rise edge)                                                                         |        |             |            |            |             | 1.13   | 1.13            |
| clock network delay (ideal)                                                                   |        |             |            |            |             | 0.000  | 1.130           |
| u_systolic_array.pe_row[10].pe_col[14].u_pe_inst.mul_result_reg_$_DFFE_PN0P__Q_1:CK (DFFR_X1) |        |             |            |            |             |        | 1.130r          |
| library setup time                                                                            |        |             |            |            |             | -0.037 | 1.093           |
| clock reconvergence pessimism                                                                 |        |             |            |            |             | 0.000  | 1.093           |
|                                                                                               |        |             |            |            |             |        |                 |
| path cell delay                                                                               |        |             |            |            |             |        | 1.090(100.000%) |
| path net delay                                                                                |        |             |            |            |             |        | 0.000(0.000%)   |
|                                                                                               |        |             |            |            |             |        |                 |
| data require time                                                                             |        |             |            |            |             |        | 1.093           |
| data arrival time                                                                             |        |             |            |            |             |        | 1.090           |
| slack (MET)                                                                                   |        |             |            |            |             |        | 0.003           |
+-----------------------------------------------------------------------------------------------+--------+-------------+------------+------------+-------------+--------+-----------------+
+-----------------------------------------------------------------------------------------------+--------+-------------+------------+------------+-------------+--------+-----------------+
| Point                                                                                         | Fanout | Capacitance | Resistance | Transition | Delta Delay | Incr   | Path            |
+-----------------------------------------------------------------------------------------------+--------+-------------+------------+------------+-------------+--------+-----------------+
| clk (port)                                                                                    |        | 1.779       | 0.000      | 0.000      |             | 0.000  | 0.000r          |
| clk (clock net)                                                                               | 1098   |             |            |            | NA          |        |                 |
| _373493_:CK (CLKGATE_X1)                                                                      |        | 0.002       | 0.000      | 0.000      |             | 0.000  | 0.000r          |
| _373493_:GCK (CLKGATE_X1)                                                                     |        | 8.353       | 0.000      | 0.000      |             | 0.000  | 0.000r          |
| _168532_ (clock net)                                                                          | 8553   |             |            |            | NA          |        |                 |
| u_systolic_array.pe_row[10].pe_col[14].u_pe_inst.b_reg_$_DFFE_PN0P__Q_3:CK (DFFR_X1)          |        | 0.001       | 0.000      | 0.000      |             | 0.000  | 0.000r          |
| clock clk (rise edge)                                                                         |        |             |            |            |             | 0      | 0               |
| clock network delay (ideal)                                                                   |        |             |            |            |             | 0.000  | 0.000           |
| u_systolic_array.pe_row[10].pe_col[14].u_pe_inst.b_reg_$_DFFE_PN0P__Q_3:CK (DFFR_X1)          |        | 0.001       | 0.000      | 0.000      |             | 0.000  | 0.000r          |
| u_systolic_array.pe_row[10].pe_col[14].u_pe_inst.b_reg_$_DFFE_PN0P__Q_3:Q (DFFR_X1)           |        | 0.082       | 0.000      | 0.190      |             | 0.289  | 0.289r          |
| u_systolic_array.b_data_wires[81][4] (net)                                                    | 12     |             |            |            | 0.000       |        |                 |
| _215427_:B2 (AOI22_X4)                                                                        |        | 0.007       | 0.000      | 0.190      |             | 0.000  | 0.289r          |
| _215427_:ZN (AOI22_X4)                                                                        |        | 0.008       | 0.000      | 0.036      |             | 0.039  | 0.328f          |
| _133563_ (net)                                                                                | 2      |             |            |            | 0.000       |        |                 |
| _215428_:B2 (OAI21_X1)                                                                        |        | 0.002       | 0.000      | 0.036      |             | 0.000  | 0.328f          |
| _215428_:ZN (OAI21_X1)                                                                        |        | 0.006       | 0.000      | 0.043      |             | 0.069  | 0.397r          |
| _133564_ (net)                                                                                | 2      |             |            |            | 0.000       |        |                 |
| _215429_:B (XOR2_X2)                                                                          |        | 0.005       | 0.000      | 0.043      |             | 0.000  | 0.397r          |
| _215429_:Z (XOR2_X2)                                                                          |        | 0.006       | 0.000      | 0.028      |             | 0.061  | 0.458r          |
| _133565_ (net)                                                                                | 2      |             |            |            | 0.000       |        |                 |
| _215450_:A (XOR2_X2)                                                                          |        | 0.004       | 0.000      | 0.028      |             | 0.000  | 0.458r          |
| _215450_:Z (XOR2_X2)                                                                          |        | 0.006       | 0.000      | 0.028      |             | 0.058  | 0.516r          |
| _133586_ (net)                                                                                | 2      |             |            |            | 0.000       |        |                 |
| _215463_:A (XOR2_X2)                                                                          |        | 0.004       | 0.000      | 0.028      |             | 0.000  | 0.516r          |
| _215463_:Z (XOR2_X2)                                                                          |        | 0.006       | 0.000      | 0.028      |             | 0.058  | 0.574r          |
| _133599_ (net)                                                                                | 2      |             |            |            | 0.000       |        |                 |
| _215477_:A (XOR2_X2)                                                                          |        | 0.004       | 0.000      | 0.028      |             | 0.000  | 0.574r          |
| _215477_:Z (XOR2_X2)                                                                          |        | 0.006       | 0.000      | 0.028      |             | 0.058  | 0.633r          |
| _133613_ (net)                                                                                | 2      |             |            |            | 0.000       |        |                 |
| _215497_:A (XOR2_X2)                                                                          |        | 0.004       | 0.000      | 0.028      |             | 0.000  | 0.633r          |
| _215497_:Z (XOR2_X2)                                                                          |        | 0.006       | 0.000      | 0.028      |             | 0.058  | 0.691r          |
| _133633_ (net)                                                                                | 2      |             |            |            | 0.000       |        |                 |
| _215531_:A (XOR2_X2)                                                                          |        | 0.004       | 0.000      | 0.028      |             | 0.000  | 0.691r          |
| _215531_:Z (XOR2_X2)                                                                          |        | 0.005       | 0.000      | 0.028      |             | 0.058  | 0.750r          |
| _133667_ (net)                                                                                | 2      |             |            |            | 0.000       |        |                 |
| _215535_:A (XOR2_X2)                                                                          |        | 0.004       | 0.000      | 0.028      |             | 0.000  | 0.750r          |
| _215535_:Z (XOR2_X2)                                                                          |        | 0.006       | 0.000      | 0.028      |             | 0.058  | 0.808r          |
| _133671_ (net)                                                                                | 2      |             |            |            | 0.000       |        |                 |
| _215536_:A2 (AND2_X4)                                                                         |        | 0.004       | 0.000      | 0.028      |             | 0.000  | 0.808r          |
| _215536_:ZN (AND2_X4)                                                                         |        | 0.005       | 0.000      | 0.008      |             | 0.033  | 0.841r          |
| _133672_ (net)                                                                                | 2      |             |            |            | 0.000       |        |                 |
| _215538_:B1 (OAI21_X2)                                                                        |        | 0.003       | 0.000      | 0.008      |             | 0.000  | 0.841r          |
| _215538_:ZN (OAI21_X2)                                                                        |        | 0.003       | 0.000      | 0.010      |             | 0.013  | 0.854f          |
| _133674_ (net)                                                                                | 1      |             |            |            | 0.000       |        |                 |
| _215539_:A (INV_X2)                                                                           |        | 0.003       | 0.000      | 0.010      |             | 0.000  | 0.854f          |
| _215539_:ZN (INV_X2)                                                                          |        | 0.007       | 0.000      | 0.011      |             | 0.018  | 0.872r          |
| _133675_ (net)                                                                                | 1      |             |            |            | 0.000       |        |                 |
| _215541_:A1 (NOR2_X4)                                                                         |        | 0.007       | 0.000      | 0.011      |             | 0.000  | 0.872r          |
| _215541_:ZN (NOR2_X4)                                                                         |        | 0.005       | 0.000      | 0.007      |             | 0.008  | 0.880f          |
| _133677_ (net)                                                                                | 2      |             |            |            | 0.000       |        |                 |
| _215542_:A (INV_X2)                                                                           |        | 0.003       | 0.000      | 0.007      |             | 0.000  | 0.880f          |
| _215542_:ZN (INV_X2)                                                                          |        | 0.003       | 0.000      | 0.008      |             | 0.013  | 0.893r          |
| _133678_ (net)                                                                                | 1      |             |            |            | 0.000       |        |                 |
| _215568_:A1 (AND2_X4)                                                                         |        | 0.003       | 0.000      | 0.008      |             | 0.000  | 0.893r          |
| _215568_:ZN (AND2_X4)                                                                         |        | 0.007       | 0.000      | 0.009      |             | 0.028  | 0.921r          |
| _133704_ (net)                                                                                | 1      |             |            |            | 0.000       |        |                 |
| _215570_:A1 (NOR2_X4)                                                                         |        | 0.007       | 0.000      | 0.009      |             | 0.000  | 0.921r          |
| _215570_:ZN (NOR2_X4)                                                                         |        | 0.005       | 0.000      | 0.007      |             | 0.008  | 0.929f          |
| _133706_ (net)                                                                                | 2      |             |            |            | 0.000       |        |                 |
| _215571_:A (INV_X2)                                                                           |        | 0.003       | 0.000      | 0.007      |             | 0.000  | 0.929f          |
| _215571_:ZN (INV_X2)                                                                          |        | 0.004       | 0.000      | 0.009      |             | 0.014  | 0.943r          |
| _133707_ (net)                                                                                | 2      |             |            |            | 0.000       |        |                 |
| _215588_:A1 (AND3_X4)                                                                         |        | 0.003       | 0.000      | 0.009      |             | 0.000  | 0.943r          |
| _215588_:ZN (AND3_X4)                                                                         |        | 0.008       | 0.000      | 0.012      |             | 0.039  | 0.983r          |
| _133724_ (net)                                                                                | 2      |             |            |            | 0.000       |        |                 |
| _215593_:B1 (OAI21_X4)                                                                        |        | 0.006       | 0.000      | 0.012      |             | 0.000  | 0.983r          |
| _215593_:ZN (OAI21_X4)                                                                        |        | 0.006       | 0.000      | 0.014      |             | 0.014  | 0.997f          |
| _133729_ (net)                                                                                | 1      |             |            |            | 0.000       |        |                 |
| _215595_:A1 (NAND2_X4)                                                                        |        | 0.006       | 0.000      | 0.014      |             | 0.000  | 0.997f          |
| _215595_:ZN (NAND2_X4)                                                                        |        | 0.005       | 0.000      | 0.010      |             | 0.016  | 1.013r          |
| _133731_ (net)                                                                                | 2      |             |            |            | 0.000       |        |                 |
| _215601_:A1 (NAND2_X2)                                                                        |        | 0.003       | 0.000      | 0.010      |             | 0.000  | 1.013r          |
| _215601_:ZN (NAND2_X2)                                                                        |        | 0.003       | 0.000      | 0.010      |             | 0.012  | 1.025f          |
| _133737_ (net)                                                                                | 1      |             |            |            | 0.000       |        |                 |
| _215603_:A1 (NAND2_X2)                                                                        |        | 0.003       | 0.000      | 0.010      |             | 0.000  | 1.025f          |
| _215603_:ZN (NAND2_X2)                                                                        |        | 0.004       | 0.000      | 0.011      |             | 0.016  | 1.041r          |
| _133739_ (net)                                                                                | 2      |             |            |            | 0.000       |        |                 |
| _215610_:A (XOR2_X1)                                                                          |        | 0.002       | 0.000      | 0.011      |             | 0.000  | 1.041r          |
| _215610_:Z (XOR2_X1)                                                                          |        | 0.001       | 0.000      | 0.023      |             | 0.048  | 1.090r          |
| u_systolic_array.pe_row[10].pe_col[14].u_pe_inst.mul_output_data[14] (net)                    | 1      |             |            |            | 0.000       |        |                 |
| u_systolic_array.pe_row[10].pe_col[14].u_pe_inst.mul_result_reg_$_DFFE_PN0P__Q_1:D (DFFR_X1)  |        | 0.001       | 0.000      | 0.023      |             | 0.000  | 1.090r          |
|                                                                                               |        |             |            |            |             |        |                 |
| clk (port)                                                                                    |        | 1.779       | 0.000      | 0.000      |             | 0.000  | 0.000r          |
| clk (clock net)                                                                               | 1098   |             |            |            | NA          |        |                 |
| _373493_:CK (CLKGATE_X1)                                                                      |        | 0.002       | 0.000      | 0.000      |             | 0.000  | 0.000r          |
| _373493_:GCK (CLKGATE_X1)                                                                     |        | 8.353       | 0.000      | 0.000      |             | 0.000  | 0.000r          |
| _168532_ (clock net)                                                                          | 8553   |             |            |            | NA          |        |                 |
| u_systolic_array.pe_row[10].pe_col[14].u_pe_inst.mul_result_reg_$_DFFE_PN0P__Q_1:CK (DFFR_X1) |        | 0.001       | 0.000      | 0.000      |             | 0.000  | 0.000r          |
| clock clk (rise edge)                                                                         |        |             |            |            |             | 1.13   | 1.13            |
| clock network delay (ideal)                                                                   |        |             |            |            |             | 0.000  | 1.130           |
| u_systolic_array.pe_row[10].pe_col[14].u_pe_inst.mul_result_reg_$_DFFE_PN0P__Q_1:CK (DFFR_X1) |        |             |            |            |             |        | 1.130r          |
| library setup time                                                                            |        |             |            |            |             | -0.037 | 1.093           |
| clock reconvergence pessimism                                                                 |        |             |            |            |             | 0.000  | 1.093           |
|                                                                                               |        |             |            |            |             |        |                 |
| path cell delay                                                                               |        |             |            |            |             |        | 1.090(100.000%) |
| path net delay                                                                                |        |             |            |            |             |        | 0.000(0.000%)   |
|                                                                                               |        |             |            |            |             |        |                 |
| data require time                                                                             |        |             |            |            |             |        | 1.093           |
| data arrival time                                                                             |        |             |            |            |             |        | 1.090           |
| slack (MET)                                                                                   |        |             |            |            |             |        | 0.003           |
+-----------------------------------------------------------------------------------------------+--------+-------------+------------+------------+-------------+--------+-----------------+
+---------------------------------------------------------------------------------------------+--------+-------------+------------+------------+-------------+--------+-----------------+
| Point                                                                                       | Fanout | Capacitance | Resistance | Transition | Delta Delay | Incr   | Path            |
+---------------------------------------------------------------------------------------------+--------+-------------+------------+------------+-------------+--------+-----------------+
| clk (port)                                                                                  |        | 1.779       | 0.000      | 0.000      |             | 0.000  | 0.000r          |
| clk (clock net)                                                                             | 1098   |             |            |            | NA          |        |                 |
| _373493_:CK (CLKGATE_X1)                                                                    |        | 0.002       | 0.000      | 0.000      |             | 0.000  | 0.000r          |
| _373493_:GCK (CLKGATE_X1)                                                                   |        | 8.353       | 0.000      | 0.000      |             | 0.000  | 0.000r          |
| _168532_ (clock net)                                                                        | 8553   |             |            |            | NA          |        |                 |
| u_systolic_array.pe_row[10].pe_col[14].u_pe_inst.b_reg_$_DFFE_PN0P__Q_3:CK (DFFR_X1)        |        | 0.001       | 0.000      | 0.000      |             | 0.000  | 0.000r          |
| clock clk (rise edge)                                                                       |        |             |            |            |             | 0      | 0               |
| clock network delay (ideal)                                                                 |        |             |            |            |             | 0.000  | 0.000           |
| u_systolic_array.pe_row[10].pe_col[14].u_pe_inst.b_reg_$_DFFE_PN0P__Q_3:CK (DFFR_X1)        |        | 0.001       | 0.000      | 0.000      |             | 0.000  | 0.000r          |
| u_systolic_array.pe_row[10].pe_col[14].u_pe_inst.b_reg_$_DFFE_PN0P__Q_3:Q (DFFR_X1)         |        | 0.082       | 0.000      | 0.190      |             | 0.289  | 0.289r          |
| u_systolic_array.b_data_wires[81][4] (net)                                                  | 12     |             |            |            | 0.000       |        |                 |
| _215239_:A (INV_X32)                                                                        |        | 0.049       | 0.000      | 0.190      |             | 0.000  | 0.289r          |
| _215239_:ZN (INV_X32)                                                                       |        | 0.010       | 0.000      | 0.028      |             | -0.009 | 0.281f          |
| _133375_ (net)                                                                              | 4      |             |            |            | 0.000       |        |                 |
| _215423_:A3 (NOR3_X4)                                                                       |        | 0.006       | 0.000      | 0.028      |             | 0.000  | 0.281f          |
| _215423_:ZN (NOR3_X4)                                                                       |        | 0.008       | 0.000      | 0.032      |             | 0.063  | 0.344r          |
| _133559_ (net)                                                                              | 2      |             |            |            | 0.000       |        |                 |
| _215451_:A1 (NOR2_X4)                                                                       |        | 0.007       | 0.000      | 0.032      |             | 0.000  | 0.344r          |
| _215451_:ZN (NOR2_X4)                                                                       |        | 0.004       | 0.000      | 0.009      |             | 0.009  | 0.352f          |
| _133587_ (net)                                                                              | 1      |             |            |            | 0.000       |        |                 |
| _215452_:A (XNOR2_X2)                                                                       |        | 0.004       | 0.000      | 0.009      |             | 0.000  | 0.352f          |
| _215452_:ZN (XNOR2_X2)                                                                      |        | 0.006       | 0.000      | 0.025      |             | 0.034  | 0.386r          |
| _133588_ (net)                                                                              | 2      |             |            |            | 0.000       |        |                 |
| _215454_:A (XOR2_X2)                                                                        |        | 0.004       | 0.000      | 0.025      |             | 0.000  | 0.386r          |
| _215454_:Z (XOR2_X2)                                                                        |        | 0.006       | 0.000      | 0.028      |             | 0.058  | 0.444r          |
| _133590_ (net)                                                                              | 2      |             |            |            | 0.000       |        |                 |
| _215478_:A (XOR2_X2)                                                                        |        | 0.004       | 0.000      | 0.028      |             | 0.000  | 0.444r          |
| _215478_:Z (XOR2_X2)                                                                        |        | 0.006       | 0.000      | 0.028      |             | 0.058  | 0.502r          |
| _133614_ (net)                                                                              | 2      |             |            |            | 0.000       |        |                 |
| _215489_:A (XOR2_X2)                                                                        |        | 0.004       | 0.000      | 0.028      |             | 0.000  | 0.502r          |
| _215489_:Z (XOR2_X2)                                                                        |        | 0.006       | 0.000      | 0.028      |             | 0.058  | 0.561r          |
| _133625_ (net)                                                                              | 2      |             |            |            | 0.000       |        |                 |
| _215503_:A (XOR2_X2)                                                                        |        | 0.004       | 0.000      | 0.028      |             | 0.000  | 0.561r          |
| _215503_:Z (XOR2_X2)                                                                        |        | 0.006       | 0.000      | 0.028      |             | 0.058  | 0.619r          |
| _133639_ (net)                                                                              | 2      |             |            |            | 0.000       |        |                 |
| _215514_:A (XOR2_X2)                                                                        |        | 0.004       | 0.000      | 0.028      |             | 0.000  | 0.619r          |
| _215514_:Z (XOR2_X2)                                                                        |        | 0.006       | 0.000      | 0.028      |             | 0.058  | 0.677r          |
| _133650_ (net)                                                                              | 2      |             |            |            | 0.000       |        |                 |
| _215516_:A (XNOR2_X2)                                                                       |        | 0.004       | 0.000      | 0.028      |             | 0.000  | 0.677r          |
| _215516_:ZN (XNOR2_X2)                                                                      |        | 0.005       | 0.000      | 0.013      |             | 0.022  | 0.700f          |
| _133652_ (net)                                                                              | 2      |             |            |            | 0.000       |        |                 |
| _215521_:A (XOR2_X2)                                                                        |        | 0.004       | 0.000      | 0.013      |             | 0.000  | 0.700f          |
| _215521_:Z (XOR2_X2)                                                                        |        | 0.005       | 0.000      | 0.013      |             | 0.056  | 0.755f          |
| _133657_ (net)                                                                              | 2      |             |            |            | 0.000       |        |                 |
| _215528_:A1 (NAND2_X2)                                                                      |        | 0.003       | 0.000      | 0.013      |             | 0.000  | 0.755f          |
| _215528_:ZN (NAND2_X2)                                                                      |        | 0.003       | 0.000      | 0.011      |             | 0.017  | 0.772r          |
| _133664_ (net)                                                                              | 1      |             |            |            | 0.000       |        |                 |
| _215530_:A1 (NAND2_X2)                                                                      |        | 0.003       | 0.000      | 0.011      |             | 0.000  | 0.772r          |
| _215530_:ZN (NAND2_X2)                                                                      |        | 0.005       | 0.000      | 0.009      |             | 0.016  | 0.789f          |
| _133666_ (net)                                                                              | 2      |             |            |            | 0.000       |        |                 |
| _215536_:A1 (AND2_X4)                                                                       |        | 0.003       | 0.000      | 0.009      |             | 0.000  | 0.789f          |
| _215536_:ZN (AND2_X4)                                                                       |        | 0.004       | 0.000      | 0.005      |             | 0.026  | 0.815f          |
| _133672_ (net)                                                                              | 2      |             |            |            | 0.000       |        |                 |
| _215538_:B1 (OAI21_X2)                                                                      |        | 0.003       | 0.000      | 0.005      |             | 0.000  | 0.815f          |
| _215538_:ZN (OAI21_X2)                                                                      |        | 0.003       | 0.000      | 0.020      |             | 0.027  | 0.842r          |
| _133674_ (net)                                                                              | 1      |             |            |            | 0.000       |        |                 |
| _215539_:A (INV_X2)                                                                         |        | 0.003       | 0.000      | 0.020      |             | 0.000  | 0.842r          |
| _215539_:ZN (INV_X2)                                                                        |        | 0.006       | 0.000      | 0.008      |             | 0.012  | 0.854f          |
| _133675_ (net)                                                                              | 1      |             |            |            | 0.000       |        |                 |
| _215541_:A1 (NOR2_X4)                                                                       |        | 0.007       | 0.000      | 0.008      |             | 0.000  | 0.854f          |
| _215541_:ZN (NOR2_X4)                                                                       |        | 0.005       | 0.000      | 0.014      |             | 0.021  | 0.875r          |
| _133677_ (net)                                                                              | 2      |             |            |            | 0.000       |        |                 |
| _215542_:A (INV_X2)                                                                         |        | 0.003       | 0.000      | 0.014      |             | 0.000  | 0.875r          |
| _215542_:ZN (INV_X2)                                                                        |        | 0.003       | 0.000      | 0.006      |             | 0.009  | 0.885f          |
| _133678_ (net)                                                                              | 1      |             |            |            | 0.000       |        |                 |
| _215568_:A1 (AND2_X4)                                                                       |        | 0.003       | 0.000      | 0.006      |             | 0.000  | 0.885f          |
| _215568_:ZN (AND2_X4)                                                                       |        | 0.006       | 0.000      | 0.006      |             | 0.025  | 0.910f          |
| _133704_ (net)                                                                              | 1      |             |            |            | 0.000       |        |                 |
| _215570_:A1 (NOR2_X4)                                                                       |        | 0.007       | 0.000      | 0.006      |             | 0.000  | 0.910f          |
| _215570_:ZN (NOR2_X4)                                                                       |        | 0.005       | 0.000      | 0.014      |             | 0.021  | 0.930r          |
| _133706_ (net)                                                                              | 2      |             |            |            | 0.000       |        |                 |
| _215571_:A (INV_X2)                                                                         |        | 0.003       | 0.000      | 0.014      |             | 0.000  | 0.930r          |
| _215571_:ZN (INV_X2)                                                                        |        | 0.004       | 0.000      | 0.006      |             | 0.009  | 0.939f          |
| _133707_ (net)                                                                              | 2      |             |            |            | 0.000       |        |                 |
| _215588_:A1 (AND3_X4)                                                                       |        | 0.003       | 0.000      | 0.006      |             | 0.000  | 0.939f          |
| _215588_:ZN (AND3_X4)                                                                       |        | 0.007       | 0.000      | 0.006      |             | 0.027  | 0.967f          |
| _133724_ (net)                                                                              | 2      |             |            |            | 0.000       |        |                 |
| _215593_:B1 (OAI21_X4)                                                                      |        | 0.006       | 0.000      | 0.006      |             | 0.000  | 0.967f          |
| _215593_:ZN (OAI21_X4)                                                                      |        | 0.006       | 0.000      | 0.017      |             | 0.025  | 0.992r          |
| _133729_ (net)                                                                              | 1      |             |            |            | 0.000       |        |                 |
| _215595_:A1 (NAND2_X4)                                                                      |        | 0.006       | 0.000      | 0.017      |             | 0.000  | 0.992r          |
| _215595_:ZN (NAND2_X4)                                                                      |        | 0.005       | 0.000      | 0.008      |             | 0.014  | 1.006f          |
| _133731_ (net)                                                                              | 2      |             |            |            | 0.000       |        |                 |
| _215601_:A1 (NAND2_X2)                                                                      |        | 0.003       | 0.000      | 0.008      |             | 0.000  | 1.006f          |
| _215601_:ZN (NAND2_X2)                                                                      |        | 0.003       | 0.000      | 0.011      |             | 0.015  | 1.021r          |
| _133737_ (net)                                                                              | 1      |             |            |            | 0.000       |        |                 |
| _215603_:A1 (NAND2_X2)                                                                      |        | 0.003       | 0.000      | 0.011      |             | 0.000  | 1.021r          |
| _215603_:ZN (NAND2_X2)                                                                      |        | 0.004       | 0.000      | 0.008      |             | 0.014  | 1.035f          |
| _133739_ (net)                                                                              | 2      |             |            |            | 0.000       |        |                 |
| _215605_:C1 (AOI211_X1)                                                                     |        | 0.002       | 0.000      | 0.008      |             | 0.000  | 1.035f          |
| _215605_:ZN (AOI211_X1)                                                                     |        | 0.001       | 0.000      | 0.039      |             | 0.040  | 1.074r          |
| u_systolic_array.pe_row[10].pe_col[14].u_pe_inst.mul_output_data[15] (net)                  | 1      |             |            |            | 0.000       |        |                 |
| u_systolic_array.pe_row[10].pe_col[14].u_pe_inst.mul_result_reg_$_DFFE_PN0P__Q:D (DFFR_X1)  |        | 0.001       | 0.000      | 0.039      |             | 0.000  | 1.074r          |
|                                                                                             |        |             |            |            |             |        |                 |
| clk (port)                                                                                  |        | 1.779       | 0.000      | 0.000      |             | 0.000  | 0.000r          |
| clk (clock net)                                                                             | 1098   |             |            |            | NA          |        |                 |
| _373493_:CK (CLKGATE_X1)                                                                    |        | 0.002       | 0.000      | 0.000      |             | 0.000  | 0.000r          |
| _373493_:GCK (CLKGATE_X1)                                                                   |        | 8.353       | 0.000      | 0.000      |             | 0.000  | 0.000r          |
| _168532_ (clock net)                                                                        | 8553   |             |            |            | NA          |        |                 |
| u_systolic_array.pe_row[10].pe_col[14].u_pe_inst.mul_result_reg_$_DFFE_PN0P__Q:CK (DFFR_X1) |        | 0.001       | 0.000      | 0.000      |             | 0.000  | 0.000r          |
| clock clk (rise edge)                                                                       |        |             |            |            |             | 1.13   | 1.13            |
| clock network delay (ideal)                                                                 |        |             |            |            |             | 0.000  | 1.130           |
| u_systolic_array.pe_row[10].pe_col[14].u_pe_inst.mul_result_reg_$_DFFE_PN0P__Q:CK (DFFR_X1) |        |             |            |            |             |        | 1.130r          |
| library setup time                                                                          |        |             |            |            |             | -0.041 | 1.089           |
| clock reconvergence pessimism                                                               |        |             |            |            |             | 0.000  | 1.089           |
|                                                                                             |        |             |            |            |             |        |                 |
| path cell delay                                                                             |        |             |            |            |             |        | 1.074(100.000%) |
| path net delay                                                                              |        |             |            |            |             |        | 0.000(0.000%)   |
|                                                                                             |        |             |            |            |             |        |                 |
| data require time                                                                           |        |             |            |            |             |        | 1.089           |
| data arrival time                                                                           |        |             |            |            |             |        | 1.074           |
| slack (MET)                                                                                 |        |             |            |            |             |        | 0.014           |
+---------------------------------------------------------------------------------------------+--------+-------------+------------+------------+-------------+--------+-----------------+
+----------------------------------------------------------------------------------------------------------------------------------+--------+-------------+------------+------------+-------------+--------+-----------------+
| Point                                                                                                                            | Fanout | Capacitance | Resistance | Transition | Delta Delay | Incr   | Path            |
+----------------------------------------------------------------------------------------------------------------------------------+--------+-------------+------------+------------+-------------+--------+-----------------+
| clk (port)                                                                                                                       |        | 1.779       | 0.000      | 0.000      |             | 0.000  | 0.000r          |
| clk (clock net)                                                                                                                  | 1098   |             |            |            | NA          |        |                 |
| _373782_:CK (CLKGATE_X1)                                                                                                         |        | 0.002       | 0.000      | 0.000      |             | 0.000  | 0.000r          |
| _373782_:GCK (CLKGATE_X1)                                                                                                        |        | 0.001       | 0.000      | 0.000      |             | 0.000  | 0.000r          |
| _168821_ (clock net)                                                                                                             | 1      |             |            |            | NA          |        |                 |
| sa_activate_comp_reg_$_DFFE_PN0N__Q:CK (DFFR_X1)                                                                                 |        | 0.001       | 0.000      | 0.000      |             | 0.000  | 0.000r          |
| clock clk (rise edge)                                                                                                            |        |             |            |            |             | 0      | 0               |
| clock network delay (ideal)                                                                                                      |        |             |            |            |             | 0.000  | 0.000           |
| sa_activate_comp_reg_$_DFFE_PN0N__Q:CK (DFFR_X1)                                                                                 |        | 0.001       | 0.000      | 0.000      |             | 0.000  | 0.000r          |
| sa_activate_comp_reg_$_DFFE_PN0N__Q:Q (DFFR_X1)                                                                                  |        | 0.065       | 0.000      | 0.154      |             | 0.251  | 0.251r          |
| sa_activate_comp_reg (net)                                                                                                       | 28     |             |            |            | 0.000       |        |                 |
| fanout_buf_761:A (BUF_X8)                                                                                                        |        | 0.007       | 0.000      | 0.154      |             | 0.000  | 0.251r          |
| fanout_buf_761:Z (BUF_X8)                                                                                                        |        | 0.039       | 0.000      | 0.018      |             | 0.041  | 0.292r          |
| fanout_net_761 (net)                                                                                                             | 30     |             |            |            | 0.000       |        |                 |
| _199709_:A (INV_X2)                                                                                                              |        | 0.003       | 0.000      | 0.018      |             | 0.000  | 0.292r          |
| _199709_:ZN (INV_X2)                                                                                                             |        | 0.020       | 0.000      | 0.013      |             | 0.023  | 0.315f          |
| _119707_ (net)                                                                                                                   | 5      |             |            |            | 0.000       |        |                 |
| _199710_:A1 (NOR2_X2)                                                                                                            |        | 0.003       | 0.000      | 0.013      |             | 0.000  | 0.315f          |
| _199710_:ZN (NOR2_X2)                                                                                                            |        | 0.027       | 0.000      | 0.070      |             | 0.085  | 0.400r          |
| _119708_ (net)                                                                                                                   | 8      |             |            |            | 0.000       |        |                 |
| _201474_:A1 (NOR2_X1)                                                                                                            |        | 0.002       | 0.000      | 0.070      |             | 0.000  | 0.400r          |
| _201474_:ZN (NOR2_X1)                                                                                                            |        | 0.006       | 0.000      | 0.021      |             | 0.024  | 0.425f          |
| _120833_ (net)                                                                                                                   | 1      |             |            |            | 0.000       |        |                 |
| _201475_:A (BUF_X8)                                                                                                              |        | 0.007       | 0.000      | 0.021      |             | 0.000  | 0.425f          |
| _201475_:Z (BUF_X8)                                                                                                              |        | 0.033       | 0.000      | 0.008      |             | 0.036  | 0.460f          |
| _120834_ (net)                                                                                                                   | 10     |             |            |            | 0.000       |        |                 |
| _201476_:A (BUF_X4)                                                                                                              |        | 0.003       | 0.000      | 0.008      |             | 0.000  | 0.460f          |
| _201476_:Z (BUF_X4)                                                                                                              |        | 0.026       | 0.000      | 0.010      |             | 0.032  | 0.492f          |
| _120835_ (net)                                                                                                                   | 10     |             |            |            | 0.000       |        |                 |
| _208230_:A (BUF_X4)                                                                                                              |        | 0.003       | 0.000      | 0.010      |             | 0.000  | 0.492f          |
| _208230_:Z (BUF_X4)                                                                                                              |        | 0.016       | 0.000      | 0.008      |             | 0.029  | 0.521f          |
| _127002_ (net)                                                                                                                   | 10     |             |            |            | 0.000       |        |                 |
| _210232_:A2 (NOR2_X1)                                                                                                            |        | 0.002       | 0.000      | 0.008      |             | 0.000  | 0.521f          |
| _210232_:ZN (NOR2_X1)                                                                                                            |        | 0.001       | 0.000      | 0.013      |             | 0.024  | 0.545r          |
| u_systolic_array.pe_row[0].pe_col[7].u_pe_inst.pe_calculation_done_latch_$_OR__B_Y_$_ANDNOT__B_Y_$_OR__B_Y_$_ANDNOT__B_1_Y (net) | 1      |             |            |            | 0.000       |        |                 |
| _373465_:E (CLKGATE_X1)                                                                                                          |        | 0.001       | 0.000      | 0.013      |             | 0.000  | 0.545r          |
|                                                                                                                                  |        |             |            |            |             |        |                 |
| clk (port)                                                                                                                       |        | 1.779       | 0.000      | 0.000      |             | 0.000  | 0.000r          |
| clk (clock net)                                                                                                                  | 1098   |             |            |            | NA          |        |                 |
| _373465_:CK (CLKGATE_X1)                                                                                                         |        | 0.002       | 0.000      | 0.000      |             | 0.000  | 0.000r          |
| clock clk (rise edge)                                                                                                            |        |             |            |            |             | 1.13   | 1.13            |
| clock network delay (ideal)                                                                                                      |        |             |            |            |             | 0.000  | 1.130           |
| _373465_:CK (CLKGATE_X1)                                                                                                         |        |             |            |            |             |        | 1.130r          |
| library setup time                                                                                                               |        |             |            |            |             | -0.050 | 1.080           |
| clock reconvergence pessimism                                                                                                    |        |             |            |            |             | 0.000  | 1.080           |
|                                                                                                                                  |        |             |            |            |             |        |                 |
| path cell delay                                                                                                                  |        |             |            |            |             |        | 0.545(100.000%) |
| path net delay                                                                                                                   |        |             |            |            |             |        | 0.000(0.000%)   |
|                                                                                                                                  |        |             |            |            |             |        |                 |
| data require time                                                                                                                |        |             |            |            |             |        | 1.080           |
| data arrival time                                                                                                                |        |             |            |            |             |        | 0.545           |
| slack (MET)                                                                                                                      |        |             |            |            |             |        | 0.534           |
+----------------------------------------------------------------------------------------------------------------------------------+--------+-------------+------------+------------+-------------+--------+-----------------+
+-----------------------------------------------------------------------------------------------------------------------------------+--------+-------------+------------+------------+-------------+--------+-----------------+
| Point                                                                                                                             | Fanout | Capacitance | Resistance | Transition | Delta Delay | Incr   | Path            |
+-----------------------------------------------------------------------------------------------------------------------------------+--------+-------------+------------+------------+-------------+--------+-----------------+
| clk (port)                                                                                                                        |        | 1.779       | 0.000      | 0.000      |             | 0.000  | 0.000r          |
| clk (clock net)                                                                                                                   | 1098   |             |            |            | NA          |        |                 |
| _373782_:CK (CLKGATE_X1)                                                                                                          |        | 0.002       | 0.000      | 0.000      |             | 0.000  | 0.000r          |
| _373782_:GCK (CLKGATE_X1)                                                                                                         |        | 0.001       | 0.000      | 0.000      |             | 0.000  | 0.000r          |
| _168821_ (clock net)                                                                                                              | 1      |             |            |            | NA          |        |                 |
| sa_activate_comp_reg_$_DFFE_PN0N__Q:CK (DFFR_X1)                                                                                  |        | 0.001       | 0.000      | 0.000      |             | 0.000  | 0.000r          |
| clock clk (rise edge)                                                                                                             |        |             |            |            |             | 0      | 0               |
| clock network delay (ideal)                                                                                                       |        |             |            |            |             | 0.000  | 0.000           |
| sa_activate_comp_reg_$_DFFE_PN0N__Q:CK (DFFR_X1)                                                                                  |        | 0.001       | 0.000      | 0.000      |             | 0.000  | 0.000r          |
| sa_activate_comp_reg_$_DFFE_PN0N__Q:Q (DFFR_X1)                                                                                   |        | 0.065       | 0.000      | 0.154      |             | 0.251  | 0.251r          |
| sa_activate_comp_reg (net)                                                                                                        | 28     |             |            |            | 0.000       |        |                 |
| fanout_buf_761:A (BUF_X8)                                                                                                         |        | 0.007       | 0.000      | 0.154      |             | 0.000  | 0.251r          |
| fanout_buf_761:Z (BUF_X8)                                                                                                         |        | 0.039       | 0.000      | 0.018      |             | 0.041  | 0.292r          |
| fanout_net_761 (net)                                                                                                              | 30     |             |            |            | 0.000       |        |                 |
| _199709_:A (INV_X2)                                                                                                               |        | 0.003       | 0.000      | 0.018      |             | 0.000  | 0.292r          |
| _199709_:ZN (INV_X2)                                                                                                              |        | 0.020       | 0.000      | 0.013      |             | 0.023  | 0.315f          |
| _119707_ (net)                                                                                                                    | 5      |             |            |            | 0.000       |        |                 |
| _199710_:A1 (NOR2_X2)                                                                                                             |        | 0.003       | 0.000      | 0.013      |             | 0.000  | 0.315f          |
| _199710_:ZN (NOR2_X2)                                                                                                             |        | 0.027       | 0.000      | 0.070      |             | 0.085  | 0.400r          |
| _119708_ (net)                                                                                                                    | 8      |             |            |            | 0.000       |        |                 |
| _201474_:A1 (NOR2_X1)                                                                                                             |        | 0.002       | 0.000      | 0.070      |             | 0.000  | 0.400r          |
| _201474_:ZN (NOR2_X1)                                                                                                             |        | 0.006       | 0.000      | 0.021      |             | 0.024  | 0.425f          |
| _120833_ (net)                                                                                                                    | 1      |             |            |            | 0.000       |        |                 |
| _201475_:A (BUF_X8)                                                                                                               |        | 0.007       | 0.000      | 0.021      |             | 0.000  | 0.425f          |
| _201475_:Z (BUF_X8)                                                                                                               |        | 0.033       | 0.000      | 0.008      |             | 0.036  | 0.460f          |
| _120834_ (net)                                                                                                                    | 10     |             |            |            | 0.000       |        |                 |
| _201476_:A (BUF_X4)                                                                                                               |        | 0.003       | 0.000      | 0.008      |             | 0.000  | 0.460f          |
| _201476_:Z (BUF_X4)                                                                                                               |        | 0.026       | 0.000      | 0.010      |             | 0.032  | 0.492f          |
| _120835_ (net)                                                                                                                    | 10     |             |            |            | 0.000       |        |                 |
| _221735_:A (BUF_X4)                                                                                                               |        | 0.003       | 0.000      | 0.010      |             | 0.000  | 0.492f          |
| _221735_:Z (BUF_X4)                                                                                                               |        | 0.016       | 0.000      | 0.008      |             | 0.029  | 0.521f          |
| _139327_ (net)                                                                                                                    | 10     |             |            |            | 0.000       |        |                 |
| _222415_:A2 (NOR2_X1)                                                                                                             |        | 0.002       | 0.000      | 0.008      |             | 0.000  | 0.521f          |
| _222415_:ZN (NOR2_X1)                                                                                                             |        | 0.001       | 0.000      | 0.013      |             | 0.024  | 0.545r          |
| u_systolic_array.pe_row[10].pe_col[9].u_pe_inst.pe_calculation_done_latch_$_OR__B_Y_$_ANDNOT__B_Y_$_OR__A_Y_$_ANDNOT__B_1_Y (net) | 1      |             |            |            | 0.000       |        |                 |
| _373429_:E (CLKGATE_X1)                                                                                                           |        | 0.001       | 0.000      | 0.013      |             | 0.000  | 0.545r          |
|                                                                                                                                   |        |             |            |            |             |        |                 |
| clk (port)                                                                                                                        |        | 1.779       | 0.000      | 0.000      |             | 0.000  | 0.000r          |
| clk (clock net)                                                                                                                   | 1098   |             |            |            | NA          |        |                 |
| _373429_:CK (CLKGATE_X1)                                                                                                          |        | 0.002       | 0.000      | 0.000      |             | 0.000  | 0.000r          |
| clock clk (rise edge)                                                                                                             |        |             |            |            |             | 1.13   | 1.13            |
| clock network delay (ideal)                                                                                                       |        |             |            |            |             | 0.000  | 1.130           |
| _373429_:CK (CLKGATE_X1)                                                                                                          |        |             |            |            |             |        | 1.130r          |
| library setup time                                                                                                                |        |             |            |            |             | -0.050 | 1.080           |
| clock reconvergence pessimism                                                                                                     |        |             |            |            |             | 0.000  | 1.080           |
|                                                                                                                                   |        |             |            |            |             |        |                 |
| path cell delay                                                                                                                   |        |             |            |            |             |        | 0.545(100.000%) |
| path net delay                                                                                                                    |        |             |            |            |             |        | 0.000(0.000%)   |
|                                                                                                                                   |        |             |            |            |             |        |                 |
| data require time                                                                                                                 |        |             |            |            |             |        | 1.080           |
| data arrival time                                                                                                                 |        |             |            |            |             |        | 0.545           |
| slack (MET)                                                                                                                       |        |             |            |            |             |        | 0.534           |
+-----------------------------------------------------------------------------------------------------------------------------------+--------+-------------+------------+------------+-------------+--------+-----------------+
+-----------------------------------------------------------------------------------------------------------------------------------+--------+-------------+------------+------------+-------------+--------+-----------------+
| Point                                                                                                                             | Fanout | Capacitance | Resistance | Transition | Delta Delay | Incr   | Path            |
+-----------------------------------------------------------------------------------------------------------------------------------+--------+-------------+------------+------------+-------------+--------+-----------------+
| clk (port)                                                                                                                        |        | 1.779       | 0.000      | 0.000      |             | 0.000  | 0.000r          |
| clk (clock net)                                                                                                                   | 1098   |             |            |            | NA          |        |                 |
| _373782_:CK (CLKGATE_X1)                                                                                                          |        | 0.002       | 0.000      | 0.000      |             | 0.000  | 0.000r          |
| _373782_:GCK (CLKGATE_X1)                                                                                                         |        | 0.001       | 0.000      | 0.000      |             | 0.000  | 0.000r          |
| _168821_ (clock net)                                                                                                              | 1      |             |            |            | NA          |        |                 |
| sa_activate_comp_reg_$_DFFE_PN0N__Q:CK (DFFR_X1)                                                                                  |        | 0.001       | 0.000      | 0.000      |             | 0.000  | 0.000r          |
| clock clk (rise edge)                                                                                                             |        |             |            |            |             | 0      | 0               |
| clock network delay (ideal)                                                                                                       |        |             |            |            |             | 0.000  | 0.000           |
| sa_activate_comp_reg_$_DFFE_PN0N__Q:CK (DFFR_X1)                                                                                  |        | 0.001       | 0.000      | 0.000      |             | 0.000  | 0.000r          |
| sa_activate_comp_reg_$_DFFE_PN0N__Q:Q (DFFR_X1)                                                                                   |        | 0.065       | 0.000      | 0.154      |             | 0.251  | 0.251r          |
| sa_activate_comp_reg (net)                                                                                                        | 28     |             |            |            | 0.000       |        |                 |
| fanout_buf_761:A (BUF_X8)                                                                                                         |        | 0.007       | 0.000      | 0.154      |             | 0.000  | 0.251r          |
| fanout_buf_761:Z (BUF_X8)                                                                                                         |        | 0.039       | 0.000      | 0.018      |             | 0.041  | 0.292r          |
| fanout_net_761 (net)                                                                                                              | 30     |             |            |            | 0.000       |        |                 |
| _199709_:A (INV_X2)                                                                                                               |        | 0.003       | 0.000      | 0.018      |             | 0.000  | 0.292r          |
| _199709_:ZN (INV_X2)                                                                                                              |        | 0.020       | 0.000      | 0.013      |             | 0.023  | 0.315f          |
| _119707_ (net)                                                                                                                    | 5      |             |            |            | 0.000       |        |                 |
| _199710_:A1 (NOR2_X2)                                                                                                             |        | 0.003       | 0.000      | 0.013      |             | 0.000  | 0.315f          |
| _199710_:ZN (NOR2_X2)                                                                                                             |        | 0.027       | 0.000      | 0.070      |             | 0.085  | 0.400r          |
| _119708_ (net)                                                                                                                    | 8      |             |            |            | 0.000       |        |                 |
| _201474_:A1 (NOR2_X1)                                                                                                             |        | 0.002       | 0.000      | 0.070      |             | 0.000  | 0.400r          |
| _201474_:ZN (NOR2_X1)                                                                                                             |        | 0.006       | 0.000      | 0.021      |             | 0.024  | 0.425f          |
| _120833_ (net)                                                                                                                    | 1      |             |            |            | 0.000       |        |                 |
| _201475_:A (BUF_X8)                                                                                                               |        | 0.007       | 0.000      | 0.021      |             | 0.000  | 0.425f          |
| _201475_:Z (BUF_X8)                                                                                                               |        | 0.033       | 0.000      | 0.008      |             | 0.036  | 0.460f          |
| _120834_ (net)                                                                                                                    | 10     |             |            |            | 0.000       |        |                 |
| _201476_:A (BUF_X4)                                                                                                               |        | 0.003       | 0.000      | 0.008      |             | 0.000  | 0.460f          |
| _201476_:Z (BUF_X4)                                                                                                               |        | 0.026       | 0.000      | 0.010      |             | 0.032  | 0.492f          |
| _120835_ (net)                                                                                                                    | 10     |             |            |            | 0.000       |        |                 |
| _221735_:A (BUF_X4)                                                                                                               |        | 0.003       | 0.000      | 0.010      |             | 0.000  | 0.492f          |
| _221735_:Z (BUF_X4)                                                                                                               |        | 0.016       | 0.000      | 0.008      |             | 0.029  | 0.521f          |
| _139327_ (net)                                                                                                                    | 10     |             |            |            | 0.000       |        |                 |
| _223093_:A2 (NOR2_X1)                                                                                                             |        | 0.002       | 0.000      | 0.008      |             | 0.000  | 0.521f          |
| _223093_:ZN (NOR2_X1)                                                                                                             |        | 0.001       | 0.000      | 0.013      |             | 0.024  | 0.545r          |
| u_systolic_array.pe_row[11].pe_col[0].u_pe_inst.pe_calculation_done_latch_$_OR__B_Y_$_ANDNOT__B_Y_$_OR__A_Y_$_ANDNOT__B_1_Y (net) | 1      |             |            |            | 0.000       |        |                 |
| _373427_:E (CLKGATE_X1)                                                                                                           |        | 0.001       | 0.000      | 0.013      |             | 0.000  | 0.545r          |
|                                                                                                                                   |        |             |            |            |             |        |                 |
| clk (port)                                                                                                                        |        | 1.779       | 0.000      | 0.000      |             | 0.000  | 0.000r          |
| clk (clock net)                                                                                                                   | 1098   |             |            |            | NA          |        |                 |
| _373427_:CK (CLKGATE_X1)                                                                                                          |        | 0.002       | 0.000      | 0.000      |             | 0.000  | 0.000r          |
| clock clk (rise edge)                                                                                                             |        |             |            |            |             | 1.13   | 1.13            |
| clock network delay (ideal)                                                                                                       |        |             |            |            |             | 0.000  | 1.130           |
| _373427_:CK (CLKGATE_X1)                                                                                                          |        |             |            |            |             |        | 1.130r          |
| library setup time                                                                                                                |        |             |            |            |             | -0.050 | 1.080           |
| clock reconvergence pessimism                                                                                                     |        |             |            |            |             | 0.000  | 1.080           |
|                                                                                                                                   |        |             |            |            |             |        |                 |
| path cell delay                                                                                                                   |        |             |            |            |             |        | 0.545(100.000%) |
| path net delay                                                                                                                    |        |             |            |            |             |        | 0.000(0.000%)   |
|                                                                                                                                   |        |             |            |            |             |        |                 |
| data require time                                                                                                                 |        |             |            |            |             |        | 1.080           |
| data arrival time                                                                                                                 |        |             |            |            |             |        | 0.545           |
| slack (MET)                                                                                                                       |        |             |            |            |             |        | 0.534           |
+-----------------------------------------------------------------------------------------------------------------------------------+--------+-------------+------------+------------+-------------+--------+-----------------+
+------------------------------------------------------------------------------------------------------------------------------------+--------+-------------+------------+------------+-------------+--------+-----------------+
| Point                                                                                                                              | Fanout | Capacitance | Resistance | Transition | Delta Delay | Incr   | Path            |
+------------------------------------------------------------------------------------------------------------------------------------+--------+-------------+------------+------------+-------------+--------+-----------------+
| clk (port)                                                                                                                         |        | 1.779       | 0.000      | 0.000      |             | 0.000  | 0.000r          |
| clk (clock net)                                                                                                                    | 1098   |             |            |            | NA          |        |                 |
| _373782_:CK (CLKGATE_X1)                                                                                                           |        | 0.002       | 0.000      | 0.000      |             | 0.000  | 0.000r          |
| _373782_:GCK (CLKGATE_X1)                                                                                                          |        | 0.001       | 0.000      | 0.000      |             | 0.000  | 0.000r          |
| _168821_ (clock net)                                                                                                               | 1      |             |            |            | NA          |        |                 |
| sa_activate_comp_reg_$_DFFE_PN0N__Q:CK (DFFR_X1)                                                                                   |        | 0.001       | 0.000      | 0.000      |             | 0.000  | 0.000r          |
| clock clk (rise edge)                                                                                                              |        |             |            |            |             | 0      | 0               |
| clock network delay (ideal)                                                                                                        |        |             |            |            |             | 0.000  | 0.000           |
| sa_activate_comp_reg_$_DFFE_PN0N__Q:CK (DFFR_X1)                                                                                   |        | 0.001       | 0.000      | 0.000      |             | 0.000  | 0.000r          |
| sa_activate_comp_reg_$_DFFE_PN0N__Q:Q (DFFR_X1)                                                                                    |        | 0.065       | 0.000      | 0.154      |             | 0.251  | 0.251r          |
| sa_activate_comp_reg (net)                                                                                                         | 28     |             |            |            | 0.000       |        |                 |
| fanout_buf_761:A (BUF_X8)                                                                                                          |        | 0.007       | 0.000      | 0.154      |             | 0.000  | 0.251r          |
| fanout_buf_761:Z (BUF_X8)                                                                                                          |        | 0.039       | 0.000      | 0.018      |             | 0.041  | 0.292r          |
| fanout_net_761 (net)                                                                                                               | 30     |             |            |            | 0.000       |        |                 |
| _199709_:A (INV_X2)                                                                                                                |        | 0.003       | 0.000      | 0.018      |             | 0.000  | 0.292r          |
| _199709_:ZN (INV_X2)                                                                                                               |        | 0.020       | 0.000      | 0.013      |             | 0.023  | 0.315f          |
| _119707_ (net)                                                                                                                     | 5      |             |            |            | 0.000       |        |                 |
| _199710_:A1 (NOR2_X2)                                                                                                              |        | 0.003       | 0.000      | 0.013      |             | 0.000  | 0.315f          |
| _199710_:ZN (NOR2_X2)                                                                                                              |        | 0.027       | 0.000      | 0.070      |             | 0.085  | 0.400r          |
| _119708_ (net)                                                                                                                     | 8      |             |            |            | 0.000       |        |                 |
| _201474_:A1 (NOR2_X1)                                                                                                              |        | 0.002       | 0.000      | 0.070      |             | 0.000  | 0.400r          |
| _201474_:ZN (NOR2_X1)                                                                                                              |        | 0.006       | 0.000      | 0.021      |             | 0.024  | 0.425f          |
| _120833_ (net)                                                                                                                     | 1      |             |            |            | 0.000       |        |                 |
| _201475_:A (BUF_X8)                                                                                                                |        | 0.007       | 0.000      | 0.021      |             | 0.000  | 0.425f          |
| _201475_:Z (BUF_X8)                                                                                                                |        | 0.033       | 0.000      | 0.008      |             | 0.036  | 0.460f          |
| _120834_ (net)                                                                                                                     | 10     |             |            |            | 0.000       |        |                 |
| _201476_:A (BUF_X4)                                                                                                                |        | 0.003       | 0.000      | 0.008      |             | 0.000  | 0.460f          |
| _201476_:Z (BUF_X4)                                                                                                                |        | 0.026       | 0.000      | 0.010      |             | 0.032  | 0.492f          |
| _120835_ (net)                                                                                                                     | 10     |             |            |            | 0.000       |        |                 |
| _221735_:A (BUF_X4)                                                                                                                |        | 0.003       | 0.000      | 0.010      |             | 0.000  | 0.492f          |
| _221735_:Z (BUF_X4)                                                                                                                |        | 0.016       | 0.000      | 0.008      |             | 0.029  | 0.521f          |
| _139327_ (net)                                                                                                                     | 10     |             |            |            | 0.000       |        |                 |
| _223769_:A2 (NOR2_X1)                                                                                                              |        | 0.002       | 0.000      | 0.008      |             | 0.000  | 0.521f          |
| _223769_:ZN (NOR2_X1)                                                                                                              |        | 0.001       | 0.000      | 0.013      |             | 0.024  | 0.545r          |
| u_systolic_array.pe_row[11].pe_col[10].u_pe_inst.pe_calculation_done_latch_$_OR__B_Y_$_ANDNOT__B_Y_$_OR__A_Y_$_ANDNOT__B_1_Y (net) | 1      |             |            |            | 0.000       |        |                 |
| _373425_:E (CLKGATE_X1)                                                                                                            |        | 0.001       | 0.000      | 0.013      |             | 0.000  | 0.545r          |
|                                                                                                                                    |        |             |            |            |             |        |                 |
| clk (port)                                                                                                                         |        | 1.779       | 0.000      | 0.000      |             | 0.000  | 0.000r          |
| clk (clock net)                                                                                                                    | 1098   |             |            |            | NA          |        |                 |
| _373425_:CK (CLKGATE_X1)                                                                                                           |        | 0.002       | 0.000      | 0.000      |             | 0.000  | 0.000r          |
| clock clk (rise edge)                                                                                                              |        |             |            |            |             | 1.13   | 1.13            |
| clock network delay (ideal)                                                                                                        |        |             |            |            |             | 0.000  | 1.130           |
| _373425_:CK (CLKGATE_X1)                                                                                                           |        |             |            |            |             |        | 1.130r          |
| library setup time                                                                                                                 |        |             |            |            |             | -0.050 | 1.080           |
| clock reconvergence pessimism                                                                                                      |        |             |            |            |             | 0.000  | 1.080           |
|                                                                                                                                    |        |             |            |            |             |        |                 |
| path cell delay                                                                                                                    |        |             |            |            |             |        | 0.545(100.000%) |
| path net delay                                                                                                                     |        |             |            |            |             |        | 0.000(0.000%)   |
|                                                                                                                                    |        |             |            |            |             |        |                 |
| data require time                                                                                                                  |        |             |            |            |             |        | 1.080           |
| data arrival time                                                                                                                  |        |             |            |            |             |        | 0.545           |
| slack (MET)                                                                                                                        |        |             |            |            |             |        | 0.534           |
+------------------------------------------------------------------------------------------------------------------------------------+--------+-------------+------------+------------+-------------+--------+-----------------+
+----------------------------------------------------------------------------------------------------------------------------------+--------+-------------+------------+------------+-------------+--------+-----------------+
| Point                                                                                                                            | Fanout | Capacitance | Resistance | Transition | Delta Delay | Incr   | Path            |
+----------------------------------------------------------------------------------------------------------------------------------+--------+-------------+------------+------------+-------------+--------+-----------------+
| clk (port)                                                                                                                       |        | 1.779       | 0.000      | 0.000      |             | 0.000  | 0.000r          |
| clk (clock net)                                                                                                                  | 1098   |             |            |            | NA          |        |                 |
| _373782_:CK (CLKGATE_X1)                                                                                                         |        | 0.002       | 0.000      | 0.000      |             | 0.000  | 0.000r          |
| _373782_:GCK (CLKGATE_X1)                                                                                                        |        | 0.001       | 0.000      | 0.000      |             | 0.000  | 0.000r          |
| _168821_ (clock net)                                                                                                             | 1      |             |            |            | NA          |        |                 |
| sa_activate_comp_reg_$_DFFE_PN0N__Q:CK (DFFR_X1)                                                                                 |        | 0.001       | 0.000      | 0.000      |             | 0.000  | 0.000r          |
| clock clk (rise edge)                                                                                                            |        |             |            |            |             | 0      | 0               |
| clock network delay (ideal)                                                                                                      |        |             |            |            |             | 0.000  | 0.000           |
| sa_activate_comp_reg_$_DFFE_PN0N__Q:CK (DFFR_X1)                                                                                 |        | 0.001       | 0.000      | 0.000      |             | 0.000  | 0.000r          |
| sa_activate_comp_reg_$_DFFE_PN0N__Q:Q (DFFR_X1)                                                                                  |        | 0.065       | 0.000      | 0.154      |             | 0.251  | 0.251r          |
| sa_activate_comp_reg (net)                                                                                                       | 28     |             |            |            | 0.000       |        |                 |
| fanout_buf_761:A (BUF_X8)                                                                                                        |        | 0.007       | 0.000      | 0.154      |             | 0.000  | 0.251r          |
| fanout_buf_761:Z (BUF_X8)                                                                                                        |        | 0.039       | 0.000      | 0.018      |             | 0.041  | 0.292r          |
| fanout_net_761 (net)                                                                                                             | 30     |             |            |            | 0.000       |        |                 |
| _199709_:A (INV_X2)                                                                                                              |        | 0.003       | 0.000      | 0.018      |             | 0.000  | 0.292r          |
| _199709_:ZN (INV_X2)                                                                                                             |        | 0.020       | 0.000      | 0.013      |             | 0.023  | 0.315f          |
| _119707_ (net)                                                                                                                   | 5      |             |            |            | 0.000       |        |                 |
| _199710_:A1 (NOR2_X2)                                                                                                            |        | 0.003       | 0.000      | 0.013      |             | 0.000  | 0.315f          |
| _199710_:ZN (NOR2_X2)                                                                                                            |        | 0.027       | 0.000      | 0.070      |             | 0.085  | 0.400r          |
| _119708_ (net)                                                                                                                   | 8      |             |            |            | 0.000       |        |                 |
| _201474_:A1 (NOR2_X1)                                                                                                            |        | 0.002       | 0.000      | 0.070      |             | 0.000  | 0.400r          |
| _201474_:ZN (NOR2_X1)                                                                                                            |        | 0.006       | 0.000      | 0.021      |             | 0.024  | 0.425f          |
| _120833_ (net)                                                                                                                   | 1      |             |            |            | 0.000       |        |                 |
| _201475_:A (BUF_X8)                                                                                                              |        | 0.007       | 0.000      | 0.021      |             | 0.000  | 0.425f          |
| _201475_:Z (BUF_X8)                                                                                                              |        | 0.033       | 0.000      | 0.008      |             | 0.036  | 0.460f          |
| _120834_ (net)                                                                                                                   | 10     |             |            |            | 0.000       |        |                 |
| _201476_:A (BUF_X4)                                                                                                              |        | 0.003       | 0.000      | 0.008      |             | 0.000  | 0.460f          |
| _201476_:Z (BUF_X4)                                                                                                              |        | 0.026       | 0.000      | 0.010      |             | 0.032  | 0.492f          |
| _120835_ (net)                                                                                                                   | 10     |             |            |            | 0.000       |        |                 |
| _208230_:A (BUF_X4)                                                                                                              |        | 0.003       | 0.000      | 0.010      |             | 0.000  | 0.492f          |
| _208230_:Z (BUF_X4)                                                                                                              |        | 0.016       | 0.000      | 0.008      |             | 0.029  | 0.521f          |
| _127002_ (net)                                                                                                                   | 10     |             |            |            | 0.000       |        |                 |
| _209551_:A2 (NOR2_X1)                                                                                                            |        | 0.002       | 0.000      | 0.008      |             | 0.000  | 0.521f          |
| _209551_:ZN (NOR2_X1)                                                                                                            |        | 0.001       | 0.000      | 0.013      |             | 0.024  | 0.545r          |
| u_systolic_array.pe_row[0].pe_col[6].u_pe_inst.pe_calculation_done_latch_$_OR__B_Y_$_ANDNOT__B_Y_$_OR__A_Y_$_ANDNOT__B_1_Y (net) | 1      |             |            |            | 0.000       |        |                 |
| _373467_:E (CLKGATE_X1)                                                                                                          |        | 0.001       | 0.000      | 0.013      |             | 0.000  | 0.545r          |
|                                                                                                                                  |        |             |            |            |             |        |                 |
| clk (port)                                                                                                                       |        | 1.779       | 0.000      | 0.000      |             | 0.000  | 0.000r          |
| clk (clock net)                                                                                                                  | 1098   |             |            |            | NA          |        |                 |
| _373467_:CK (CLKGATE_X1)                                                                                                         |        | 0.002       | 0.000      | 0.000      |             | 0.000  | 0.000r          |
| clock clk (rise edge)                                                                                                            |        |             |            |            |             | 1.13   | 1.13            |
| clock network delay (ideal)                                                                                                      |        |             |            |            |             | 0.000  | 1.130           |
| _373467_:CK (CLKGATE_X1)                                                                                                         |        |             |            |            |             |        | 1.130r          |
| library setup time                                                                                                               |        |             |            |            |             | -0.050 | 1.080           |
| clock reconvergence pessimism                                                                                                    |        |             |            |            |             | 0.000  | 1.080           |
|                                                                                                                                  |        |             |            |            |             |        |                 |
| path cell delay                                                                                                                  |        |             |            |            |             |        | 0.545(100.000%) |
| path net delay                                                                                                                   |        |             |            |            |             |        | 0.000(0.000%)   |
|                                                                                                                                  |        |             |            |            |             |        |                 |
| data require time                                                                                                                |        |             |            |            |             |        | 1.080           |
| data arrival time                                                                                                                |        |             |            |            |             |        | 0.545           |
| slack (MET)                                                                                                                      |        |             |            |            |             |        | 0.534           |
+----------------------------------------------------------------------------------------------------------------------------------+--------+-------------+------------+------------+-------------+--------+-----------------+
+---------------------------------------------------------+--------+-------------+------------+------------+-------------+--------+-----------------+
| Point                                                   | Fanout | Capacitance | Resistance | Transition | Delta Delay | Incr   | Path            |
+---------------------------------------------------------+--------+-------------+------------+------------+-------------+--------+-----------------+
| clk (port)                                              |        | 1.779       | 0.000      | 0.000      |             | 0.000  | 0.000r          |
| clk (clock net)                                         | 1098   |             |            |            | NA          |        |                 |
| _373792_:CK (CLKGATE_X1)                                |        | 0.002       | 0.000      | 0.000      |             | 0.000  | 0.000r          |
| _373792_:GCK (CLKGATE_X1)                               |        | 0.001       | 0.000      | 0.000      |             | 0.000  | 0.000r          |
| _168831_ (clock net)                                    | 1      |             |            |            | NA          |        |                 |
| k_idx_reg_$_DFFE_PN0P__Q:CK (DFFR_X1)                   |        | 0.001       | 0.000      | 0.000      |             | 0.000  | 0.000r          |
| clock clk (rise edge)                                   |        |             |            |            |             | 0      | 0               |
| clock network delay (ideal)                             |        |             |            |            |             | 0.000  | 0.000           |
| k_idx_reg_$_DFFE_PN0P__Q:CK (DFFR_X1)                   |        | 0.001       | 0.000      | 0.000      |             | 0.000  | 0.000r          |
| k_idx_reg_$_DFFE_PN0P__Q:QN (DFFR_X1)                   |        | 0.003       | 0.000      | 0.013      |             | 0.069  | 0.069r          |
| sa_cond_clear_sum_level_reg_$_DFFE_PN0P__Q_D[0] (net)   | 2      |             |            |            | 0.000       |        |                 |
| sa_cond_clear_sum_level_reg_$_DFFE_PN0P__Q:D (DFFR_X1)  |        | 0.001       | 0.000      | 0.013      |             | 0.000  | 0.069r          |
|                                                         |        |             |            |            |             |        |                 |
| clk (port)                                              |        | 1.779       | 0.000      | 0.000      |             | 0.000  | 0.000r          |
| clk (clock net)                                         | 1098   |             |            |            | NA          |        |                 |
| _373781_:CK (CLKGATE_X1)                                |        | 0.002       | 0.000      | 0.000      |             | 0.000  | 0.000r          |
| _373781_:GCK (CLKGATE_X1)                               |        | 0.001       | 0.000      | 0.000      |             | 0.000  | 0.000r          |
| _168820_ (clock net)                                    | 1      |             |            |            | NA          |        |                 |
| sa_cond_clear_sum_level_reg_$_DFFE_PN0P__Q:CK (DFFR_X1) |        | 0.001       | 0.000      | 0.000      |             | 0.000  | 0.000r          |
| clock clk (rise edge)                                   |        |             |            |            |             | 0      | 0               |
| clock network delay (ideal)                             |        |             |            |            |             | 0.000  | 0.000           |
| sa_cond_clear_sum_level_reg_$_DFFE_PN0P__Q:CK (DFFR_X1) |        |             |            |            |             |        | 0.000r          |
| library hold time                                       |        |             |            |            |             | 0.007  | 0.007           |
| clock reconvergence pessimism                           |        |             |            |            |             | -0.000 | 0.007           |
|                                                         |        |             |            |            |             |        |                 |
| path cell delay                                         |        |             |            |            |             |        | 0.069(100.000%) |
| path net delay                                          |        |             |            |            |             |        | 0.000(0.000%)   |
|                                                         |        |             |            |            |             |        |                 |
| data require time                                       |        |             |            |            |             |        | 0.007           |
| data arrival time                                       |        |             |            |            |             |        | 0.069           |
| slack (MET)                                             |        |             |            |            |             |        | 0.062           |
+---------------------------------------------------------+--------+-------------+------------+------------+-------------+--------+-----------------+
+---------------------------------------------------------+--------+-------------+------------+------------+-------------+--------+-----------------+
| Point                                                   | Fanout | Capacitance | Resistance | Transition | Delta Delay | Incr   | Path            |
+---------------------------------------------------------+--------+-------------+------------+------------+-------------+--------+-----------------+
| clk (port)                                              |        | 1.779       | 0.000      | 0.000      |             | 0.000  | 0.000r          |
| clk (clock net)                                         | 1098   |             |            |            | NA          |        |                 |
| _373792_:CK (CLKGATE_X1)                                |        | 0.002       | 0.000      | 0.000      |             | 0.000  | 0.000r          |
| _373792_:GCK (CLKGATE_X1)                               |        | 0.001       | 0.000      | 0.000      |             | 0.000  | 0.000r          |
| _168831_ (clock net)                                    | 1      |             |            |            | NA          |        |                 |
| k_idx_reg_$_DFFE_PN0P__Q:CK (DFFR_X1)                   |        | 0.001       | 0.000      | 0.000      |             | 0.000  | 0.000r          |
| clock clk (rise edge)                                   |        |             |            |            |             | 0      | 0               |
| clock network delay (ideal)                             |        |             |            |            |             | 0.000  | 0.000           |
| k_idx_reg_$_DFFE_PN0P__Q:CK (DFFR_X1)                   |        | 0.001       | 0.000      | 0.000      |             | 0.000  | 0.000r          |
| k_idx_reg_$_DFFE_PN0P__Q:QN (DFFR_X1)                   |        | 0.003       | 0.000      | 0.013      |             | 0.069  | 0.069r          |
| sa_cond_clear_sum_level_reg_$_DFFE_PN0P__Q_D[0] (net)   | 2      |             |            |            | 0.000       |        |                 |
| sa_cond_clear_sum_level_reg_$_DFFE_PN0P__Q:D (DFFR_X1)  |        | 0.001       | 0.000      | 0.013      |             | 0.000  | 0.069r          |
|                                                         |        |             |            |            |             |        |                 |
| clk (port)                                              |        | 1.779       | 0.000      | 0.000      |             | 0.000  | 0.000r          |
| clk (clock net)                                         | 1098   |             |            |            | NA          |        |                 |
| _373781_:CK (CLKGATE_X1)                                |        | 0.002       | 0.000      | 0.000      |             | 0.000  | 0.000r          |
| _373781_:GCK (CLKGATE_X1)                               |        | 0.001       | 0.000      | 0.000      |             | 0.000  | 0.000r          |
| _168820_ (clock net)                                    | 1      |             |            |            | NA          |        |                 |
| sa_cond_clear_sum_level_reg_$_DFFE_PN0P__Q:CK (DFFR_X1) |        | 0.001       | 0.000      | 0.000      |             | 0.000  | 0.000r          |
| clock clk (rise edge)                                   |        |             |            |            |             | 0      | 0               |
| clock network delay (ideal)                             |        |             |            |            |             | 0.000  | 0.000           |
| sa_cond_clear_sum_level_reg_$_DFFE_PN0P__Q:CK (DFFR_X1) |        |             |            |            |             |        | 0.000r          |
| library hold time                                       |        |             |            |            |             | 0.007  | 0.007           |
| clock reconvergence pessimism                           |        |             |            |            |             | -0.000 | 0.007           |
|                                                         |        |             |            |            |             |        |                 |
| path cell delay                                         |        |             |            |            |             |        | 0.069(100.000%) |
| path net delay                                          |        |             |            |            |             |        | 0.000(0.000%)   |
|                                                         |        |             |            |            |             |        |                 |
| data require time                                       |        |             |            |            |             |        | 0.007           |
| data arrival time                                       |        |             |            |            |             |        | 0.069           |
| slack (MET)                                             |        |             |            |            |             |        | 0.062           |
+---------------------------------------------------------+--------+-------------+------------+------------+-------------+--------+-----------------+
+---------------------------------------------------------+--------+-------------+------------+------------+-------------+--------+-----------------+
| Point                                                   | Fanout | Capacitance | Resistance | Transition | Delta Delay | Incr   | Path            |
+---------------------------------------------------------+--------+-------------+------------+------------+-------------+--------+-----------------+
| clk (port)                                              |        | 1.779       | 0.000      | 0.000      |             | 0.000  | 0.000r          |
| clk (clock net)                                         | 1098   |             |            |            | NA          |        |                 |
| _373792_:CK (CLKGATE_X1)                                |        | 0.002       | 0.000      | 0.000      |             | 0.000  | 0.000r          |
| _373792_:GCK (CLKGATE_X1)                               |        | 0.001       | 0.000      | 0.000      |             | 0.000  | 0.000r          |
| _168831_ (clock net)                                    | 1      |             |            |            | NA          |        |                 |
| k_idx_reg_$_DFFE_PN0P__Q:CK (DFFR_X1)                   |        | 0.001       | 0.000      | 0.000      |             | 0.000  | 0.000r          |
| clock clk (rise edge)                                   |        |             |            |            |             | 0      | 0               |
| clock network delay (ideal)                             |        |             |            |            |             | 0.000  | 0.000           |
| k_idx_reg_$_DFFE_PN0P__Q:CK (DFFR_X1)                   |        | 0.001       | 0.000      | 0.000      |             | 0.000  | 0.000r          |
| k_idx_reg_$_DFFE_PN0P__Q:QN (DFFR_X1)                   |        | 0.003       | 0.000      | 0.013      |             | 0.068  | 0.068f          |
| sa_cond_clear_sum_level_reg_$_DFFE_PN0P__Q_D[0] (net)   | 2      |             |            |            | 0.000       |        |                 |
| sa_cond_clear_sum_level_reg_$_DFFE_PN0P__Q:D (DFFR_X1)  |        | 0.001       | 0.000      | 0.013      |             | 0.000  | 0.068f          |
|                                                         |        |             |            |            |             |        |                 |
| clk (port)                                              |        | 1.779       | 0.000      | 0.000      |             | 0.000  | 0.000r          |
| clk (clock net)                                         | 1098   |             |            |            | NA          |        |                 |
| _373781_:CK (CLKGATE_X1)                                |        | 0.002       | 0.000      | 0.000      |             | 0.000  | 0.000r          |
| _373781_:GCK (CLKGATE_X1)                               |        | 0.001       | 0.000      | 0.000      |             | 0.000  | 0.000r          |
| _168820_ (clock net)                                    | 1      |             |            |            | NA          |        |                 |
| sa_cond_clear_sum_level_reg_$_DFFE_PN0P__Q:CK (DFFR_X1) |        | 0.001       | 0.000      | 0.000      |             | 0.000  | 0.000r          |
| clock clk (rise edge)                                   |        |             |            |            |             | 0      | 0               |
| clock network delay (ideal)                             |        |             |            |            |             | 0.000  | 0.000           |
| sa_cond_clear_sum_level_reg_$_DFFE_PN0P__Q:CK (DFFR_X1) |        |             |            |            |             |        | 0.000r          |
| library hold time                                       |        |             |            |            |             | 0.003  | 0.003           |
| clock reconvergence pessimism                           |        |             |            |            |             | -0.000 | 0.003           |
|                                                         |        |             |            |            |             |        |                 |
| path cell delay                                         |        |             |            |            |             |        | 0.068(100.000%) |
| path net delay                                          |        |             |            |            |             |        | 0.000(0.000%)   |
|                                                         |        |             |            |            |             |        |                 |
| data require time                                       |        |             |            |            |             |        | 0.003           |
| data arrival time                                       |        |             |            |            |             |        | 0.068           |
| slack (MET)                                             |        |             |            |            |             |        | 0.065           |
+---------------------------------------------------------+--------+-------------+------------+------------+-------------+--------+-----------------+
+---------------------------------------------------------+--------+-------------+------------+------------+-------------+--------+-----------------+
| Point                                                   | Fanout | Capacitance | Resistance | Transition | Delta Delay | Incr   | Path            |
+---------------------------------------------------------+--------+-------------+------------+------------+-------------+--------+-----------------+
| clk (port)                                              |        | 1.779       | 0.000      | 0.000      |             | 0.000  | 0.000r          |
| clk (clock net)                                         | 1098   |             |            |            | NA          |        |                 |
| _373792_:CK (CLKGATE_X1)                                |        | 0.002       | 0.000      | 0.000      |             | 0.000  | 0.000r          |
| _373792_:GCK (CLKGATE_X1)                               |        | 0.001       | 0.000      | 0.000      |             | 0.000  | 0.000r          |
| _168831_ (clock net)                                    | 1      |             |            |            | NA          |        |                 |
| k_idx_reg_$_DFFE_PN0P__Q:CK (DFFR_X1)                   |        | 0.001       | 0.000      | 0.000      |             | 0.000  | 0.000r          |
| clock clk (rise edge)                                   |        |             |            |            |             | 0      | 0               |
| clock network delay (ideal)                             |        |             |            |            |             | 0.000  | 0.000           |
| k_idx_reg_$_DFFE_PN0P__Q:CK (DFFR_X1)                   |        | 0.001       | 0.000      | 0.000      |             | 0.000  | 0.000r          |
| k_idx_reg_$_DFFE_PN0P__Q:QN (DFFR_X1)                   |        | 0.003       | 0.000      | 0.013      |             | 0.068  | 0.068f          |
| sa_cond_clear_sum_level_reg_$_DFFE_PN0P__Q_D[0] (net)   | 2      |             |            |            | 0.000       |        |                 |
| sa_cond_clear_sum_level_reg_$_DFFE_PN0P__Q:D (DFFR_X1)  |        | 0.001       | 0.000      | 0.013      |             | 0.000  | 0.068f          |
|                                                         |        |             |            |            |             |        |                 |
| clk (port)                                              |        | 1.779       | 0.000      | 0.000      |             | 0.000  | 0.000r          |
| clk (clock net)                                         | 1098   |             |            |            | NA          |        |                 |
| _373781_:CK (CLKGATE_X1)                                |        | 0.002       | 0.000      | 0.000      |             | 0.000  | 0.000r          |
| _373781_:GCK (CLKGATE_X1)                               |        | 0.001       | 0.000      | 0.000      |             | 0.000  | 0.000r          |
| _168820_ (clock net)                                    | 1      |             |            |            | NA          |        |                 |
| sa_cond_clear_sum_level_reg_$_DFFE_PN0P__Q:CK (DFFR_X1) |        | 0.001       | 0.000      | 0.000      |             | 0.000  | 0.000r          |
| clock clk (rise edge)                                   |        |             |            |            |             | 0      | 0               |
| clock network delay (ideal)                             |        |             |            |            |             | 0.000  | 0.000           |
| sa_cond_clear_sum_level_reg_$_DFFE_PN0P__Q:CK (DFFR_X1) |        |             |            |            |             |        | 0.000r          |
| library hold time                                       |        |             |            |            |             | 0.003  | 0.003           |
| clock reconvergence pessimism                           |        |             |            |            |             | -0.000 | 0.003           |
|                                                         |        |             |            |            |             |        |                 |
| path cell delay                                         |        |             |            |            |             |        | 0.068(100.000%) |
| path net delay                                          |        |             |            |            |             |        | 0.000(0.000%)   |
|                                                         |        |             |            |            |             |        |                 |
| data require time                                       |        |             |            |            |             |        | 0.003           |
| data arrival time                                       |        |             |            |            |             |        | 0.068           |
| slack (MET)                                             |        |             |            |            |             |        | 0.065           |
+---------------------------------------------------------+--------+-------------+------------+------------+-------------+--------+-----------------+
+-------------------------------------------------------------------------------------------------------------------------+--------+-------------+------------+------------+-------------+--------+-----------------+
| Point                                                                                                                   | Fanout | Capacitance | Resistance | Transition | Delta Delay | Incr   | Path            |
+-------------------------------------------------------------------------------------------------------------------------+--------+-------------+------------+------------+-------------+--------+-----------------+
| clk (port)                                                                                                              |        | 1.779       | 0.000      | 0.000      |             | 0.000  | 0.000r          |
| clk (clock net)                                                                                                         | 1098   |             |            |            | NA          |        |                 |
| _373493_:CK (CLKGATE_X1)                                                                                                |        | 0.002       | 0.000      | 0.000      |             | 0.000  | 0.000r          |
| _373493_:GCK (CLKGATE_X1)                                                                                               |        | 8.353       | 0.000      | 0.000      |             | 0.000  | 0.000r          |
| _168532_ (clock net)                                                                                                    | 8553   |             |            |            | NA          |        |                 |
| u_systolic_array.pe_row[9].pe_col[8].u_pe_inst.a_valid_for_output_reg_$_DFFE_PN0P__Q:CK (DFFR_X1)                       |        | 0.001       | 0.000      | 0.000      |             | 0.000  | 0.000r          |
| clock clk (rise edge)                                                                                                   |        |             |            |            |             | 0      | 0               |
| clock network delay (ideal)                                                                                             |        |             |            |            |             | 0.000  | 0.000           |
| u_systolic_array.pe_row[9].pe_col[8].u_pe_inst.a_valid_for_output_reg_$_DFFE_PN0P__Q:CK (DFFR_X1)                       |        | 0.001       | 0.000      | 0.000      |             | 0.000  | 0.000r          |
| u_systolic_array.pe_row[9].pe_col[8].u_pe_inst.a_valid_for_output_reg_$_DFFE_PN0P__Q:Q (DFFR_X1)                        |        | 0.001       | 0.000      | 0.007      |             | 0.085  | 0.085f          |
| u_systolic_array.a_valid_wires[109][0] (net)                                                                            | 1      |             |            |            | 0.000       |        |                 |
| u_systolic_array.pe_row[9].pe_col[9].u_pe_inst.inputs_that_produced_a_b_regs_were_valid_reg_$_DFFE_PN0P__Q:D (DFFR_X1)  |        | 0.001       | 0.000      | 0.007      |             | 0.000  | 0.085f          |
|                                                                                                                         |        |             |            |            |             |        |                 |
| clk (port)                                                                                                              |        | 1.779       | 0.000      | 0.000      |             | 0.000  | 0.000r          |
| clk (clock net)                                                                                                         | 1098   |             |            |            | NA          |        |                 |
| _373493_:CK (CLKGATE_X1)                                                                                                |        | 0.002       | 0.000      | 0.000      |             | 0.000  | 0.000r          |
| _373493_:GCK (CLKGATE_X1)                                                                                               |        | 8.353       | 0.000      | 0.000      |             | 0.000  | 0.000r          |
| _168532_ (clock net)                                                                                                    | 8553   |             |            |            | NA          |        |                 |
| u_systolic_array.pe_row[9].pe_col[9].u_pe_inst.inputs_that_produced_a_b_regs_were_valid_reg_$_DFFE_PN0P__Q:CK (DFFR_X1) |        | 0.001       | 0.000      | 0.000      |             | 0.000  | 0.000r          |
| clock clk (rise edge)                                                                                                   |        |             |            |            |             | 0      | 0               |
| clock network delay (ideal)                                                                                             |        |             |            |            |             | 0.000  | 0.000           |
| u_systolic_array.pe_row[9].pe_col[9].u_pe_inst.inputs_that_produced_a_b_regs_were_valid_reg_$_DFFE_PN0P__Q:CK (DFFR_X1) |        |             |            |            |             |        | 0.000r          |
| library hold time                                                                                                       |        |             |            |            |             | 0.003  | 0.003           |
| clock reconvergence pessimism                                                                                           |        |             |            |            |             | -0.000 | 0.003           |
|                                                                                                                         |        |             |            |            |             |        |                 |
| path cell delay                                                                                                         |        |             |            |            |             |        | 0.085(100.000%) |
| path net delay                                                                                                          |        |             |            |            |             |        | 0.000(0.000%)   |
|                                                                                                                         |        |             |            |            |             |        |                 |
| data require time                                                                                                       |        |             |            |            |             |        | 0.003           |
| data arrival time                                                                                                       |        |             |            |            |             |        | 0.085           |
| slack (MET)                                                                                                             |        |             |            |            |             |        | 0.082           |
+-------------------------------------------------------------------------------------------------------------------------+--------+-------------+------------+------------+-------------+--------+-----------------+
+--------------------------------------------+--------+-------------+------------+------------+-------------+--------+-----------------+
| Point                                      | Fanout | Capacitance | Resistance | Transition | Delta Delay | Incr   | Path            |
+--------------------------------------------+--------+-------------+------------+------------+-------------+--------+-----------------+
| clk (port)                                 |        | 1.779       | 0.000      | 0.000      |             | 0.000  | 0.000r          |
| clk (clock net)                            | 1098   |             |            |            | NA          |        |                 |
| tile_a_sram_we_o_$_DFF_PN0__Q:CK (DFFR_X1) |        | 0.001       | 0.000      | 0.000      |             | 0.000  | 0.000r          |
| clock clk (rise edge)                      |        |             |            |            |             | 0      | 0               |
| clock network delay (ideal)                |        |             |            |            |             | 0.000  | 0.000           |
| tile_a_sram_we_o_$_DFF_PN0__Q:CK (DFFR_X1) |        | 0.001       | 0.000      | 0.000      |             | 0.000  | 0.000r          |
| tile_a_sram_we_o_$_DFF_PN0__Q:Q (DFFR_X1)  |        | 0.002       | 0.000      | 0.007      |             | 0.085  | 0.085f          |
| tile_a_sram_we_o (net)                     | 2      |             |            |            | 0.000       |        |                 |
| _199882_:A2 (NOR2_X1)                      |        | 0.002       | 0.000      | 0.007      |             | 0.000  | 0.085f          |
| _199882_:ZN (NOR2_X1)                      |        | 0.001       | 0.000      | 0.012      |             | 0.024  | 0.109r          |
| tile_a_sram_we_o_$_ANDNOT__B_Y (net)       | 1      |             |            |            | 0.000       |        |                 |
| _373790_:E (CLKGATE_X1)                    |        | 0.001       | 0.000      | 0.012      |             | 0.000  | 0.109r          |
|                                            |        |             |            |            |             |        |                 |
| clk (port)                                 |        | 1.779       | 0.000      | 0.000      |             | 0.000  | 0.000r          |
| clk (clock net)                            | 1098   |             |            |            | NA          |        |                 |
| _373790_:CK (CLKGATE_X1)                   |        | 0.002       | 0.000      | 0.000      |             | 0.000  | 0.000r          |
| clock clk (rise edge)                      |        |             |            |            |             | 0      | 0               |
| clock network delay (ideal)                |        |             |            |            |             | 0.000  | 0.000           |
| _373790_:CK (CLKGATE_X1)                   |        |             |            |            |             |        | 0.000r          |
| library hold time                          |        |             |            |            |             | -0.001 | -0.001          |
| clock reconvergence pessimism              |        |             |            |            |             | -0.000 | -0.001          |
|                                            |        |             |            |            |             |        |                 |
| path cell delay                            |        |             |            |            |             |        | 0.109(100.000%) |
| path net delay                             |        |             |            |            |             |        | 0.000(0.000%)   |
|                                            |        |             |            |            |             |        |                 |
| data require time                          |        |             |            |            |             |        | -0.001          |
| data arrival time                          |        |             |            |            |             |        | 0.109           |
| slack (MET)                                |        |             |            |            |             |        | 0.109           |
+--------------------------------------------+--------+-------------+------------+------------+-------------+--------+-----------------+
+--------------------------------------------+--------+-------------+------------+------------+-------------+--------+-----------------+
| Point                                      | Fanout | Capacitance | Resistance | Transition | Delta Delay | Incr   | Path            |
+--------------------------------------------+--------+-------------+------------+------------+-------------+--------+-----------------+
| clk (port)                                 |        | 1.779       | 0.000      | 0.000      |             | 0.000  | 0.000r          |
| clk (clock net)                            | 1098   |             |            |            | NA          |        |                 |
| tile_b_sram_we_o_$_DFF_PN0__Q:CK (DFFR_X1) |        | 0.001       | 0.000      | 0.000      |             | 0.000  | 0.000r          |
| clock clk (rise edge)                      |        |             |            |            |             | 0      | 0               |
| clock network delay (ideal)                |        |             |            |            |             | 0.000  | 0.000           |
| tile_b_sram_we_o_$_DFF_PN0__Q:CK (DFFR_X1) |        | 0.001       | 0.000      | 0.000      |             | 0.000  | 0.000r          |
| tile_b_sram_we_o_$_DFF_PN0__Q:Q (DFFR_X1)  |        | 0.002       | 0.000      | 0.007      |             | 0.085  | 0.085f          |
| tile_b_sram_we_o (net)                     | 2      |             |            |            | 0.000       |        |                 |
| _199904_:A2 (NOR2_X1)                      |        | 0.002       | 0.000      | 0.007      |             | 0.000  | 0.085f          |
| _199904_:ZN (NOR2_X1)                      |        | 0.001       | 0.000      | 0.012      |             | 0.024  | 0.109r          |
| tile_b_sram_we_o_$_ANDNOT__B_Y (net)       | 1      |             |            |            | 0.000       |        |                 |
| _373789_:E (CLKGATE_X1)                    |        | 0.001       | 0.000      | 0.012      |             | 0.000  | 0.109r          |
|                                            |        |             |            |            |             |        |                 |
| clk (port)                                 |        | 1.779       | 0.000      | 0.000      |             | 0.000  | 0.000r          |
| clk (clock net)                            | 1098   |             |            |            | NA          |        |                 |
| _373789_:CK (CLKGATE_X1)                   |        | 0.002       | 0.000      | 0.000      |             | 0.000  | 0.000r          |
| clock clk (rise edge)                      |        |             |            |            |             | 0      | 0               |
| clock network delay (ideal)                |        |             |            |            |             | 0.000  | 0.000           |
| _373789_:CK (CLKGATE_X1)                   |        |             |            |            |             |        | 0.000r          |
| library hold time                          |        |             |            |            |             | -0.001 | -0.001          |
| clock reconvergence pessimism              |        |             |            |            |             | -0.000 | -0.001          |
|                                            |        |             |            |            |             |        |                 |
| path cell delay                            |        |             |            |            |             |        | 0.109(100.000%) |
| path net delay                             |        |             |            |            |             |        | 0.000(0.000%)   |
|                                            |        |             |            |            |             |        |                 |
| data require time                          |        |             |            |            |             |        | -0.001          |
| data arrival time                          |        |             |            |            |             |        | 0.109           |
| slack (MET)                                |        |             |            |            |             |        | 0.109           |
+--------------------------------------------+--------+-------------+------------+------------+-------------+--------+-----------------+
+-------------------------------------+--------+-------------+------------+------------+-------------+--------+-----------------+
| Point                               | Fanout | Capacitance | Resistance | Transition | Delta Delay | Incr   | Path            |
+-------------------------------------+--------+-------------+------------+------------+-------------+--------+-----------------+
| clk (port)                          |        | 1.779       | 0.000      | 0.000      |             | 0.000  | 0.000r          |
| clk (clock net)                     | 1098   |             |            |            | NA          |        |                 |
| _373785_:CK (CLKGATE_X1)            |        | 0.002       | 0.000      | 0.000      |             | 0.000  | 0.000r          |
| _373785_:GCK (CLKGATE_X1)           |        | 0.001       | 0.000      | 0.000      |             | 0.000  | 0.000r          |
| _168824_ (clock net)                | 1      |             |            |            | NA          |        |                 |
| mm_we_o_$_DFFE_PN0N__Q:CK (DFFR_X1) |        | 0.001       | 0.000      | 0.000      |             | 0.000  | 0.000r          |
| clock clk (rise edge)               |        |             |            |            |             | 0      | 0               |
| clock network delay (ideal)         |        |             |            |            |             | 0.000  | 0.000           |
| mm_we_o_$_DFFE_PN0N__Q:CK (DFFR_X1) |        | 0.001       | 0.000      | 0.000      |             | 0.000  | 0.000r          |
| mm_we_o_$_DFFE_PN0N__Q:Q (DFFR_X1)  |        | 0.002       | 0.000      | 0.007      |             | 0.085  | 0.085f          |
| mm_we_o (net)                       | 2      |             |            |            | 0.000       |        |                 |
| _199206_:A2 (NOR2_X1)               |        | 0.002       | 0.000      | 0.007      |             | 0.000  | 0.085f          |
| _199206_:ZN (NOR2_X1)               |        | 0.001       | 0.000      | 0.012      |             | 0.024  | 0.109r          |
| mm_we_o_$_ANDNOT__B_Y (net)         | 1      |             |            |            | 0.000       |        |                 |
| _373791_:E (CLKGATE_X1)             |        | 0.001       | 0.000      | 0.012      |             | 0.000  | 0.109r          |
|                                     |        |             |            |            |             |        |                 |
| clk (port)                          |        | 1.779       | 0.000      | 0.000      |             | 0.000  | 0.000r          |
| clk (clock net)                     | 1098   |             |            |            | NA          |        |                 |
| _373791_:CK (CLKGATE_X1)            |        | 0.002       | 0.000      | 0.000      |             | 0.000  | 0.000r          |
| clock clk (rise edge)               |        |             |            |            |             | 0      | 0               |
| clock network delay (ideal)         |        |             |            |            |             | 0.000  | 0.000           |
| _373791_:CK (CLKGATE_X1)            |        |             |            |            |             |        | 0.000r          |
| library hold time                   |        |             |            |            |             | -0.001 | -0.001          |
| clock reconvergence pessimism       |        |             |            |            |             | -0.000 | -0.001          |
|                                     |        |             |            |            |             |        |                 |
| path cell delay                     |        |             |            |            |             |        | 0.109(100.000%) |
| path net delay                      |        |             |            |            |             |        | 0.000(0.000%)   |
|                                     |        |             |            |            |             |        |                 |
| data require time                   |        |             |            |            |             |        | -0.001          |
| data arrival time                   |        |             |            |            |             |        | 0.109           |
| slack (MET)                         |        |             |            |            |             |        | 0.109           |
+-------------------------------------+--------+-------------+------------+------------+-------------+--------+-----------------+
+--------------------------------------------------------------------------------------------------------------------------------+--------+-------------+------------+------------+-------------+--------+-----------------+
| Point                                                                                                                          | Fanout | Capacitance | Resistance | Transition | Delta Delay | Incr   | Path            |
+--------------------------------------------------------------------------------------------------------------------------------+--------+-------------+------------+------------+-------------+--------+-----------------+
| clk (port)                                                                                                                     |        | 1.779       | 0.000      | 0.000      |             | 0.000  | 0.000r          |
| clk (clock net)                                                                                                                | 1098   |             |            |            | NA          |        |                 |
| _373491_:CK (CLKGATE_X1)                                                                                                       |        | 0.002       | 0.000      | 0.000      |             | 0.000  | 0.000r          |
| _373491_:GCK (CLKGATE_X1)                                                                                                      |        | 0.383       | 0.000      | 0.000      |             | 0.000  | 0.000r          |
| _168530_ (clock net)                                                                                                           | 392    |             |            |            | NA          |        |                 |
| u_systolic_array.pe_row[9].pe_col[8].u_pe_inst.pe_calculation_done_latch_$_DFFE_PN0N__Q:CK (DFFR_X1)                           |        | 0.001       | 0.000      | 0.000      |             | 0.000  | 0.000r          |
| clock clk (rise edge)                                                                                                          |        |             |            |            |             | 0      | 0               |
| clock network delay (ideal)                                                                                                    |        |             |            |            |             | 0.000  | 0.000           |
| u_systolic_array.pe_row[9].pe_col[8].u_pe_inst.pe_calculation_done_latch_$_DFFE_PN0N__Q:CK (DFFR_X1)                           |        | 0.001       | 0.000      | 0.000      |             | 0.000  | 0.000r          |
| u_systolic_array.pe_row[9].pe_col[8].u_pe_inst.pe_calculation_done_latch_$_DFFE_PN0N__Q:QN (DFFR_X1)                           |        | 0.004       | 0.000      | 0.015      |             | 0.072  | 0.072r          |
| u_systolic_array.pe_row[9].pe_col[8].u_pe_inst.pe_calculation_done_latch_$_NOT__A_Y (net)                                      | 3      |             |            |            | 0.000       |        |                 |
| _372300_:B1 (OAI21_X1)                                                                                                         |        | 0.002       | 0.000      | 0.015      |             | 0.000  | 0.072r          |
| _372300_:ZN (OAI21_X1)                                                                                                         |        | 0.003       | 0.000      | 0.010      |             | 0.019  | 0.091f          |
| _108916_ (net)                                                                                                                 | 2      |             |            |            | 0.000       |        |                 |
| _372302_:A1 (NOR2_X1)                                                                                                          |        | 0.002       | 0.000      | 0.010      |             | 0.000  | 0.091f          |
| _372302_:ZN (NOR2_X1)                                                                                                          |        | 0.001       | 0.000      | 0.012      |             | 0.020  | 0.111r          |
| u_systolic_array.pe_row[9].pe_col[8].u_pe_inst.pe_calculation_done_latch_$_OR__B_Y_$_ANDNOT__B_Y_$_OR__A_Y_$_ANDNOT__B_Y (net) | 1      |             |            |            | 0.000       |        |                 |
| _372983_:E (CLKGATE_X1)                                                                                                        |        | 0.001       | 0.000      | 0.012      |             | 0.000  | 0.111r          |
|                                                                                                                                |        |             |            |            |             |        |                 |
| clk (port)                                                                                                                     |        | 1.779       | 0.000      | 0.000      |             | 0.000  | 0.000r          |
| clk (clock net)                                                                                                                | 1098   |             |            |            | NA          |        |                 |
| _372983_:CK (CLKGATE_X1)                                                                                                       |        | 0.002       | 0.000      | 0.000      |             | 0.000  | 0.000r          |
| clock clk (rise edge)                                                                                                          |        |             |            |            |             | 0      | 0               |
| clock network delay (ideal)                                                                                                    |        |             |            |            |             | 0.000  | 0.000           |
| _372983_:CK (CLKGATE_X1)                                                                                                       |        |             |            |            |             |        | 0.000r          |
| library hold time                                                                                                              |        |             |            |            |             | -0.001 | -0.001          |
| clock reconvergence pessimism                                                                                                  |        |             |            |            |             | -0.000 | -0.001          |
|                                                                                                                                |        |             |            |            |             |        |                 |
| path cell delay                                                                                                                |        |             |            |            |             |        | 0.111(100.000%) |
| path net delay                                                                                                                 |        |             |            |            |             |        | 0.000(0.000%)   |
|                                                                                                                                |        |             |            |            |             |        |                 |
| data require time                                                                                                              |        |             |            |            |             |        | -0.001          |
| data arrival time                                                                                                              |        |             |            |            |             |        | 0.111           |
| slack (MET)                                                                                                                    |        |             |            |            |             |        | 0.111           |
+--------------------------------------------------------------------------------------------------------------------------------+--------+-------------+------------+------------+-------------+--------+-----------------+
+--------------------------------------------------------------------------------------------------------------------------------+--------+-------------+------------+------------+-------------+--------+-----------------+
| Point                                                                                                                          | Fanout | Capacitance | Resistance | Transition | Delta Delay | Incr   | Path            |
+--------------------------------------------------------------------------------------------------------------------------------+--------+-------------+------------+------------+-------------+--------+-----------------+
| clk (port)                                                                                                                     |        | 1.779       | 0.000      | 0.000      |             | 0.000  | 0.000r          |
| clk (clock net)                                                                                                                | 1098   |             |            |            | NA          |        |                 |
| _373491_:CK (CLKGATE_X1)                                                                                                       |        | 0.002       | 0.000      | 0.000      |             | 0.000  | 0.000r          |
| _373491_:GCK (CLKGATE_X1)                                                                                                      |        | 0.383       | 0.000      | 0.000      |             | 0.000  | 0.000r          |
| _168530_ (clock net)                                                                                                           | 392    |             |            |            | NA          |        |                 |
| u_systolic_array.pe_row[9].pe_col[7].u_pe_inst.pe_calculation_done_latch_$_DFFE_PN0N__Q:CK (DFFR_X1)                           |        | 0.001       | 0.000      | 0.000      |             | 0.000  | 0.000r          |
| clock clk (rise edge)                                                                                                          |        |             |            |            |             | 0      | 0               |
| clock network delay (ideal)                                                                                                    |        |             |            |            |             | 0.000  | 0.000           |
| u_systolic_array.pe_row[9].pe_col[7].u_pe_inst.pe_calculation_done_latch_$_DFFE_PN0N__Q:CK (DFFR_X1)                           |        | 0.001       | 0.000      | 0.000      |             | 0.000  | 0.000r          |
| u_systolic_array.pe_row[9].pe_col[7].u_pe_inst.pe_calculation_done_latch_$_DFFE_PN0N__Q:QN (DFFR_X1)                           |        | 0.004       | 0.000      | 0.015      |             | 0.072  | 0.072r          |
| u_systolic_array.pe_row[9].pe_col[7].u_pe_inst.pe_calculation_done_latch_$_NOT__A_Y (net)                                      | 3      |             |            |            | 0.000       |        |                 |
| _371640_:B1 (OAI21_X1)                                                                                                         |        | 0.002       | 0.000      | 0.015      |             | 0.000  | 0.072r          |
| _371640_:ZN (OAI21_X1)                                                                                                         |        | 0.003       | 0.000      | 0.010      |             | 0.019  | 0.091f          |
| _108315_ (net)                                                                                                                 | 2      |             |            |            | 0.000       |        |                 |
| _371642_:A1 (NOR2_X1)                                                                                                          |        | 0.002       | 0.000      | 0.010      |             | 0.000  | 0.091f          |
| _371642_:ZN (NOR2_X1)                                                                                                          |        | 0.001       | 0.000      | 0.012      |             | 0.020  | 0.111r          |
| u_systolic_array.pe_row[9].pe_col[7].u_pe_inst.pe_calculation_done_latch_$_OR__B_Y_$_ANDNOT__B_Y_$_OR__A_Y_$_ANDNOT__B_Y (net) | 1      |             |            |            | 0.000       |        |                 |
| _372985_:E (CLKGATE_X1)                                                                                                        |        | 0.001       | 0.000      | 0.012      |             | 0.000  | 0.111r          |
|                                                                                                                                |        |             |            |            |             |        |                 |
| clk (port)                                                                                                                     |        | 1.779       | 0.000      | 0.000      |             | 0.000  | 0.000r          |
| clk (clock net)                                                                                                                | 1098   |             |            |            | NA          |        |                 |
| _372985_:CK (CLKGATE_X1)                                                                                                       |        | 0.002       | 0.000      | 0.000      |             | 0.000  | 0.000r          |
| clock clk (rise edge)                                                                                                          |        |             |            |            |             | 0      | 0               |
| clock network delay (ideal)                                                                                                    |        |             |            |            |             | 0.000  | 0.000           |
| _372985_:CK (CLKGATE_X1)                                                                                                       |        |             |            |            |             |        | 0.000r          |
| library hold time                                                                                                              |        |             |            |            |             | -0.001 | -0.001          |
| clock reconvergence pessimism                                                                                                  |        |             |            |            |             | -0.000 | -0.001          |
|                                                                                                                                |        |             |            |            |             |        |                 |
| path cell delay                                                                                                                |        |             |            |            |             |        | 0.111(100.000%) |
| path net delay                                                                                                                 |        |             |            |            |             |        | 0.000(0.000%)   |
|                                                                                                                                |        |             |            |            |             |        |                 |
| data require time                                                                                                              |        |             |            |            |             |        | -0.001          |
| data arrival time                                                                                                              |        |             |            |            |             |        | 0.111           |
| slack (MET)                                                                                                                    |        |             |            |            |             |        | 0.111           |
+--------------------------------------------------------------------------------------------------------------------------------+--------+-------------+------------+------------+-------------+--------+-----------------+
