Generate the report at 2025-06-19T12:17:41, GitVersion: aa25008b3778a76ae1975c839d4cc459f7f7b3b7.
+--------------------------------------------------------------------------------------------------------------+--------------------------+------------+------------+---------------+-------+-------+-----------+
| Endpoint                                                                                                     | Clock Group              | Delay Type | Path Delay | Path Required | CPPR  | Slack | Freq(MHz) |
+--------------------------------------------------------------------------------------------------------------+--------------------------+------------+------------+---------------+-------+-------+-----------+
| u_systolic_array.pe_row[12].pe_col[12].u_pe_inst.mul_result_reg_$_DFFE_PN0P__Q_1:D                           | clk                      | max        | 1.062f     | 9.958         | 0.000 | 8.896 | 906.054   |
| u_systolic_array.pe_row[12].pe_col[12].u_pe_inst.mul_result_reg_$_DFFE_PN0P__Q_1:D                           | clk                      | max        | 1.062f     | 9.958         | 0.000 | 8.896 | 906.054   |
| u_systolic_array.pe_row[12].pe_col[10].u_pe_inst.mul_result_reg_$_DFFE_PN0P__Q_1:D                           | clk                      | max        | 1.062f     | 9.958         | 0.000 | 8.896 | 906.202   |
| u_systolic_array.pe_row[12].pe_col[10].u_pe_inst.mul_result_reg_$_DFFE_PN0P__Q_1:D                           | clk                      | max        | 1.062f     | 9.958         | 0.000 | 8.896 | 906.202   |
| u_systolic_array.pe_row[3].pe_col[14].u_pe_inst.mul_result_reg_$_DFFE_PN0P__Q_1:D                            | clk                      | max        | 1.062f     | 9.958         | 0.000 | 8.896 | 906.202   |
| _792303_:E                                                                                                   | **clock_gating_default** | max        | 0.836r     | 9.945         | 0.000 | 9.109 | NA        |
| _792253_:E                                                                                                   | **clock_gating_default** | max        | 0.836r     | 9.945         | 0.000 | 9.109 | NA        |
| _792446_:E                                                                                                   | **clock_gating_default** | max        | 0.836r     | 9.945         | 0.000 | 9.109 | NA        |
| _791926_:E                                                                                                   | **clock_gating_default** | max        | 0.836r     | 9.945         | 0.000 | 9.109 | NA        |
| _791916_:E                                                                                                   | **clock_gating_default** | max        | 0.836r     | 9.945         | 0.000 | 9.109 | NA        |
| u_systolic_array.pe_row[9].pe_col[9].u_pe_inst.inputs_that_produced_a_b_regs_were_valid_reg_$_DFFE_PN0P__Q:D | clk                      | min        | 0.085f     | 0.003         | 0.000 | 0.082 | NA        |
| u_systolic_array.pe_row[9].pe_col[5].u_pe_inst.b_valid_for_output_reg_$_DFFE_PN0P__Q:D                       | clk                      | min        | 0.085f     | 0.003         | 0.000 | 0.082 | NA        |
| u_systolic_array.pe_row[8].pe_col[2].u_pe_inst.b_valid_for_output_reg_$_DFFE_PN0P__Q:D                       | clk                      | min        | 0.085f     | 0.003         | 0.000 | 0.082 | NA        |
| u_systolic_array.pe_row[8].pe_col[28].u_pe_inst.b_valid_for_output_reg_$_DFFE_PN0P__Q:D                      | clk                      | min        | 0.085f     | 0.003         | 0.000 | 0.082 | NA        |
| u_systolic_array.pe_row[8].pe_col[24].u_pe_inst.a_valid_for_output_reg_$_DFFE_PN0P__Q:D                      | clk                      | min        | 0.085f     | 0.003         | 0.000 | 0.082 | NA        |
| _792303_:E                                                                                                   | **clock_gating_default** | min        | 0.110r     | 0.001         | 0.000 | 0.109 | NA        |
| _792253_:E                                                                                                   | **clock_gating_default** | min        | 0.110r     | 0.001         | 0.000 | 0.109 | NA        |
| _792446_:E                                                                                                   | **clock_gating_default** | min        | 0.110r     | 0.001         | 0.000 | 0.109 | NA        |
| _791926_:E                                                                                                   | **clock_gating_default** | min        | 0.110r     | 0.001         | 0.000 | 0.109 | NA        |
| _791916_:E                                                                                                   | **clock_gating_default** | min        | 0.110r     | 0.001         | 0.000 | 0.109 | NA        |
+--------------------------------------------------------------------------------------------------------------+--------------------------+------------+------------+---------------+-------+-------+-----------+
+-------+------------+-------+
| Clock | Delay Type | TNS   |
+-------+------------+-------+
| clk   | max        | 0.000 |
| clk   | min        | 0.000 |
+-------+------------+-------+
+-----------------------------------------------------------------------------------------------+--------+-------------+------------+------------+-------------+--------+-----------------+
| Point                                                                                         | Fanout | Capacitance | Resistance | Transition | Delta Delay | Incr   | Path            |
+-----------------------------------------------------------------------------------------------+--------+-------------+------------+------------+-------------+--------+-----------------+
| clk (port)                                                                                    |        | 5.867       | 0.000      | 0.000      |             | 0.000  | 0.000r          |
| clk (clock net)                                                                               | 3690   |             |            |            | NA          |        |                 |
| _792760_:CK (CLKGATE_X1)                                                                      |        | 0.002       | 0.000      | 0.000      |             | 0.000  | 0.000r          |
| _792760_:GCK (CLKGATE_X1)                                                                     |        | 17.454      | 0.000      | 0.000      |             | 0.000  | 0.000r          |
| _355317_ (clock net)                                                                          | 17873  |             |            |            | NA          |        |                 |
| u_systolic_array.pe_row[12].pe_col[12].u_pe_inst.b_reg_$_DFFE_PN0P__Q:CK (DFFR_X1)            |        | 0.001       | 0.000      | 0.000      |             | 0.000  | 0.000r          |
| clock clk (rise edge)                                                                         |        |             |            |            |             | 0      | 0               |
| clock network delay (ideal)                                                                   |        |             |            |            |             | 0.000  | 0.000           |
| u_systolic_array.pe_row[12].pe_col[12].u_pe_inst.b_reg_$_DFFE_PN0P__Q:CK (DFFR_X1)            |        | 0.001       | 0.000      | 0.000      |             | 0.000  | 0.000r          |
| u_systolic_array.pe_row[12].pe_col[12].u_pe_inst.b_reg_$_DFFE_PN0P__Q:Q (DFFR_X1)             |        | 0.066       | 0.000      | 0.156      |             | 0.254  | 0.254r          |
| u_systolic_array.b_data_wires[627][7] (net)                                                   | 14     |             |            |            | 0.000       |        |                 |
| _462953_:A (INV_X32)                                                                          |        | 0.049       | 0.000      | 0.156      |             | 0.000  | 0.254r          |
| _462953_:ZN (INV_X32)                                                                         |        | 0.010       | 0.000      | 0.024      |             | -0.005 | 0.248f          |
| _044196_ (net)                                                                                | 4      |             |            |            | 0.000       |        |                 |
| _463029_:A1 (OR2_X4)                                                                          |        | 0.003       | 0.000      | 0.024      |             | 0.000  | 0.248f          |
| _463029_:ZN (OR2_X4)                                                                          |        | 0.005       | 0.000      | 0.009      |             | 0.047  | 0.296f          |
| _044272_ (net)                                                                                | 2      |             |            |            | 0.000       |        |                 |
| _463031_:A (XNOR2_X2)                                                                         |        | 0.004       | 0.000      | 0.009      |             | 0.000  | 0.296f          |
| _463031_:ZN (XNOR2_X2)                                                                        |        | 0.006       | 0.000      | 0.025      |             | 0.034  | 0.329r          |
| _044274_ (net)                                                                                | 2      |             |            |            | 0.000       |        |                 |
| _463032_:A1 (NAND3_X1)                                                                        |        | 0.002       | 0.000      | 0.025      |             | 0.000  | 0.329r          |
| _463032_:ZN (NAND3_X1)                                                                        |        | 0.002       | 0.000      | 0.019      |             | 0.023  | 0.352f          |
| _044275_ (net)                                                                                | 1      |             |            |            | 0.000       |        |                 |
| _463034_:A (OAI21_X1)                                                                         |        | 0.002       | 0.000      | 0.019      |             | 0.000  | 0.352f          |
| _463034_:ZN (OAI21_X1)                                                                        |        | 0.006       | 0.000      | 0.038      |             | 0.035  | 0.387r          |
| _044277_ (net)                                                                                | 2      |             |            |            | 0.000       |        |                 |
| _463036_:A (XOR2_X2)                                                                          |        | 0.004       | 0.000      | 0.038      |             | 0.000  | 0.387r          |
| _463036_:Z (XOR2_X2)                                                                          |        | 0.006       | 0.000      | 0.028      |             | 0.060  | 0.447r          |
| _044279_ (net)                                                                                | 2      |             |            |            | 0.000       |        |                 |
| _463061_:A (XOR2_X2)                                                                          |        | 0.004       | 0.000      | 0.028      |             | 0.000  | 0.447r          |
| _463061_:Z (XOR2_X2)                                                                          |        | 0.006       | 0.000      | 0.028      |             | 0.058  | 0.506r          |
| _044304_ (net)                                                                                | 2      |             |            |            | 0.000       |        |                 |
| _463077_:A (XOR2_X2)                                                                          |        | 0.004       | 0.000      | 0.028      |             | 0.000  | 0.506r          |
| _463077_:Z (XOR2_X2)                                                                          |        | 0.006       | 0.000      | 0.028      |             | 0.058  | 0.564r          |
| _044320_ (net)                                                                                | 2      |             |            |            | 0.000       |        |                 |
| _463202_:A (XOR2_X2)                                                                          |        | 0.004       | 0.000      | 0.028      |             | 0.000  | 0.564r          |
| _463202_:Z (XOR2_X2)                                                                          |        | 0.006       | 0.000      | 0.028      |             | 0.058  | 0.623r          |
| _044445_ (net)                                                                                | 2      |             |            |            | 0.000       |        |                 |
| _463206_:A (XOR2_X2)                                                                          |        | 0.004       | 0.000      | 0.028      |             | 0.000  | 0.623r          |
| _463206_:Z (XOR2_X2)                                                                          |        | 0.004       | 0.000      | 0.023      |             | 0.053  | 0.676r          |
| _044449_ (net)                                                                                | 2      |             |            |            | 0.000       |        |                 |
| _463210_:A (XOR2_X1)                                                                          |        | 0.002       | 0.000      | 0.023      |             | 0.000  | 0.676r          |
| _463210_:Z (XOR2_X1)                                                                          |        | 0.006       | 0.000      | 0.042      |             | 0.072  | 0.747r          |
| _044453_ (net)                                                                                | 3      |             |            |            | 0.000       |        |                 |
| _463214_:A1 (AND2_X2)                                                                         |        | 0.002       | 0.000      | 0.042      |             | 0.000  | 0.747r          |
| _463214_:ZN (AND2_X2)                                                                         |        | 0.013       | 0.000      | 0.019      |             | 0.052  | 0.800r          |
| _044457_ (net)                                                                                | 2      |             |            |            | 0.000       |        |                 |
| _463216_:A2 (NOR3_X4)                                                                         |        | 0.006       | 0.000      | 0.019      |             | 0.000  | 0.800r          |
| _463216_:ZN (NOR3_X4)                                                                         |        | 0.006       | 0.000      | 0.013      |             | 0.013  | 0.813f          |
| _044459_ (net)                                                                                | 1      |             |            |            | 0.000       |        |                 |
| _463217_:A1 (NOR2_X4)                                                                         |        | 0.007       | 0.000      | 0.013      |             | 0.000  | 0.813f          |
| _463217_:ZN (NOR2_X4)                                                                         |        | 0.005       | 0.000      | 0.015      |             | 0.024  | 0.837r          |
| _044460_ (net)                                                                                | 2      |             |            |            | 0.000       |        |                 |
| _463218_:A (INV_X2)                                                                           |        | 0.003       | 0.000      | 0.015      |             | 0.000  | 0.837r          |
| _463218_:ZN (INV_X2)                                                                          |        | 0.003       | 0.000      | 0.006      |             | 0.009  | 0.846f          |
| _044461_ (net)                                                                                | 1      |             |            |            | 0.000       |        |                 |
| _463224_:A1 (AND2_X4)                                                                         |        | 0.003       | 0.000      | 0.006      |             | 0.000  | 0.846f          |
| _463224_:ZN (AND2_X4)                                                                         |        | 0.007       | 0.000      | 0.006      |             | 0.025  | 0.872f          |
| _044467_ (net)                                                                                | 2      |             |            |            | 0.000       |        |                 |
| _463226_:B1 (OAI21_X4)                                                                        |        | 0.006       | 0.000      | 0.006      |             | 0.000  | 0.872f          |
| _463226_:ZN (OAI21_X4)                                                                        |        | 0.003       | 0.000      | 0.015      |             | 0.022  | 0.893r          |
| _044469_ (net)                                                                                | 1      |             |            |            | 0.000       |        |                 |
| _463227_:A (INV_X2)                                                                           |        | 0.003       | 0.000      | 0.015      |             | 0.000  | 0.893r          |
| _463227_:ZN (INV_X2)                                                                          |        | 0.004       | 0.000      | 0.006      |             | 0.010  | 0.904f          |
| _044470_ (net)                                                                                | 2      |             |            |            | 0.000       |        |                 |
| _463229_:B1 (OAI21_X2)                                                                        |        | 0.003       | 0.000      | 0.006      |             | 0.000  | 0.904f          |
| _463229_:ZN (OAI21_X2)                                                                        |        | 0.003       | 0.000      | 0.020      |             | 0.027  | 0.931r          |
| _044472_ (net)                                                                                | 1      |             |            |            | 0.000       |        |                 |
| _463231_:A1 (NAND2_X2)                                                                        |        | 0.003       | 0.000      | 0.020      |             | 0.000  | 0.931r          |
| _463231_:ZN (NAND2_X2)                                                                        |        | 0.005       | 0.000      | 0.011      |             | 0.019  | 0.950f          |
| _044474_ (net)                                                                                | 2      |             |            |            | 0.000       |        |                 |
| _463243_:A1 (NAND2_X2)                                                                        |        | 0.003       | 0.000      | 0.011      |             | 0.000  | 0.950f          |
| _463243_:ZN (NAND2_X2)                                                                        |        | 0.003       | 0.000      | 0.011      |             | 0.016  | 0.966r          |
| _044486_ (net)                                                                                | 1      |             |            |            | 0.000       |        |                 |
| _463245_:A1 (NAND2_X2)                                                                        |        | 0.003       | 0.000      | 0.011      |             | 0.000  | 0.966r          |
| _463245_:ZN (NAND2_X2)                                                                        |        | 0.005       | 0.000      | 0.009      |             | 0.016  | 0.983f          |
| _044488_ (net)                                                                                | 2      |             |            |            | 0.000       |        |                 |
| _463251_:A1 (NAND2_X2)                                                                        |        | 0.003       | 0.000      | 0.009      |             | 0.000  | 0.983f          |
| _463251_:ZN (NAND2_X2)                                                                        |        | 0.003       | 0.000      | 0.011      |             | 0.016  | 0.998r          |
| _044494_ (net)                                                                                | 1      |             |            |            | 0.000       |        |                 |
| _463253_:A1 (NAND2_X2)                                                                        |        | 0.003       | 0.000      | 0.011      |             | 0.000  | 0.998r          |
| _463253_:ZN (NAND2_X2)                                                                        |        | 0.004       | 0.000      | 0.008      |             | 0.014  | 1.012f          |
| _044496_ (net)                                                                                | 2      |             |            |            | 0.000       |        |                 |
| _463259_:A (XOR2_X1)                                                                          |        | 0.002       | 0.000      | 0.008      |             | 0.000  | 1.012f          |
| _463259_:Z (XOR2_X1)                                                                          |        | 0.001       | 0.000      | 0.012      |             | 0.050  | 1.062f          |
| u_systolic_array.pe_row[12].pe_col[12].u_pe_inst.mul_output_data[14] (net)                    | 1      |             |            |            | 0.000       |        |                 |
| u_systolic_array.pe_row[12].pe_col[12].u_pe_inst.mul_result_reg_$_DFFE_PN0P__Q_1:D (DFFR_X1)  |        | 0.001       | 0.000      | 0.012      |             | 0.000  | 1.062f          |
|                                                                                               |        |             |            |            |             |        |                 |
| clk (port)                                                                                    |        | 5.867       | 0.000      | 0.000      |             | 0.000  | 0.000r          |
| clk (clock net)                                                                               | 3690   |             |            |            | NA          |        |                 |
| _792760_:CK (CLKGATE_X1)                                                                      |        | 0.002       | 0.000      | 0.000      |             | 0.000  | 0.000r          |
| _792760_:GCK (CLKGATE_X1)                                                                     |        | 17.454      | 0.000      | 0.000      |             | 0.000  | 0.000r          |
| _355317_ (clock net)                                                                          | 17873  |             |            |            | NA          |        |                 |
| u_systolic_array.pe_row[12].pe_col[12].u_pe_inst.mul_result_reg_$_DFFE_PN0P__Q_1:CK (DFFR_X1) |        | 0.001       | 0.000      | 0.000      |             | 0.000  | 0.000r          |
| clock clk (rise edge)                                                                         |        |             |            |            |             | 10     | 10              |
| clock network delay (ideal)                                                                   |        |             |            |            |             | 0.000  | 10.000          |
| u_systolic_array.pe_row[12].pe_col[12].u_pe_inst.mul_result_reg_$_DFFE_PN0P__Q_1:CK (DFFR_X1) |        |             |            |            |             |        | 10.000r         |
| library setup time                                                                            |        |             |            |            |             | -0.042 | 9.958           |
| clock reconvergence pessimism                                                                 |        |             |            |            |             | 0.000  | 9.958           |
|                                                                                               |        |             |            |            |             |        |                 |
| path cell delay                                                                               |        |             |            |            |             |        | 1.062(100.000%) |
| path net delay                                                                                |        |             |            |            |             |        | 0.000(0.000%)   |
|                                                                                               |        |             |            |            |             |        |                 |
| data require time                                                                             |        |             |            |            |             |        | 9.958           |
| data arrival time                                                                             |        |             |            |            |             |        | 1.062           |
| slack (MET)                                                                                   |        |             |            |            |             |        | 8.896           |
+-----------------------------------------------------------------------------------------------+--------+-------------+------------+------------+-------------+--------+-----------------+
+-----------------------------------------------------------------------------------------------+--------+-------------+------------+------------+-------------+--------+-----------------+
| Point                                                                                         | Fanout | Capacitance | Resistance | Transition | Delta Delay | Incr   | Path            |
+-----------------------------------------------------------------------------------------------+--------+-------------+------------+------------+-------------+--------+-----------------+
| clk (port)                                                                                    |        | 5.867       | 0.000      | 0.000      |             | 0.000  | 0.000r          |
| clk (clock net)                                                                               | 3690   |             |            |            | NA          |        |                 |
| _792760_:CK (CLKGATE_X1)                                                                      |        | 0.002       | 0.000      | 0.000      |             | 0.000  | 0.000r          |
| _792760_:GCK (CLKGATE_X1)                                                                     |        | 17.454      | 0.000      | 0.000      |             | 0.000  | 0.000r          |
| _355317_ (clock net)                                                                          | 17873  |             |            |            | NA          |        |                 |
| u_systolic_array.pe_row[12].pe_col[12].u_pe_inst.b_reg_$_DFFE_PN0P__Q:CK (DFFR_X1)            |        | 0.001       | 0.000      | 0.000      |             | 0.000  | 0.000r          |
| clock clk (rise edge)                                                                         |        |             |            |            |             | 0      | 0               |
| clock network delay (ideal)                                                                   |        |             |            |            |             | 0.000  | 0.000           |
| u_systolic_array.pe_row[12].pe_col[12].u_pe_inst.b_reg_$_DFFE_PN0P__Q:CK (DFFR_X1)            |        | 0.001       | 0.000      | 0.000      |             | 0.000  | 0.000r          |
| u_systolic_array.pe_row[12].pe_col[12].u_pe_inst.b_reg_$_DFFE_PN0P__Q:Q (DFFR_X1)             |        | 0.066       | 0.000      | 0.156      |             | 0.254  | 0.254r          |
| u_systolic_array.b_data_wires[627][7] (net)                                                   | 14     |             |            |            | 0.000       |        |                 |
| _462953_:A (INV_X32)                                                                          |        | 0.049       | 0.000      | 0.156      |             | 0.000  | 0.254r          |
| _462953_:ZN (INV_X32)                                                                         |        | 0.010       | 0.000      | 0.024      |             | -0.005 | 0.248f          |
| _044196_ (net)                                                                                | 4      |             |            |            | 0.000       |        |                 |
| _463029_:A1 (OR2_X4)                                                                          |        | 0.003       | 0.000      | 0.024      |             | 0.000  | 0.248f          |
| _463029_:ZN (OR2_X4)                                                                          |        | 0.005       | 0.000      | 0.009      |             | 0.047  | 0.296f          |
| _044272_ (net)                                                                                | 2      |             |            |            | 0.000       |        |                 |
| _463031_:A (XNOR2_X2)                                                                         |        | 0.004       | 0.000      | 0.009      |             | 0.000  | 0.296f          |
| _463031_:ZN (XNOR2_X2)                                                                        |        | 0.006       | 0.000      | 0.025      |             | 0.034  | 0.329r          |
| _044274_ (net)                                                                                | 2      |             |            |            | 0.000       |        |                 |
| _463032_:A1 (NAND3_X1)                                                                        |        | 0.002       | 0.000      | 0.025      |             | 0.000  | 0.329r          |
| _463032_:ZN (NAND3_X1)                                                                        |        | 0.002       | 0.000      | 0.019      |             | 0.023  | 0.352f          |
| _044275_ (net)                                                                                | 1      |             |            |            | 0.000       |        |                 |
| _463034_:A (OAI21_X1)                                                                         |        | 0.002       | 0.000      | 0.019      |             | 0.000  | 0.352f          |
| _463034_:ZN (OAI21_X1)                                                                        |        | 0.006       | 0.000      | 0.038      |             | 0.035  | 0.387r          |
| _044277_ (net)                                                                                | 2      |             |            |            | 0.000       |        |                 |
| _463036_:A (XOR2_X2)                                                                          |        | 0.004       | 0.000      | 0.038      |             | 0.000  | 0.387r          |
| _463036_:Z (XOR2_X2)                                                                          |        | 0.006       | 0.000      | 0.028      |             | 0.060  | 0.447r          |
| _044279_ (net)                                                                                | 2      |             |            |            | 0.000       |        |                 |
| _463061_:A (XOR2_X2)                                                                          |        | 0.004       | 0.000      | 0.028      |             | 0.000  | 0.447r          |
| _463061_:Z (XOR2_X2)                                                                          |        | 0.006       | 0.000      | 0.028      |             | 0.058  | 0.506r          |
| _044304_ (net)                                                                                | 2      |             |            |            | 0.000       |        |                 |
| _463077_:A (XOR2_X2)                                                                          |        | 0.004       | 0.000      | 0.028      |             | 0.000  | 0.506r          |
| _463077_:Z (XOR2_X2)                                                                          |        | 0.006       | 0.000      | 0.028      |             | 0.058  | 0.564r          |
| _044320_ (net)                                                                                | 2      |             |            |            | 0.000       |        |                 |
| _463202_:A (XOR2_X2)                                                                          |        | 0.004       | 0.000      | 0.028      |             | 0.000  | 0.564r          |
| _463202_:Z (XOR2_X2)                                                                          |        | 0.006       | 0.000      | 0.028      |             | 0.058  | 0.623r          |
| _044445_ (net)                                                                                | 2      |             |            |            | 0.000       |        |                 |
| _463206_:A (XOR2_X2)                                                                          |        | 0.004       | 0.000      | 0.028      |             | 0.000  | 0.623r          |
| _463206_:Z (XOR2_X2)                                                                          |        | 0.004       | 0.000      | 0.023      |             | 0.053  | 0.676r          |
| _044449_ (net)                                                                                | 2      |             |            |            | 0.000       |        |                 |
| _463210_:A (XOR2_X1)                                                                          |        | 0.002       | 0.000      | 0.023      |             | 0.000  | 0.676r          |
| _463210_:Z (XOR2_X1)                                                                          |        | 0.006       | 0.000      | 0.042      |             | 0.072  | 0.747r          |
| _044453_ (net)                                                                                | 3      |             |            |            | 0.000       |        |                 |
| _463214_:A1 (AND2_X2)                                                                         |        | 0.002       | 0.000      | 0.042      |             | 0.000  | 0.747r          |
| _463214_:ZN (AND2_X2)                                                                         |        | 0.013       | 0.000      | 0.019      |             | 0.052  | 0.800r          |
| _044457_ (net)                                                                                | 2      |             |            |            | 0.000       |        |                 |
| _463216_:A2 (NOR3_X4)                                                                         |        | 0.006       | 0.000      | 0.019      |             | 0.000  | 0.800r          |
| _463216_:ZN (NOR3_X4)                                                                         |        | 0.006       | 0.000      | 0.013      |             | 0.013  | 0.813f          |
| _044459_ (net)                                                                                | 1      |             |            |            | 0.000       |        |                 |
| _463217_:A1 (NOR2_X4)                                                                         |        | 0.007       | 0.000      | 0.013      |             | 0.000  | 0.813f          |
| _463217_:ZN (NOR2_X4)                                                                         |        | 0.005       | 0.000      | 0.015      |             | 0.024  | 0.837r          |
| _044460_ (net)                                                                                | 2      |             |            |            | 0.000       |        |                 |
| _463218_:A (INV_X2)                                                                           |        | 0.003       | 0.000      | 0.015      |             | 0.000  | 0.837r          |
| _463218_:ZN (INV_X2)                                                                          |        | 0.003       | 0.000      | 0.006      |             | 0.009  | 0.846f          |
| _044461_ (net)                                                                                | 1      |             |            |            | 0.000       |        |                 |
| _463224_:A1 (AND2_X4)                                                                         |        | 0.003       | 0.000      | 0.006      |             | 0.000  | 0.846f          |
| _463224_:ZN (AND2_X4)                                                                         |        | 0.007       | 0.000      | 0.006      |             | 0.025  | 0.872f          |
| _044467_ (net)                                                                                | 2      |             |            |            | 0.000       |        |                 |
| _463226_:B1 (OAI21_X4)                                                                        |        | 0.006       | 0.000      | 0.006      |             | 0.000  | 0.872f          |
| _463226_:ZN (OAI21_X4)                                                                        |        | 0.003       | 0.000      | 0.015      |             | 0.022  | 0.893r          |
| _044469_ (net)                                                                                | 1      |             |            |            | 0.000       |        |                 |
| _463227_:A (INV_X2)                                                                           |        | 0.003       | 0.000      | 0.015      |             | 0.000  | 0.893r          |
| _463227_:ZN (INV_X2)                                                                          |        | 0.004       | 0.000      | 0.006      |             | 0.010  | 0.904f          |
| _044470_ (net)                                                                                | 2      |             |            |            | 0.000       |        |                 |
| _463229_:B1 (OAI21_X2)                                                                        |        | 0.003       | 0.000      | 0.006      |             | 0.000  | 0.904f          |
| _463229_:ZN (OAI21_X2)                                                                        |        | 0.003       | 0.000      | 0.020      |             | 0.027  | 0.931r          |
| _044472_ (net)                                                                                | 1      |             |            |            | 0.000       |        |                 |
| _463231_:A1 (NAND2_X2)                                                                        |        | 0.003       | 0.000      | 0.020      |             | 0.000  | 0.931r          |
| _463231_:ZN (NAND2_X2)                                                                        |        | 0.005       | 0.000      | 0.011      |             | 0.019  | 0.950f          |
| _044474_ (net)                                                                                | 2      |             |            |            | 0.000       |        |                 |
| _463243_:A1 (NAND2_X2)                                                                        |        | 0.003       | 0.000      | 0.011      |             | 0.000  | 0.950f          |
| _463243_:ZN (NAND2_X2)                                                                        |        | 0.003       | 0.000      | 0.011      |             | 0.016  | 0.966r          |
| _044486_ (net)                                                                                | 1      |             |            |            | 0.000       |        |                 |
| _463245_:A1 (NAND2_X2)                                                                        |        | 0.003       | 0.000      | 0.011      |             | 0.000  | 0.966r          |
| _463245_:ZN (NAND2_X2)                                                                        |        | 0.005       | 0.000      | 0.009      |             | 0.016  | 0.983f          |
| _044488_ (net)                                                                                | 2      |             |            |            | 0.000       |        |                 |
| _463251_:A1 (NAND2_X2)                                                                        |        | 0.003       | 0.000      | 0.009      |             | 0.000  | 0.983f          |
| _463251_:ZN (NAND2_X2)                                                                        |        | 0.003       | 0.000      | 0.011      |             | 0.016  | 0.998r          |
| _044494_ (net)                                                                                | 1      |             |            |            | 0.000       |        |                 |
| _463253_:A1 (NAND2_X2)                                                                        |        | 0.003       | 0.000      | 0.011      |             | 0.000  | 0.998r          |
| _463253_:ZN (NAND2_X2)                                                                        |        | 0.004       | 0.000      | 0.008      |             | 0.014  | 1.012f          |
| _044496_ (net)                                                                                | 2      |             |            |            | 0.000       |        |                 |
| _463259_:A (XOR2_X1)                                                                          |        | 0.002       | 0.000      | 0.008      |             | 0.000  | 1.012f          |
| _463259_:Z (XOR2_X1)                                                                          |        | 0.001       | 0.000      | 0.012      |             | 0.050  | 1.062f          |
| u_systolic_array.pe_row[12].pe_col[12].u_pe_inst.mul_output_data[14] (net)                    | 1      |             |            |            | 0.000       |        |                 |
| u_systolic_array.pe_row[12].pe_col[12].u_pe_inst.mul_result_reg_$_DFFE_PN0P__Q_1:D (DFFR_X1)  |        | 0.001       | 0.000      | 0.012      |             | 0.000  | 1.062f          |
|                                                                                               |        |             |            |            |             |        |                 |
| clk (port)                                                                                    |        | 5.867       | 0.000      | 0.000      |             | 0.000  | 0.000r          |
| clk (clock net)                                                                               | 3690   |             |            |            | NA          |        |                 |
| _792760_:CK (CLKGATE_X1)                                                                      |        | 0.002       | 0.000      | 0.000      |             | 0.000  | 0.000r          |
| _792760_:GCK (CLKGATE_X1)                                                                     |        | 17.454      | 0.000      | 0.000      |             | 0.000  | 0.000r          |
| _355317_ (clock net)                                                                          | 17873  |             |            |            | NA          |        |                 |
| u_systolic_array.pe_row[12].pe_col[12].u_pe_inst.mul_result_reg_$_DFFE_PN0P__Q_1:CK (DFFR_X1) |        | 0.001       | 0.000      | 0.000      |             | 0.000  | 0.000r          |
| clock clk (rise edge)                                                                         |        |             |            |            |             | 10     | 10              |
| clock network delay (ideal)                                                                   |        |             |            |            |             | 0.000  | 10.000          |
| u_systolic_array.pe_row[12].pe_col[12].u_pe_inst.mul_result_reg_$_DFFE_PN0P__Q_1:CK (DFFR_X1) |        |             |            |            |             |        | 10.000r         |
| library setup time                                                                            |        |             |            |            |             | -0.042 | 9.958           |
| clock reconvergence pessimism                                                                 |        |             |            |            |             | 0.000  | 9.958           |
|                                                                                               |        |             |            |            |             |        |                 |
| path cell delay                                                                               |        |             |            |            |             |        | 1.062(100.000%) |
| path net delay                                                                                |        |             |            |            |             |        | 0.000(0.000%)   |
|                                                                                               |        |             |            |            |             |        |                 |
| data require time                                                                             |        |             |            |            |             |        | 9.958           |
| data arrival time                                                                             |        |             |            |            |             |        | 1.062           |
| slack (MET)                                                                                   |        |             |            |            |             |        | 8.896           |
+-----------------------------------------------------------------------------------------------+--------+-------------+------------+------------+-------------+--------+-----------------+
+-----------------------------------------------------------------------------------------------+--------+-------------+------------+------------+-------------+--------+-----------------+
| Point                                                                                         | Fanout | Capacitance | Resistance | Transition | Delta Delay | Incr   | Path            |
+-----------------------------------------------------------------------------------------------+--------+-------------+------------+------------+-------------+--------+-----------------+
| clk (port)                                                                                    |        | 5.867       | 0.000      | 0.000      |             | 0.000  | 0.000r          |
| clk (clock net)                                                                               | 3690   |             |            |            | NA          |        |                 |
| _792760_:CK (CLKGATE_X1)                                                                      |        | 0.002       | 0.000      | 0.000      |             | 0.000  | 0.000r          |
| _792760_:GCK (CLKGATE_X1)                                                                     |        | 17.454      | 0.000      | 0.000      |             | 0.000  | 0.000r          |
| _355317_ (clock net)                                                                          | 17873  |             |            |            | NA          |        |                 |
| u_systolic_array.pe_row[12].pe_col[10].u_pe_inst.b_reg_$_DFFE_PN0P__Q:CK (DFFR_X1)            |        | 0.001       | 0.000      | 0.000      |             | 0.000  | 0.000r          |
| clock clk (rise edge)                                                                         |        |             |            |            |             | 0      | 0               |
| clock network delay (ideal)                                                                   |        |             |            |            |             | 0.000  | 0.000           |
| u_systolic_array.pe_row[12].pe_col[10].u_pe_inst.b_reg_$_DFFE_PN0P__Q:CK (DFFR_X1)            |        | 0.001       | 0.000      | 0.000      |             | 0.000  | 0.000r          |
| u_systolic_array.pe_row[12].pe_col[10].u_pe_inst.b_reg_$_DFFE_PN0P__Q:Q (DFFR_X1)             |        | 0.066       | 0.000      | 0.156      |             | 0.254  | 0.254r          |
| u_systolic_array.b_data_wires[629][7] (net)                                                   | 14     |             |            |            | 0.000       |        |                 |
| _461595_:A (INV_X32)                                                                          |        | 0.049       | 0.000      | 0.156      |             | 0.000  | 0.254r          |
| _461595_:ZN (INV_X32)                                                                         |        | 0.010       | 0.000      | 0.024      |             | -0.005 | 0.248f          |
| _042955_ (net)                                                                                | 4      |             |            |            | 0.000       |        |                 |
| _461670_:A1 (OR2_X4)                                                                          |        | 0.003       | 0.000      | 0.024      |             | 0.000  | 0.248f          |
| _461670_:ZN (OR2_X4)                                                                          |        | 0.005       | 0.000      | 0.009      |             | 0.047  | 0.296f          |
| _043030_ (net)                                                                                | 2      |             |            |            | 0.000       |        |                 |
| _461672_:A (XNOR2_X2)                                                                         |        | 0.004       | 0.000      | 0.009      |             | 0.000  | 0.296f          |
| _461672_:ZN (XNOR2_X2)                                                                        |        | 0.006       | 0.000      | 0.025      |             | 0.034  | 0.329r          |
| _043032_ (net)                                                                                | 2      |             |            |            | 0.000       |        |                 |
| _461673_:A1 (NAND3_X1)                                                                        |        | 0.002       | 0.000      | 0.025      |             | 0.000  | 0.329r          |
| _461673_:ZN (NAND3_X1)                                                                        |        | 0.002       | 0.000      | 0.018      |             | 0.023  | 0.352f          |
| _043033_ (net)                                                                                | 1      |             |            |            | 0.000       |        |                 |
| _461675_:A (OAI21_X1)                                                                         |        | 0.002       | 0.000      | 0.018      |             | 0.000  | 0.352f          |
| _461675_:ZN (OAI21_X1)                                                                        |        | 0.006       | 0.000      | 0.038      |             | 0.035  | 0.387r          |
| _043035_ (net)                                                                                | 2      |             |            |            | 0.000       |        |                 |
| _461677_:A (XOR2_X2)                                                                          |        | 0.004       | 0.000      | 0.038      |             | 0.000  | 0.387r          |
| _461677_:Z (XOR2_X2)                                                                          |        | 0.006       | 0.000      | 0.028      |             | 0.060  | 0.447r          |
| _043037_ (net)                                                                                | 2      |             |            |            | 0.000       |        |                 |
| _461702_:A (XOR2_X2)                                                                          |        | 0.004       | 0.000      | 0.028      |             | 0.000  | 0.447r          |
| _461702_:Z (XOR2_X2)                                                                          |        | 0.006       | 0.000      | 0.028      |             | 0.058  | 0.506r          |
| _043062_ (net)                                                                                | 2      |             |            |            | 0.000       |        |                 |
| _461717_:A (XOR2_X2)                                                                          |        | 0.004       | 0.000      | 0.028      |             | 0.000  | 0.506r          |
| _461717_:Z (XOR2_X2)                                                                          |        | 0.006       | 0.000      | 0.028      |             | 0.058  | 0.564r          |
| _043077_ (net)                                                                                | 2      |             |            |            | 0.000       |        |                 |
| _461848_:A (XOR2_X2)                                                                          |        | 0.004       | 0.000      | 0.028      |             | 0.000  | 0.564r          |
| _461848_:Z (XOR2_X2)                                                                          |        | 0.006       | 0.000      | 0.028      |             | 0.058  | 0.622r          |
| _043208_ (net)                                                                                | 2      |             |            |            | 0.000       |        |                 |
| _461852_:A (XOR2_X2)                                                                          |        | 0.004       | 0.000      | 0.028      |             | 0.000  | 0.622r          |
| _461852_:Z (XOR2_X2)                                                                          |        | 0.004       | 0.000      | 0.023      |             | 0.053  | 0.676r          |
| _043212_ (net)                                                                                | 2      |             |            |            | 0.000       |        |                 |
| _461856_:A (XOR2_X1)                                                                          |        | 0.002       | 0.000      | 0.023      |             | 0.000  | 0.676r          |
| _461856_:Z (XOR2_X1)                                                                          |        | 0.006       | 0.000      | 0.042      |             | 0.072  | 0.747r          |
| _043216_ (net)                                                                                | 3      |             |            |            | 0.000       |        |                 |
| _461860_:A1 (AND2_X2)                                                                         |        | 0.002       | 0.000      | 0.042      |             | 0.000  | 0.747r          |
| _461860_:ZN (AND2_X2)                                                                         |        | 0.013       | 0.000      | 0.019      |             | 0.052  | 0.799r          |
| _043220_ (net)                                                                                | 2      |             |            |            | 0.000       |        |                 |
| _461862_:A2 (NOR3_X4)                                                                         |        | 0.006       | 0.000      | 0.019      |             | 0.000  | 0.799r          |
| _461862_:ZN (NOR3_X4)                                                                         |        | 0.006       | 0.000      | 0.013      |             | 0.013  | 0.813f          |
| _043222_ (net)                                                                                | 1      |             |            |            | 0.000       |        |                 |
| _461863_:A1 (NOR2_X4)                                                                         |        | 0.007       | 0.000      | 0.013      |             | 0.000  | 0.813f          |
| _461863_:ZN (NOR2_X4)                                                                         |        | 0.005       | 0.000      | 0.015      |             | 0.024  | 0.837r          |
| _043223_ (net)                                                                                | 2      |             |            |            | 0.000       |        |                 |
| _461864_:A (INV_X2)                                                                           |        | 0.003       | 0.000      | 0.015      |             | 0.000  | 0.837r          |
| _461864_:ZN (INV_X2)                                                                          |        | 0.003       | 0.000      | 0.006      |             | 0.009  | 0.846f          |
| _043224_ (net)                                                                                | 1      |             |            |            | 0.000       |        |                 |
| _461870_:A1 (AND2_X4)                                                                         |        | 0.003       | 0.000      | 0.006      |             | 0.000  | 0.846f          |
| _461870_:ZN (AND2_X4)                                                                         |        | 0.007       | 0.000      | 0.006      |             | 0.025  | 0.871f          |
| _043230_ (net)                                                                                | 2      |             |            |            | 0.000       |        |                 |
| _461872_:B1 (OAI21_X4)                                                                        |        | 0.006       | 0.000      | 0.006      |             | 0.000  | 0.871f          |
| _461872_:ZN (OAI21_X4)                                                                        |        | 0.003       | 0.000      | 0.015      |             | 0.022  | 0.893r          |
| _043232_ (net)                                                                                | 1      |             |            |            | 0.000       |        |                 |
| _461873_:A (INV_X2)                                                                           |        | 0.003       | 0.000      | 0.015      |             | 0.000  | 0.893r          |
| _461873_:ZN (INV_X2)                                                                          |        | 0.004       | 0.000      | 0.006      |             | 0.010  | 0.904f          |
| _043233_ (net)                                                                                | 2      |             |            |            | 0.000       |        |                 |
| _461875_:B1 (OAI21_X2)                                                                        |        | 0.003       | 0.000      | 0.006      |             | 0.000  | 0.904f          |
| _461875_:ZN (OAI21_X2)                                                                        |        | 0.003       | 0.000      | 0.020      |             | 0.027  | 0.931r          |
| _043235_ (net)                                                                                | 1      |             |            |            | 0.000       |        |                 |
| _461877_:A1 (NAND2_X2)                                                                        |        | 0.003       | 0.000      | 0.020      |             | 0.000  | 0.931r          |
| _461877_:ZN (NAND2_X2)                                                                        |        | 0.005       | 0.000      | 0.011      |             | 0.019  | 0.950f          |
| _043237_ (net)                                                                                | 2      |             |            |            | 0.000       |        |                 |
| _461889_:A1 (NAND2_X2)                                                                        |        | 0.003       | 0.000      | 0.011      |             | 0.000  | 0.950f          |
| _461889_:ZN (NAND2_X2)                                                                        |        | 0.003       | 0.000      | 0.011      |             | 0.016  | 0.966r          |
| _043249_ (net)                                                                                | 1      |             |            |            | 0.000       |        |                 |
| _461891_:A1 (NAND2_X2)                                                                        |        | 0.003       | 0.000      | 0.011      |             | 0.000  | 0.966r          |
| _461891_:ZN (NAND2_X2)                                                                        |        | 0.005       | 0.000      | 0.009      |             | 0.016  | 0.982f          |
| _043251_ (net)                                                                                | 2      |             |            |            | 0.000       |        |                 |
| _461897_:A1 (NAND2_X2)                                                                        |        | 0.003       | 0.000      | 0.009      |             | 0.000  | 0.982f          |
| _461897_:ZN (NAND2_X2)                                                                        |        | 0.003       | 0.000      | 0.011      |             | 0.016  | 0.998r          |
| _043257_ (net)                                                                                | 1      |             |            |            | 0.000       |        |                 |
| _461899_:A1 (NAND2_X2)                                                                        |        | 0.003       | 0.000      | 0.011      |             | 0.000  | 0.998r          |
| _461899_:ZN (NAND2_X2)                                                                        |        | 0.004       | 0.000      | 0.008      |             | 0.014  | 1.012f          |
| _043259_ (net)                                                                                | 2      |             |            |            | 0.000       |        |                 |
| _461905_:A (XOR2_X1)                                                                          |        | 0.002       | 0.000      | 0.008      |             | 0.000  | 1.012f          |
| _461905_:Z (XOR2_X1)                                                                          |        | 0.001       | 0.000      | 0.012      |             | 0.050  | 1.062f          |
| u_systolic_array.pe_row[12].pe_col[10].u_pe_inst.mul_output_data[14] (net)                    | 1      |             |            |            | 0.000       |        |                 |
| u_systolic_array.pe_row[12].pe_col[10].u_pe_inst.mul_result_reg_$_DFFE_PN0P__Q_1:D (DFFR_X1)  |        | 0.001       | 0.000      | 0.012      |             | 0.000  | 1.062f          |
|                                                                                               |        |             |            |            |             |        |                 |
| clk (port)                                                                                    |        | 5.867       | 0.000      | 0.000      |             | 0.000  | 0.000r          |
| clk (clock net)                                                                               | 3690   |             |            |            | NA          |        |                 |
| _792760_:CK (CLKGATE_X1)                                                                      |        | 0.002       | 0.000      | 0.000      |             | 0.000  | 0.000r          |
| _792760_:GCK (CLKGATE_X1)                                                                     |        | 17.454      | 0.000      | 0.000      |             | 0.000  | 0.000r          |
| _355317_ (clock net)                                                                          | 17873  |             |            |            | NA          |        |                 |
| u_systolic_array.pe_row[12].pe_col[10].u_pe_inst.mul_result_reg_$_DFFE_PN0P__Q_1:CK (DFFR_X1) |        | 0.001       | 0.000      | 0.000      |             | 0.000  | 0.000r          |
| clock clk (rise edge)                                                                         |        |             |            |            |             | 10     | 10              |
| clock network delay (ideal)                                                                   |        |             |            |            |             | 0.000  | 10.000          |
| u_systolic_array.pe_row[12].pe_col[10].u_pe_inst.mul_result_reg_$_DFFE_PN0P__Q_1:CK (DFFR_X1) |        |             |            |            |             |        | 10.000r         |
| library setup time                                                                            |        |             |            |            |             | -0.042 | 9.958           |
| clock reconvergence pessimism                                                                 |        |             |            |            |             | 0.000  | 9.958           |
|                                                                                               |        |             |            |            |             |        |                 |
| path cell delay                                                                               |        |             |            |            |             |        | 1.062(100.000%) |
| path net delay                                                                                |        |             |            |            |             |        | 0.000(0.000%)   |
|                                                                                               |        |             |            |            |             |        |                 |
| data require time                                                                             |        |             |            |            |             |        | 9.958           |
| data arrival time                                                                             |        |             |            |            |             |        | 1.062           |
| slack (MET)                                                                                   |        |             |            |            |             |        | 8.896           |
+-----------------------------------------------------------------------------------------------+--------+-------------+------------+------------+-------------+--------+-----------------+
+-----------------------------------------------------------------------------------------------+--------+-------------+------------+------------+-------------+--------+-----------------+
| Point                                                                                         | Fanout | Capacitance | Resistance | Transition | Delta Delay | Incr   | Path            |
+-----------------------------------------------------------------------------------------------+--------+-------------+------------+------------+-------------+--------+-----------------+
| clk (port)                                                                                    |        | 5.867       | 0.000      | 0.000      |             | 0.000  | 0.000r          |
| clk (clock net)                                                                               | 3690   |             |            |            | NA          |        |                 |
| _792760_:CK (CLKGATE_X1)                                                                      |        | 0.002       | 0.000      | 0.000      |             | 0.000  | 0.000r          |
| _792760_:GCK (CLKGATE_X1)                                                                     |        | 17.454      | 0.000      | 0.000      |             | 0.000  | 0.000r          |
| _355317_ (clock net)                                                                          | 17873  |             |            |            | NA          |        |                 |
| u_systolic_array.pe_row[12].pe_col[10].u_pe_inst.b_reg_$_DFFE_PN0P__Q:CK (DFFR_X1)            |        | 0.001       | 0.000      | 0.000      |             | 0.000  | 0.000r          |
| clock clk (rise edge)                                                                         |        |             |            |            |             | 0      | 0               |
| clock network delay (ideal)                                                                   |        |             |            |            |             | 0.000  | 0.000           |
| u_systolic_array.pe_row[12].pe_col[10].u_pe_inst.b_reg_$_DFFE_PN0P__Q:CK (DFFR_X1)            |        | 0.001       | 0.000      | 0.000      |             | 0.000  | 0.000r          |
| u_systolic_array.pe_row[12].pe_col[10].u_pe_inst.b_reg_$_DFFE_PN0P__Q:Q (DFFR_X1)             |        | 0.066       | 0.000      | 0.156      |             | 0.254  | 0.254r          |
| u_systolic_array.b_data_wires[629][7] (net)                                                   | 14     |             |            |            | 0.000       |        |                 |
| _461595_:A (INV_X32)                                                                          |        | 0.049       | 0.000      | 0.156      |             | 0.000  | 0.254r          |
| _461595_:ZN (INV_X32)                                                                         |        | 0.010       | 0.000      | 0.024      |             | -0.005 | 0.248f          |
| _042955_ (net)                                                                                | 4      |             |            |            | 0.000       |        |                 |
| _461670_:A1 (OR2_X4)                                                                          |        | 0.003       | 0.000      | 0.024      |             | 0.000  | 0.248f          |
| _461670_:ZN (OR2_X4)                                                                          |        | 0.005       | 0.000      | 0.009      |             | 0.047  | 0.296f          |
| _043030_ (net)                                                                                | 2      |             |            |            | 0.000       |        |                 |
| _461672_:A (XNOR2_X2)                                                                         |        | 0.004       | 0.000      | 0.009      |             | 0.000  | 0.296f          |
| _461672_:ZN (XNOR2_X2)                                                                        |        | 0.006       | 0.000      | 0.025      |             | 0.034  | 0.329r          |
| _043032_ (net)                                                                                | 2      |             |            |            | 0.000       |        |                 |
| _461673_:A1 (NAND3_X1)                                                                        |        | 0.002       | 0.000      | 0.025      |             | 0.000  | 0.329r          |
| _461673_:ZN (NAND3_X1)                                                                        |        | 0.002       | 0.000      | 0.018      |             | 0.023  | 0.352f          |
| _043033_ (net)                                                                                | 1      |             |            |            | 0.000       |        |                 |
| _461675_:A (OAI21_X1)                                                                         |        | 0.002       | 0.000      | 0.018      |             | 0.000  | 0.352f          |
| _461675_:ZN (OAI21_X1)                                                                        |        | 0.006       | 0.000      | 0.038      |             | 0.035  | 0.387r          |
| _043035_ (net)                                                                                | 2      |             |            |            | 0.000       |        |                 |
| _461677_:A (XOR2_X2)                                                                          |        | 0.004       | 0.000      | 0.038      |             | 0.000  | 0.387r          |
| _461677_:Z (XOR2_X2)                                                                          |        | 0.006       | 0.000      | 0.028      |             | 0.060  | 0.447r          |
| _043037_ (net)                                                                                | 2      |             |            |            | 0.000       |        |                 |
| _461702_:A (XOR2_X2)                                                                          |        | 0.004       | 0.000      | 0.028      |             | 0.000  | 0.447r          |
| _461702_:Z (XOR2_X2)                                                                          |        | 0.006       | 0.000      | 0.028      |             | 0.058  | 0.506r          |
| _043062_ (net)                                                                                | 2      |             |            |            | 0.000       |        |                 |
| _461717_:A (XOR2_X2)                                                                          |        | 0.004       | 0.000      | 0.028      |             | 0.000  | 0.506r          |
| _461717_:Z (XOR2_X2)                                                                          |        | 0.006       | 0.000      | 0.028      |             | 0.058  | 0.564r          |
| _043077_ (net)                                                                                | 2      |             |            |            | 0.000       |        |                 |
| _461848_:A (XOR2_X2)                                                                          |        | 0.004       | 0.000      | 0.028      |             | 0.000  | 0.564r          |
| _461848_:Z (XOR2_X2)                                                                          |        | 0.006       | 0.000      | 0.028      |             | 0.058  | 0.622r          |
| _043208_ (net)                                                                                | 2      |             |            |            | 0.000       |        |                 |
| _461852_:A (XOR2_X2)                                                                          |        | 0.004       | 0.000      | 0.028      |             | 0.000  | 0.622r          |
| _461852_:Z (XOR2_X2)                                                                          |        | 0.004       | 0.000      | 0.023      |             | 0.053  | 0.676r          |
| _043212_ (net)                                                                                | 2      |             |            |            | 0.000       |        |                 |
| _461856_:A (XOR2_X1)                                                                          |        | 0.002       | 0.000      | 0.023      |             | 0.000  | 0.676r          |
| _461856_:Z (XOR2_X1)                                                                          |        | 0.006       | 0.000      | 0.042      |             | 0.072  | 0.747r          |
| _043216_ (net)                                                                                | 3      |             |            |            | 0.000       |        |                 |
| _461860_:A1 (AND2_X2)                                                                         |        | 0.002       | 0.000      | 0.042      |             | 0.000  | 0.747r          |
| _461860_:ZN (AND2_X2)                                                                         |        | 0.013       | 0.000      | 0.019      |             | 0.052  | 0.799r          |
| _043220_ (net)                                                                                | 2      |             |            |            | 0.000       |        |                 |
| _461862_:A2 (NOR3_X4)                                                                         |        | 0.006       | 0.000      | 0.019      |             | 0.000  | 0.799r          |
| _461862_:ZN (NOR3_X4)                                                                         |        | 0.006       | 0.000      | 0.013      |             | 0.013  | 0.813f          |
| _043222_ (net)                                                                                | 1      |             |            |            | 0.000       |        |                 |
| _461863_:A1 (NOR2_X4)                                                                         |        | 0.007       | 0.000      | 0.013      |             | 0.000  | 0.813f          |
| _461863_:ZN (NOR2_X4)                                                                         |        | 0.005       | 0.000      | 0.015      |             | 0.024  | 0.837r          |
| _043223_ (net)                                                                                | 2      |             |            |            | 0.000       |        |                 |
| _461864_:A (INV_X2)                                                                           |        | 0.003       | 0.000      | 0.015      |             | 0.000  | 0.837r          |
| _461864_:ZN (INV_X2)                                                                          |        | 0.003       | 0.000      | 0.006      |             | 0.009  | 0.846f          |
| _043224_ (net)                                                                                | 1      |             |            |            | 0.000       |        |                 |
| _461870_:A1 (AND2_X4)                                                                         |        | 0.003       | 0.000      | 0.006      |             | 0.000  | 0.846f          |
| _461870_:ZN (AND2_X4)                                                                         |        | 0.007       | 0.000      | 0.006      |             | 0.025  | 0.871f          |
| _043230_ (net)                                                                                | 2      |             |            |            | 0.000       |        |                 |
| _461872_:B1 (OAI21_X4)                                                                        |        | 0.006       | 0.000      | 0.006      |             | 0.000  | 0.871f          |
| _461872_:ZN (OAI21_X4)                                                                        |        | 0.003       | 0.000      | 0.015      |             | 0.022  | 0.893r          |
| _043232_ (net)                                                                                | 1      |             |            |            | 0.000       |        |                 |
| _461873_:A (INV_X2)                                                                           |        | 0.003       | 0.000      | 0.015      |             | 0.000  | 0.893r          |
| _461873_:ZN (INV_X2)                                                                          |        | 0.004       | 0.000      | 0.006      |             | 0.010  | 0.904f          |
| _043233_ (net)                                                                                | 2      |             |            |            | 0.000       |        |                 |
| _461875_:B1 (OAI21_X2)                                                                        |        | 0.003       | 0.000      | 0.006      |             | 0.000  | 0.904f          |
| _461875_:ZN (OAI21_X2)                                                                        |        | 0.003       | 0.000      | 0.020      |             | 0.027  | 0.931r          |
| _043235_ (net)                                                                                | 1      |             |            |            | 0.000       |        |                 |
| _461877_:A1 (NAND2_X2)                                                                        |        | 0.003       | 0.000      | 0.020      |             | 0.000  | 0.931r          |
| _461877_:ZN (NAND2_X2)                                                                        |        | 0.005       | 0.000      | 0.011      |             | 0.019  | 0.950f          |
| _043237_ (net)                                                                                | 2      |             |            |            | 0.000       |        |                 |
| _461889_:A1 (NAND2_X2)                                                                        |        | 0.003       | 0.000      | 0.011      |             | 0.000  | 0.950f          |
| _461889_:ZN (NAND2_X2)                                                                        |        | 0.003       | 0.000      | 0.011      |             | 0.016  | 0.966r          |
| _043249_ (net)                                                                                | 1      |             |            |            | 0.000       |        |                 |
| _461891_:A1 (NAND2_X2)                                                                        |        | 0.003       | 0.000      | 0.011      |             | 0.000  | 0.966r          |
| _461891_:ZN (NAND2_X2)                                                                        |        | 0.005       | 0.000      | 0.009      |             | 0.016  | 0.982f          |
| _043251_ (net)                                                                                | 2      |             |            |            | 0.000       |        |                 |
| _461897_:A1 (NAND2_X2)                                                                        |        | 0.003       | 0.000      | 0.009      |             | 0.000  | 0.982f          |
| _461897_:ZN (NAND2_X2)                                                                        |        | 0.003       | 0.000      | 0.011      |             | 0.016  | 0.998r          |
| _043257_ (net)                                                                                | 1      |             |            |            | 0.000       |        |                 |
| _461899_:A1 (NAND2_X2)                                                                        |        | 0.003       | 0.000      | 0.011      |             | 0.000  | 0.998r          |
| _461899_:ZN (NAND2_X2)                                                                        |        | 0.004       | 0.000      | 0.008      |             | 0.014  | 1.012f          |
| _043259_ (net)                                                                                | 2      |             |            |            | 0.000       |        |                 |
| _461905_:A (XOR2_X1)                                                                          |        | 0.002       | 0.000      | 0.008      |             | 0.000  | 1.012f          |
| _461905_:Z (XOR2_X1)                                                                          |        | 0.001       | 0.000      | 0.012      |             | 0.050  | 1.062f          |
| u_systolic_array.pe_row[12].pe_col[10].u_pe_inst.mul_output_data[14] (net)                    | 1      |             |            |            | 0.000       |        |                 |
| u_systolic_array.pe_row[12].pe_col[10].u_pe_inst.mul_result_reg_$_DFFE_PN0P__Q_1:D (DFFR_X1)  |        | 0.001       | 0.000      | 0.012      |             | 0.000  | 1.062f          |
|                                                                                               |        |             |            |            |             |        |                 |
| clk (port)                                                                                    |        | 5.867       | 0.000      | 0.000      |             | 0.000  | 0.000r          |
| clk (clock net)                                                                               | 3690   |             |            |            | NA          |        |                 |
| _792760_:CK (CLKGATE_X1)                                                                      |        | 0.002       | 0.000      | 0.000      |             | 0.000  | 0.000r          |
| _792760_:GCK (CLKGATE_X1)                                                                     |        | 17.454      | 0.000      | 0.000      |             | 0.000  | 0.000r          |
| _355317_ (clock net)                                                                          | 17873  |             |            |            | NA          |        |                 |
| u_systolic_array.pe_row[12].pe_col[10].u_pe_inst.mul_result_reg_$_DFFE_PN0P__Q_1:CK (DFFR_X1) |        | 0.001       | 0.000      | 0.000      |             | 0.000  | 0.000r          |
| clock clk (rise edge)                                                                         |        |             |            |            |             | 10     | 10              |
| clock network delay (ideal)                                                                   |        |             |            |            |             | 0.000  | 10.000          |
| u_systolic_array.pe_row[12].pe_col[10].u_pe_inst.mul_result_reg_$_DFFE_PN0P__Q_1:CK (DFFR_X1) |        |             |            |            |             |        | 10.000r         |
| library setup time                                                                            |        |             |            |            |             | -0.042 | 9.958           |
| clock reconvergence pessimism                                                                 |        |             |            |            |             | 0.000  | 9.958           |
|                                                                                               |        |             |            |            |             |        |                 |
| path cell delay                                                                               |        |             |            |            |             |        | 1.062(100.000%) |
| path net delay                                                                                |        |             |            |            |             |        | 0.000(0.000%)   |
|                                                                                               |        |             |            |            |             |        |                 |
| data require time                                                                             |        |             |            |            |             |        | 9.958           |
| data arrival time                                                                             |        |             |            |            |             |        | 1.062           |
| slack (MET)                                                                                   |        |             |            |            |             |        | 8.896           |
+-----------------------------------------------------------------------------------------------+--------+-------------+------------+------------+-------------+--------+-----------------+
+----------------------------------------------------------------------------------------------+--------+-------------+------------+------------+-------------+--------+-----------------+
| Point                                                                                        | Fanout | Capacitance | Resistance | Transition | Delta Delay | Incr   | Path            |
+----------------------------------------------------------------------------------------------+--------+-------------+------------+------------+-------------+--------+-----------------+
| clk (port)                                                                                   |        | 5.867       | 0.000      | 0.000      |             | 0.000  | 0.000r          |
| clk (clock net)                                                                              | 3690   |             |            |            | NA          |        |                 |
| _792760_:CK (CLKGATE_X1)                                                                     |        | 0.002       | 0.000      | 0.000      |             | 0.000  | 0.000r          |
| _792760_:GCK (CLKGATE_X1)                                                                    |        | 17.454      | 0.000      | 0.000      |             | 0.000  | 0.000r          |
| _355317_ (clock net)                                                                         | 17873  |             |            |            | NA          |        |                 |
| u_systolic_array.pe_row[3].pe_col[14].u_pe_inst.b_reg_$_DFFE_PN0P__Q:CK (DFFR_X1)            |        | 0.001       | 0.000      | 0.000      |             | 0.000  | 0.000r          |
| clock clk (rise edge)                                                                        |        |             |            |            |             | 0      | 0               |
| clock network delay (ideal)                                                                  |        |             |            |            |             | 0.000  | 0.000           |
| u_systolic_array.pe_row[3].pe_col[14].u_pe_inst.b_reg_$_DFFE_PN0P__Q:CK (DFFR_X1)            |        | 0.001       | 0.000      | 0.000      |             | 0.000  | 0.000r          |
| u_systolic_array.pe_row[3].pe_col[14].u_pe_inst.b_reg_$_DFFE_PN0P__Q:Q (DFFR_X1)             |        | 0.066       | 0.000      | 0.156      |             | 0.254  | 0.254r          |
| u_systolic_array.b_data_wires[913][7] (net)                                                  | 14     |             |            |            | 0.000       |        |                 |
| _714790_:A (INV_X32)                                                                         |        | 0.049       | 0.000      | 0.156      |             | 0.000  | 0.254r          |
| _714790_:ZN (INV_X32)                                                                        |        | 0.010       | 0.000      | 0.024      |             | -0.005 | 0.248f          |
| _271771_ (net)                                                                               | 4      |             |            |            | 0.000       |        |                 |
| _714866_:A1 (OR2_X4)                                                                         |        | 0.003       | 0.000      | 0.024      |             | 0.000  | 0.248f          |
| _714866_:ZN (OR2_X4)                                                                         |        | 0.005       | 0.000      | 0.009      |             | 0.047  | 0.296f          |
| _271847_ (net)                                                                               | 2      |             |            |            | 0.000       |        |                 |
| _714868_:A (XNOR2_X2)                                                                        |        | 0.004       | 0.000      | 0.009      |             | 0.000  | 0.296f          |
| _714868_:ZN (XNOR2_X2)                                                                       |        | 0.006       | 0.000      | 0.025      |             | 0.034  | 0.329r          |
| _271849_ (net)                                                                               | 2      |             |            |            | 0.000       |        |                 |
| _714869_:A1 (NAND3_X1)                                                                       |        | 0.002       | 0.000      | 0.025      |             | 0.000  | 0.329r          |
| _714869_:ZN (NAND3_X1)                                                                       |        | 0.002       | 0.000      | 0.018      |             | 0.023  | 0.352f          |
| _271850_ (net)                                                                               | 1      |             |            |            | 0.000       |        |                 |
| _714871_:A (OAI21_X1)                                                                        |        | 0.002       | 0.000      | 0.018      |             | 0.000  | 0.352f          |
| _714871_:ZN (OAI21_X1)                                                                       |        | 0.006       | 0.000      | 0.038      |             | 0.035  | 0.387r          |
| _271852_ (net)                                                                               | 2      |             |            |            | 0.000       |        |                 |
| _714873_:A (XOR2_X2)                                                                         |        | 0.004       | 0.000      | 0.038      |             | 0.000  | 0.387r          |
| _714873_:Z (XOR2_X2)                                                                         |        | 0.006       | 0.000      | 0.028      |             | 0.060  | 0.447r          |
| _271854_ (net)                                                                               | 2      |             |            |            | 0.000       |        |                 |
| _714898_:A (XOR2_X2)                                                                         |        | 0.004       | 0.000      | 0.028      |             | 0.000  | 0.447r          |
| _714898_:Z (XOR2_X2)                                                                         |        | 0.006       | 0.000      | 0.028      |             | 0.058  | 0.506r          |
| _271879_ (net)                                                                               | 2      |             |            |            | 0.000       |        |                 |
| _714913_:A (XOR2_X2)                                                                         |        | 0.004       | 0.000      | 0.028      |             | 0.000  | 0.506r          |
| _714913_:Z (XOR2_X2)                                                                         |        | 0.006       | 0.000      | 0.028      |             | 0.058  | 0.564r          |
| _271894_ (net)                                                                               | 2      |             |            |            | 0.000       |        |                 |
| _715045_:A (XOR2_X2)                                                                         |        | 0.004       | 0.000      | 0.028      |             | 0.000  | 0.564r          |
| _715045_:Z (XOR2_X2)                                                                         |        | 0.006       | 0.000      | 0.028      |             | 0.058  | 0.622r          |
| _272026_ (net)                                                                               | 2      |             |            |            | 0.000       |        |                 |
| _715049_:A (XOR2_X2)                                                                         |        | 0.004       | 0.000      | 0.028      |             | 0.000  | 0.622r          |
| _715049_:Z (XOR2_X2)                                                                         |        | 0.004       | 0.000      | 0.023      |             | 0.053  | 0.676r          |
| _272030_ (net)                                                                               | 2      |             |            |            | 0.000       |        |                 |
| _715053_:A (XOR2_X1)                                                                         |        | 0.002       | 0.000      | 0.023      |             | 0.000  | 0.676r          |
| _715053_:Z (XOR2_X1)                                                                         |        | 0.006       | 0.000      | 0.042      |             | 0.072  | 0.747r          |
| _272034_ (net)                                                                               | 3      |             |            |            | 0.000       |        |                 |
| _715057_:A1 (AND2_X2)                                                                        |        | 0.002       | 0.000      | 0.042      |             | 0.000  | 0.747r          |
| _715057_:ZN (AND2_X2)                                                                        |        | 0.013       | 0.000      | 0.019      |             | 0.052  | 0.799r          |
| _272038_ (net)                                                                               | 2      |             |            |            | 0.000       |        |                 |
| _715059_:A2 (NOR3_X4)                                                                        |        | 0.006       | 0.000      | 0.019      |             | 0.000  | 0.799r          |
| _715059_:ZN (NOR3_X4)                                                                        |        | 0.006       | 0.000      | 0.013      |             | 0.013  | 0.813f          |
| _272040_ (net)                                                                               | 1      |             |            |            | 0.000       |        |                 |
| _715060_:A1 (NOR2_X4)                                                                        |        | 0.007       | 0.000      | 0.013      |             | 0.000  | 0.813f          |
| _715060_:ZN (NOR2_X4)                                                                        |        | 0.005       | 0.000      | 0.015      |             | 0.024  | 0.837r          |
| _272041_ (net)                                                                               | 2      |             |            |            | 0.000       |        |                 |
| _715061_:A (INV_X2)                                                                          |        | 0.003       | 0.000      | 0.015      |             | 0.000  | 0.837r          |
| _715061_:ZN (INV_X2)                                                                         |        | 0.003       | 0.000      | 0.006      |             | 0.009  | 0.846f          |
| _272042_ (net)                                                                               | 1      |             |            |            | 0.000       |        |                 |
| _715067_:A1 (AND2_X4)                                                                        |        | 0.003       | 0.000      | 0.006      |             | 0.000  | 0.846f          |
| _715067_:ZN (AND2_X4)                                                                        |        | 0.007       | 0.000      | 0.006      |             | 0.025  | 0.871f          |
| _272048_ (net)                                                                               | 2      |             |            |            | 0.000       |        |                 |
| _715069_:B1 (OAI21_X4)                                                                       |        | 0.006       | 0.000      | 0.006      |             | 0.000  | 0.871f          |
| _715069_:ZN (OAI21_X4)                                                                       |        | 0.003       | 0.000      | 0.015      |             | 0.022  | 0.893r          |
| _272050_ (net)                                                                               | 1      |             |            |            | 0.000       |        |                 |
| _715070_:A (INV_X2)                                                                          |        | 0.003       | 0.000      | 0.015      |             | 0.000  | 0.893r          |
| _715070_:ZN (INV_X2)                                                                         |        | 0.004       | 0.000      | 0.006      |             | 0.010  | 0.904f          |
| _272051_ (net)                                                                               | 2      |             |            |            | 0.000       |        |                 |
| _715072_:B1 (OAI21_X2)                                                                       |        | 0.003       | 0.000      | 0.006      |             | 0.000  | 0.904f          |
| _715072_:ZN (OAI21_X2)                                                                       |        | 0.003       | 0.000      | 0.020      |             | 0.027  | 0.931r          |
| _272053_ (net)                                                                               | 1      |             |            |            | 0.000       |        |                 |
| _715074_:A1 (NAND2_X2)                                                                       |        | 0.003       | 0.000      | 0.020      |             | 0.000  | 0.931r          |
| _715074_:ZN (NAND2_X2)                                                                       |        | 0.005       | 0.000      | 0.011      |             | 0.019  | 0.950f          |
| _272055_ (net)                                                                               | 2      |             |            |            | 0.000       |        |                 |
| _715086_:A1 (NAND2_X2)                                                                       |        | 0.003       | 0.000      | 0.011      |             | 0.000  | 0.950f          |
| _715086_:ZN (NAND2_X2)                                                                       |        | 0.003       | 0.000      | 0.011      |             | 0.016  | 0.966r          |
| _272067_ (net)                                                                               | 1      |             |            |            | 0.000       |        |                 |
| _715088_:A1 (NAND2_X2)                                                                       |        | 0.003       | 0.000      | 0.011      |             | 0.000  | 0.966r          |
| _715088_:ZN (NAND2_X2)                                                                       |        | 0.005       | 0.000      | 0.009      |             | 0.016  | 0.982f          |
| _272069_ (net)                                                                               | 2      |             |            |            | 0.000       |        |                 |
| _715094_:A1 (NAND2_X2)                                                                       |        | 0.003       | 0.000      | 0.009      |             | 0.000  | 0.982f          |
| _715094_:ZN (NAND2_X2)                                                                       |        | 0.003       | 0.000      | 0.011      |             | 0.016  | 0.998r          |
| _272075_ (net)                                                                               | 1      |             |            |            | 0.000       |        |                 |
| _715096_:A1 (NAND2_X2)                                                                       |        | 0.003       | 0.000      | 0.011      |             | 0.000  | 0.998r          |
| _715096_:ZN (NAND2_X2)                                                                       |        | 0.004       | 0.000      | 0.008      |             | 0.014  | 1.012f          |
| _272077_ (net)                                                                               | 2      |             |            |            | 0.000       |        |                 |
| _715102_:A (XOR2_X1)                                                                         |        | 0.002       | 0.000      | 0.008      |             | 0.000  | 1.012f          |
| _715102_:Z (XOR2_X1)                                                                         |        | 0.001       | 0.000      | 0.012      |             | 0.050  | 1.062f          |
| u_systolic_array.pe_row[3].pe_col[14].u_pe_inst.mul_output_data[14] (net)                    | 1      |             |            |            | 0.000       |        |                 |
| u_systolic_array.pe_row[3].pe_col[14].u_pe_inst.mul_result_reg_$_DFFE_PN0P__Q_1:D (DFFR_X1)  |        | 0.001       | 0.000      | 0.012      |             | 0.000  | 1.062f          |
|                                                                                              |        |             |            |            |             |        |                 |
| clk (port)                                                                                   |        | 5.867       | 0.000      | 0.000      |             | 0.000  | 0.000r          |
| clk (clock net)                                                                              | 3690   |             |            |            | NA          |        |                 |
| _792760_:CK (CLKGATE_X1)                                                                     |        | 0.002       | 0.000      | 0.000      |             | 0.000  | 0.000r          |
| _792760_:GCK (CLKGATE_X1)                                                                    |        | 17.454      | 0.000      | 0.000      |             | 0.000  | 0.000r          |
| _355317_ (clock net)                                                                         | 17873  |             |            |            | NA          |        |                 |
| u_systolic_array.pe_row[3].pe_col[14].u_pe_inst.mul_result_reg_$_DFFE_PN0P__Q_1:CK (DFFR_X1) |        | 0.001       | 0.000      | 0.000      |             | 0.000  | 0.000r          |
| clock clk (rise edge)                                                                        |        |             |            |            |             | 10     | 10              |
| clock network delay (ideal)                                                                  |        |             |            |            |             | 0.000  | 10.000          |
| u_systolic_array.pe_row[3].pe_col[14].u_pe_inst.mul_result_reg_$_DFFE_PN0P__Q_1:CK (DFFR_X1) |        |             |            |            |             |        | 10.000r         |
| library setup time                                                                           |        |             |            |            |             | -0.042 | 9.958           |
| clock reconvergence pessimism                                                                |        |             |            |            |             | 0.000  | 9.958           |
|                                                                                              |        |             |            |            |             |        |                 |
| path cell delay                                                                              |        |             |            |            |             |        | 1.062(100.000%) |
| path net delay                                                                               |        |             |            |            |             |        | 0.000(0.000%)   |
|                                                                                              |        |             |            |            |             |        |                 |
| data require time                                                                            |        |             |            |            |             |        | 9.958           |
| data arrival time                                                                            |        |             |            |            |             |        | 1.062           |
| slack (MET)                                                                                  |        |             |            |            |             |        | 8.896           |
+----------------------------------------------------------------------------------------------+--------+-------------+------------+------------+-------------+--------+-----------------+
+----------------------------------------------------------------------------------------------------------------------------------+--------+-------------+------------+------------+-------------+--------+-----------------+
| Point                                                                                                                            | Fanout | Capacitance | Resistance | Transition | Delta Delay | Incr   | Path            |
+----------------------------------------------------------------------------------------------------------------------------------+--------+-------------+------------+------------+-------------+--------+-----------------+
| clk (port)                                                                                                                       |        | 5.867       | 0.000      | 0.000      |             | 0.000  | 0.000r          |
| clk (clock net)                                                                                                                  | 3690   |             |            |            | NA          |        |                 |
| sa_clear_accum_pulse_reg_$_DFF_PN0__Q:CK (DFFR_X1)                                                                               |        | 0.001       | 0.000      | 0.000      |             | 0.000  | 0.000r          |
| clock clk (rise edge)                                                                                                            |        |             |            |            |             | 0      | 0               |
| clock network delay (ideal)                                                                                                      |        |             |            |            |             | 0.000  | 0.000           |
| sa_clear_accum_pulse_reg_$_DFF_PN0__Q:CK (DFFR_X1)                                                                               |        | 0.001       | 0.000      | 0.000      |             | 0.000  | 0.000r          |
| sa_clear_accum_pulse_reg_$_DFF_PN0__Q:Q (DFFR_X1)                                                                                |        | 0.184       | 0.000      | 0.425      |             | 0.535  | 0.535r          |
| sa_clear_accum_pulse_reg (net)                                                                                                   | 28     |             |            |            | 0.000       |        |                 |
| fanout_buf_1815:A (BUF_X8)                                                                                                       |        | 0.007       | 0.000      | 0.425      |             | 0.000  | 0.535r          |
| fanout_buf_1815:Z (BUF_X8)                                                                                                       |        | 0.153       | 0.000      | 0.051      |             | 0.076  | 0.612r          |
| fanout_net_1815 (net)                                                                                                            | 30     |             |            |            | 0.000       |        |                 |
| fanout_buf_1767:A (BUF_X8)                                                                                                       |        | 0.007       | 0.000      | 0.051      |             | 0.000  | 0.612r          |
| fanout_buf_1767:Z (BUF_X8)                                                                                                       |        | 0.053       | 0.000      | 0.019      |             | 0.042  | 0.654r          |
| fanout_net_1767 (net)                                                                                                            | 30     |             |            |            | 0.000       |        |                 |
| _400452_:A2 (NOR2_X1)                                                                                                            |        | 0.002       | 0.000      | 0.019      |             | 0.000  | 0.654r          |
| _400452_:ZN (NOR2_X1)                                                                                                            |        | 0.006       | 0.000      | 0.011      |             | 0.019  | 0.673f          |
| _340739_ (net)                                                                                                                   | 1      |             |            |            | 0.000       |        |                 |
| _400453_:A (BUF_X8)                                                                                                              |        | 0.007       | 0.000      | 0.011      |             | 0.000  | 0.673f          |
| _400453_:Z (BUF_X8)                                                                                                              |        | 0.028       | 0.000      | 0.007      |             | 0.029  | 0.703f          |
| _340740_ (net)                                                                                                                   | 3      |             |            |            | 0.000       |        |                 |
| _400454_:A (BUF_X16)                                                                                                             |        | 0.012       | 0.000      | 0.007      |             | 0.000  | 0.703f          |
| _400454_:Z (BUF_X16)                                                                                                             |        | 0.055       | 0.000      | 0.007      |             | 0.028  | 0.731f          |
| _340741_ (net)                                                                                                                   | 10     |             |            |            | 0.000       |        |                 |
| _522546_:A (BUF_X8)                                                                                                              |        | 0.007       | 0.000      | 0.007      |             | 0.000  | 0.731f          |
| _522546_:Z (BUF_X8)                                                                                                              |        | 0.030       | 0.000      | 0.008      |             | 0.028  | 0.759f          |
| _097967_ (net)                                                                                                                   | 10     |             |            |            | 0.000       |        |                 |
| _524427_:A (BUF_X4)                                                                                                              |        | 0.003       | 0.000      | 0.008      |             | 0.000  | 0.759f          |
| _524427_:Z (BUF_X4)                                                                                                              |        | 0.016       | 0.000      | 0.008      |             | 0.028  | 0.787f          |
| _099587_ (net)                                                                                                                   | 10     |             |            |            | 0.000       |        |                 |
| _534876_:A (AOI211_X1)                                                                                                           |        | 0.002       | 0.000      | 0.008      |             | 0.000  | 0.787f          |
| _534876_:ZN (AOI211_X1)                                                                                                          |        | 0.001       | 0.000      | 0.032      |             | 0.049  | 0.836r          |
| u_systolic_array.pe_row[18].pe_col[23].u_pe_inst.pe_calculation_done_latch_$_OR__B_Y_$_ANDNOT__B_Y_$_OR__A_Y_$_ANDNOT__B_Y (net) | 1      |             |            |            | 0.000       |        |                 |
| _792303_:E (CLKGATE_X1)                                                                                                          |        | 0.001       | 0.000      | 0.032      |             | 0.000  | 0.836r          |
|                                                                                                                                  |        |             |            |            |             |        |                 |
| clk (port)                                                                                                                       |        | 5.867       | 0.000      | 0.000      |             | 0.000  | 0.000r          |
| clk (clock net)                                                                                                                  | 3690   |             |            |            | NA          |        |                 |
| _792303_:CK (CLKGATE_X1)                                                                                                         |        | 0.002       | 0.000      | 0.000      |             | 0.000  | 0.000r          |
| clock clk (rise edge)                                                                                                            |        |             |            |            |             | 10     | 10              |
| clock network delay (ideal)                                                                                                      |        |             |            |            |             | 0.000  | 10.000          |
| _792303_:CK (CLKGATE_X1)                                                                                                         |        |             |            |            |             |        | 10.000r         |
| library setup time                                                                                                               |        |             |            |            |             | -0.055 | 9.945           |
| clock reconvergence pessimism                                                                                                    |        |             |            |            |             | 0.000  | 9.945           |
|                                                                                                                                  |        |             |            |            |             |        |                 |
| path cell delay                                                                                                                  |        |             |            |            |             |        | 0.836(100.000%) |
| path net delay                                                                                                                   |        |             |            |            |             |        | 0.000(0.000%)   |
|                                                                                                                                  |        |             |            |            |             |        |                 |
| data require time                                                                                                                |        |             |            |            |             |        | 9.945           |
| data arrival time                                                                                                                |        |             |            |            |             |        | 0.836           |
| slack (MET)                                                                                                                      |        |             |            |            |             |        | 9.109           |
+----------------------------------------------------------------------------------------------------------------------------------+--------+-------------+------------+------------+-------------+--------+-----------------+
+----------------------------------------------------------------------------------------------------------------------------------+--------+-------------+------------+------------+-------------+--------+-----------------+
| Point                                                                                                                            | Fanout | Capacitance | Resistance | Transition | Delta Delay | Incr   | Path            |
+----------------------------------------------------------------------------------------------------------------------------------+--------+-------------+------------+------------+-------------+--------+-----------------+
| clk (port)                                                                                                                       |        | 5.867       | 0.000      | 0.000      |             | 0.000  | 0.000r          |
| clk (clock net)                                                                                                                  | 3690   |             |            |            | NA          |        |                 |
| sa_clear_accum_pulse_reg_$_DFF_PN0__Q:CK (DFFR_X1)                                                                               |        | 0.001       | 0.000      | 0.000      |             | 0.000  | 0.000r          |
| clock clk (rise edge)                                                                                                            |        |             |            |            |             | 0      | 0               |
| clock network delay (ideal)                                                                                                      |        |             |            |            |             | 0.000  | 0.000           |
| sa_clear_accum_pulse_reg_$_DFF_PN0__Q:CK (DFFR_X1)                                                                               |        | 0.001       | 0.000      | 0.000      |             | 0.000  | 0.000r          |
| sa_clear_accum_pulse_reg_$_DFF_PN0__Q:Q (DFFR_X1)                                                                                |        | 0.184       | 0.000      | 0.425      |             | 0.535  | 0.535r          |
| sa_clear_accum_pulse_reg (net)                                                                                                   | 28     |             |            |            | 0.000       |        |                 |
| fanout_buf_1815:A (BUF_X8)                                                                                                       |        | 0.007       | 0.000      | 0.425      |             | 0.000  | 0.535r          |
| fanout_buf_1815:Z (BUF_X8)                                                                                                       |        | 0.153       | 0.000      | 0.051      |             | 0.076  | 0.612r          |
| fanout_net_1815 (net)                                                                                                            | 30     |             |            |            | 0.000       |        |                 |
| fanout_buf_1767:A (BUF_X8)                                                                                                       |        | 0.007       | 0.000      | 0.051      |             | 0.000  | 0.612r          |
| fanout_buf_1767:Z (BUF_X8)                                                                                                       |        | 0.053       | 0.000      | 0.019      |             | 0.042  | 0.654r          |
| fanout_net_1767 (net)                                                                                                            | 30     |             |            |            | 0.000       |        |                 |
| _400452_:A2 (NOR2_X1)                                                                                                            |        | 0.002       | 0.000      | 0.019      |             | 0.000  | 0.654r          |
| _400452_:ZN (NOR2_X1)                                                                                                            |        | 0.006       | 0.000      | 0.011      |             | 0.019  | 0.673f          |
| _340739_ (net)                                                                                                                   | 1      |             |            |            | 0.000       |        |                 |
| _400453_:A (BUF_X8)                                                                                                              |        | 0.007       | 0.000      | 0.011      |             | 0.000  | 0.673f          |
| _400453_:Z (BUF_X8)                                                                                                              |        | 0.028       | 0.000      | 0.007      |             | 0.029  | 0.703f          |
| _340740_ (net)                                                                                                                   | 3      |             |            |            | 0.000       |        |                 |
| _400454_:A (BUF_X16)                                                                                                             |        | 0.012       | 0.000      | 0.007      |             | 0.000  | 0.703f          |
| _400454_:Z (BUF_X16)                                                                                                             |        | 0.055       | 0.000      | 0.007      |             | 0.028  | 0.731f          |
| _340741_ (net)                                                                                                                   | 10     |             |            |            | 0.000       |        |                 |
| _522546_:A (BUF_X8)                                                                                                              |        | 0.007       | 0.000      | 0.007      |             | 0.000  | 0.731f          |
| _522546_:Z (BUF_X8)                                                                                                              |        | 0.030       | 0.000      | 0.008      |             | 0.028  | 0.759f          |
| _097967_ (net)                                                                                                                   | 10     |             |            |            | 0.000       |        |                 |
| _546150_:A (BUF_X4)                                                                                                              |        | 0.003       | 0.000      | 0.008      |             | 0.000  | 0.759f          |
| _546150_:Z (BUF_X4)                                                                                                              |        | 0.016       | 0.000      | 0.008      |             | 0.028  | 0.787f          |
| _119280_ (net)                                                                                                                   | 10     |             |            |            | 0.000       |        |                 |
| _546299_:A (AOI211_X1)                                                                                                           |        | 0.002       | 0.000      | 0.008      |             | 0.000  | 0.787f          |
| _546299_:ZN (AOI211_X1)                                                                                                          |        | 0.001       | 0.000      | 0.032      |             | 0.049  | 0.836r          |
| u_systolic_array.pe_row[19].pe_col[25].u_pe_inst.pe_calculation_done_latch_$_OR__B_Y_$_ANDNOT__B_Y_$_OR__A_Y_$_ANDNOT__B_Y (net) | 1      |             |            |            | 0.000       |        |                 |
| _792253_:E (CLKGATE_X1)                                                                                                          |        | 0.001       | 0.000      | 0.032      |             | 0.000  | 0.836r          |
|                                                                                                                                  |        |             |            |            |             |        |                 |
| clk (port)                                                                                                                       |        | 5.867       | 0.000      | 0.000      |             | 0.000  | 0.000r          |
| clk (clock net)                                                                                                                  | 3690   |             |            |            | NA          |        |                 |
| _792253_:CK (CLKGATE_X1)                                                                                                         |        | 0.002       | 0.000      | 0.000      |             | 0.000  | 0.000r          |
| clock clk (rise edge)                                                                                                            |        |             |            |            |             | 10     | 10              |
| clock network delay (ideal)                                                                                                      |        |             |            |            |             | 0.000  | 10.000          |
| _792253_:CK (CLKGATE_X1)                                                                                                         |        |             |            |            |             |        | 10.000r         |
| library setup time                                                                                                               |        |             |            |            |             | -0.055 | 9.945           |
| clock reconvergence pessimism                                                                                                    |        |             |            |            |             | 0.000  | 9.945           |
|                                                                                                                                  |        |             |            |            |             |        |                 |
| path cell delay                                                                                                                  |        |             |            |            |             |        | 0.836(100.000%) |
| path net delay                                                                                                                   |        |             |            |            |             |        | 0.000(0.000%)   |
|                                                                                                                                  |        |             |            |            |             |        |                 |
| data require time                                                                                                                |        |             |            |            |             |        | 9.945           |
| data arrival time                                                                                                                |        |             |            |            |             |        | 0.836           |
| slack (MET)                                                                                                                      |        |             |            |            |             |        | 9.109           |
+----------------------------------------------------------------------------------------------------------------------------------+--------+-------------+------------+------------+-------------+--------+-----------------+
+-------------------------------------------------------------------------------------------------------------------------+--------+-------------+------------+------------+-------------+--------+-----------------+
| Point                                                                                                                   | Fanout | Capacitance | Resistance | Transition | Delta Delay | Incr   | Path            |
+-------------------------------------------------------------------------------------------------------------------------+--------+-------------+------------+------------+-------------+--------+-----------------+
| clk (port)                                                                                                              |        | 5.867       | 0.000      | 0.000      |             | 0.000  | 0.000r          |
| clk (clock net)                                                                                                         | 3690   |             |            |            | NA          |        |                 |
| sa_clear_accum_pulse_reg_$_DFF_PN0__Q:CK (DFFR_X1)                                                                      |        | 0.001       | 0.000      | 0.000      |             | 0.000  | 0.000r          |
| clock clk (rise edge)                                                                                                   |        |             |            |            |             | 0      | 0               |
| clock network delay (ideal)                                                                                             |        |             |            |            |             | 0.000  | 0.000           |
| sa_clear_accum_pulse_reg_$_DFF_PN0__Q:CK (DFFR_X1)                                                                      |        | 0.001       | 0.000      | 0.000      |             | 0.000  | 0.000r          |
| sa_clear_accum_pulse_reg_$_DFF_PN0__Q:Q (DFFR_X1)                                                                       |        | 0.184       | 0.000      | 0.425      |             | 0.535  | 0.535r          |
| sa_clear_accum_pulse_reg (net)                                                                                          | 28     |             |            |            | 0.000       |        |                 |
| fanout_buf_1815:A (BUF_X8)                                                                                              |        | 0.007       | 0.000      | 0.425      |             | 0.000  | 0.535r          |
| fanout_buf_1815:Z (BUF_X8)                                                                                              |        | 0.153       | 0.000      | 0.051      |             | 0.076  | 0.612r          |
| fanout_net_1815 (net)                                                                                                   | 30     |             |            |            | 0.000       |        |                 |
| fanout_buf_1767:A (BUF_X8)                                                                                              |        | 0.007       | 0.000      | 0.051      |             | 0.000  | 0.612r          |
| fanout_buf_1767:Z (BUF_X8)                                                                                              |        | 0.053       | 0.000      | 0.019      |             | 0.042  | 0.654r          |
| fanout_net_1767 (net)                                                                                                   | 30     |             |            |            | 0.000       |        |                 |
| _400452_:A2 (NOR2_X1)                                                                                                   |        | 0.002       | 0.000      | 0.019      |             | 0.000  | 0.654r          |
| _400452_:ZN (NOR2_X1)                                                                                                   |        | 0.006       | 0.000      | 0.011      |             | 0.019  | 0.673f          |
| _340739_ (net)                                                                                                          | 1      |             |            |            | 0.000       |        |                 |
| _400453_:A (BUF_X8)                                                                                                     |        | 0.007       | 0.000      | 0.011      |             | 0.000  | 0.673f          |
| _400453_:Z (BUF_X8)                                                                                                     |        | 0.028       | 0.000      | 0.007      |             | 0.029  | 0.703f          |
| _340740_ (net)                                                                                                          | 3      |             |            |            | 0.000       |        |                 |
| _400454_:A (BUF_X16)                                                                                                    |        | 0.012       | 0.000      | 0.007      |             | 0.000  | 0.703f          |
| _400454_:Z (BUF_X16)                                                                                                    |        | 0.055       | 0.000      | 0.007      |             | 0.028  | 0.731f          |
| _340741_ (net)                                                                                                          | 10     |             |            |            | 0.000       |        |                 |
| _442490_:A (BUF_X8)                                                                                                     |        | 0.007       | 0.000      | 0.007      |             | 0.000  | 0.731f          |
| _442490_:Z (BUF_X8)                                                                                                     |        | 0.030       | 0.000      | 0.008      |             | 0.028  | 0.759f          |
| _025781_ (net)                                                                                                          | 10     |             |            |            | 0.000       |        |                 |
| _500654_:A (BUF_X4)                                                                                                     |        | 0.003       | 0.000      | 0.008      |             | 0.000  | 0.759f          |
| _500654_:Z (BUF_X4)                                                                                                     |        | 0.016       | 0.000      | 0.008      |             | 0.028  | 0.787f          |
| _078184_ (net)                                                                                                          | 10     |             |            |            | 0.000       |        |                 |
| _500696_:A (AOI211_X1)                                                                                                  |        | 0.002       | 0.000      | 0.008      |             | 0.000  | 0.787f          |
| _500696_:ZN (AOI211_X1)                                                                                                 |        | 0.001       | 0.000      | 0.032      |             | 0.049  | 0.836r          |
| u_systolic_array.pe_row[15].pe_col[24].u_pe_inst.pe_calculation_done_latch_$_NOT__A_Y_$_ANDNOT__B_Y_$_ANDNOT__B_Y (net) | 1      |             |            |            | 0.000       |        |                 |
| _792446_:E (CLKGATE_X1)                                                                                                 |        | 0.001       | 0.000      | 0.032      |             | 0.000  | 0.836r          |
|                                                                                                                         |        |             |            |            |             |        |                 |
| clk (port)                                                                                                              |        | 5.867       | 0.000      | 0.000      |             | 0.000  | 0.000r          |
| clk (clock net)                                                                                                         | 3690   |             |            |            | NA          |        |                 |
| _792446_:CK (CLKGATE_X1)                                                                                                |        | 0.002       | 0.000      | 0.000      |             | 0.000  | 0.000r          |
| clock clk (rise edge)                                                                                                   |        |             |            |            |             | 10     | 10              |
| clock network delay (ideal)                                                                                             |        |             |            |            |             | 0.000  | 10.000          |
| _792446_:CK (CLKGATE_X1)                                                                                                |        |             |            |            |             |        | 10.000r         |
| library setup time                                                                                                      |        |             |            |            |             | -0.055 | 9.945           |
| clock reconvergence pessimism                                                                                           |        |             |            |            |             | 0.000  | 9.945           |
|                                                                                                                         |        |             |            |            |             |        |                 |
| path cell delay                                                                                                         |        |             |            |            |             |        | 0.836(100.000%) |
| path net delay                                                                                                          |        |             |            |            |             |        | 0.000(0.000%)   |
|                                                                                                                         |        |             |            |            |             |        |                 |
| data require time                                                                                                       |        |             |            |            |             |        | 9.945           |
| data arrival time                                                                                                       |        |             |            |            |             |        | 0.836           |
| slack (MET)                                                                                                             |        |             |            |            |             |        | 9.109           |
+-------------------------------------------------------------------------------------------------------------------------+--------+-------------+------------+------------+-------------+--------+-----------------+
+----------------------------------------------------------------------------------------------------------------------------------+--------+-------------+------------+------------+-------------+--------+-----------------+
| Point                                                                                                                            | Fanout | Capacitance | Resistance | Transition | Delta Delay | Incr   | Path            |
+----------------------------------------------------------------------------------------------------------------------------------+--------+-------------+------------+------------+-------------+--------+-----------------+
| clk (port)                                                                                                                       |        | 5.867       | 0.000      | 0.000      |             | 0.000  | 0.000r          |
| clk (clock net)                                                                                                                  | 3690   |             |            |            | NA          |        |                 |
| sa_clear_accum_pulse_reg_$_DFF_PN0__Q:CK (DFFR_X1)                                                                               |        | 0.001       | 0.000      | 0.000      |             | 0.000  | 0.000r          |
| clock clk (rise edge)                                                                                                            |        |             |            |            |             | 0      | 0               |
| clock network delay (ideal)                                                                                                      |        |             |            |            |             | 0.000  | 0.000           |
| sa_clear_accum_pulse_reg_$_DFF_PN0__Q:CK (DFFR_X1)                                                                               |        | 0.001       | 0.000      | 0.000      |             | 0.000  | 0.000r          |
| sa_clear_accum_pulse_reg_$_DFF_PN0__Q:Q (DFFR_X1)                                                                                |        | 0.184       | 0.000      | 0.425      |             | 0.535  | 0.535r          |
| sa_clear_accum_pulse_reg (net)                                                                                                   | 28     |             |            |            | 0.000       |        |                 |
| fanout_buf_1815:A (BUF_X8)                                                                                                       |        | 0.007       | 0.000      | 0.425      |             | 0.000  | 0.535r          |
| fanout_buf_1815:Z (BUF_X8)                                                                                                       |        | 0.153       | 0.000      | 0.051      |             | 0.076  | 0.612r          |
| fanout_net_1815 (net)                                                                                                            | 30     |             |            |            | 0.000       |        |                 |
| fanout_buf_1767:A (BUF_X8)                                                                                                       |        | 0.007       | 0.000      | 0.051      |             | 0.000  | 0.612r          |
| fanout_buf_1767:Z (BUF_X8)                                                                                                       |        | 0.053       | 0.000      | 0.019      |             | 0.042  | 0.654r          |
| fanout_net_1767 (net)                                                                                                            | 30     |             |            |            | 0.000       |        |                 |
| _400452_:A2 (NOR2_X1)                                                                                                            |        | 0.002       | 0.000      | 0.019      |             | 0.000  | 0.654r          |
| _400452_:ZN (NOR2_X1)                                                                                                            |        | 0.006       | 0.000      | 0.011      |             | 0.019  | 0.673f          |
| _340739_ (net)                                                                                                                   | 1      |             |            |            | 0.000       |        |                 |
| _400453_:A (BUF_X8)                                                                                                              |        | 0.007       | 0.000      | 0.011      |             | 0.000  | 0.673f          |
| _400453_:Z (BUF_X8)                                                                                                              |        | 0.028       | 0.000      | 0.007      |             | 0.029  | 0.703f          |
| _340740_ (net)                                                                                                                   | 3      |             |            |            | 0.000       |        |                 |
| _400454_:A (BUF_X16)                                                                                                             |        | 0.012       | 0.000      | 0.007      |             | 0.000  | 0.703f          |
| _400454_:Z (BUF_X16)                                                                                                             |        | 0.055       | 0.000      | 0.007      |             | 0.028  | 0.731f          |
| _340741_ (net)                                                                                                                   | 10     |             |            |            | 0.000       |        |                 |
| _613589_:A (BUF_X8)                                                                                                              |        | 0.007       | 0.000      | 0.007      |             | 0.000  | 0.731f          |
| _613589_:Z (BUF_X8)                                                                                                              |        | 0.030       | 0.000      | 0.008      |             | 0.028  | 0.759f          |
| _180347_ (net)                                                                                                                   | 10     |             |            |            | 0.000       |        |                 |
| _615452_:A (BUF_X4)                                                                                                              |        | 0.003       | 0.000      | 0.008      |             | 0.000  | 0.759f          |
| _615452_:Z (BUF_X4)                                                                                                              |        | 0.016       | 0.000      | 0.008      |             | 0.028  | 0.787f          |
| _181955_ (net)                                                                                                                   | 10     |             |            |            | 0.000       |        |                 |
| _625005_:A (AOI211_X1)                                                                                                           |        | 0.002       | 0.000      | 0.008      |             | 0.000  | 0.787f          |
| _625005_:ZN (AOI211_X1)                                                                                                          |        | 0.001       | 0.000      | 0.032      |             | 0.049  | 0.836r          |
| u_systolic_array.pe_row[25].pe_col[18].u_pe_inst.pe_calculation_done_latch_$_OR__B_Y_$_ANDNOT__B_Y_$_OR__A_Y_$_ANDNOT__B_Y (net) | 1      |             |            |            | 0.000       |        |                 |
| _791926_:E (CLKGATE_X1)                                                                                                          |        | 0.001       | 0.000      | 0.032      |             | 0.000  | 0.836r          |
|                                                                                                                                  |        |             |            |            |             |        |                 |
| clk (port)                                                                                                                       |        | 5.867       | 0.000      | 0.000      |             | 0.000  | 0.000r          |
| clk (clock net)                                                                                                                  | 3690   |             |            |            | NA          |        |                 |
| _791926_:CK (CLKGATE_X1)                                                                                                         |        | 0.002       | 0.000      | 0.000      |             | 0.000  | 0.000r          |
| clock clk (rise edge)                                                                                                            |        |             |            |            |             | 10     | 10              |
| clock network delay (ideal)                                                                                                      |        |             |            |            |             | 0.000  | 10.000          |
| _791926_:CK (CLKGATE_X1)                                                                                                         |        |             |            |            |             |        | 10.000r         |
| library setup time                                                                                                               |        |             |            |            |             | -0.055 | 9.945           |
| clock reconvergence pessimism                                                                                                    |        |             |            |            |             | 0.000  | 9.945           |
|                                                                                                                                  |        |             |            |            |             |        |                 |
| path cell delay                                                                                                                  |        |             |            |            |             |        | 0.836(100.000%) |
| path net delay                                                                                                                   |        |             |            |            |             |        | 0.000(0.000%)   |
|                                                                                                                                  |        |             |            |            |             |        |                 |
| data require time                                                                                                                |        |             |            |            |             |        | 9.945           |
| data arrival time                                                                                                                |        |             |            |            |             |        | 0.836           |
| slack (MET)                                                                                                                      |        |             |            |            |             |        | 9.109           |
+----------------------------------------------------------------------------------------------------------------------------------+--------+-------------+------------+------------+-------------+--------+-----------------+
+----------------------------------------------------------------------------------------------------------------------------------+--------+-------------+------------+------------+-------------+--------+-----------------+
| Point                                                                                                                            | Fanout | Capacitance | Resistance | Transition | Delta Delay | Incr   | Path            |
+----------------------------------------------------------------------------------------------------------------------------------+--------+-------------+------------+------------+-------------+--------+-----------------+
| clk (port)                                                                                                                       |        | 5.867       | 0.000      | 0.000      |             | 0.000  | 0.000r          |
| clk (clock net)                                                                                                                  | 3690   |             |            |            | NA          |        |                 |
| sa_clear_accum_pulse_reg_$_DFF_PN0__Q:CK (DFFR_X1)                                                                               |        | 0.001       | 0.000      | 0.000      |             | 0.000  | 0.000r          |
| clock clk (rise edge)                                                                                                            |        |             |            |            |             | 0      | 0               |
| clock network delay (ideal)                                                                                                      |        |             |            |            |             | 0.000  | 0.000           |
| sa_clear_accum_pulse_reg_$_DFF_PN0__Q:CK (DFFR_X1)                                                                               |        | 0.001       | 0.000      | 0.000      |             | 0.000  | 0.000r          |
| sa_clear_accum_pulse_reg_$_DFF_PN0__Q:Q (DFFR_X1)                                                                                |        | 0.184       | 0.000      | 0.425      |             | 0.535  | 0.535r          |
| sa_clear_accum_pulse_reg (net)                                                                                                   | 28     |             |            |            | 0.000       |        |                 |
| fanout_buf_1815:A (BUF_X8)                                                                                                       |        | 0.007       | 0.000      | 0.425      |             | 0.000  | 0.535r          |
| fanout_buf_1815:Z (BUF_X8)                                                                                                       |        | 0.153       | 0.000      | 0.051      |             | 0.076  | 0.612r          |
| fanout_net_1815 (net)                                                                                                            | 30     |             |            |            | 0.000       |        |                 |
| fanout_buf_1767:A (BUF_X8)                                                                                                       |        | 0.007       | 0.000      | 0.051      |             | 0.000  | 0.612r          |
| fanout_buf_1767:Z (BUF_X8)                                                                                                       |        | 0.053       | 0.000      | 0.019      |             | 0.042  | 0.654r          |
| fanout_net_1767 (net)                                                                                                            | 30     |             |            |            | 0.000       |        |                 |
| _400452_:A2 (NOR2_X1)                                                                                                            |        | 0.002       | 0.000      | 0.019      |             | 0.000  | 0.654r          |
| _400452_:ZN (NOR2_X1)                                                                                                            |        | 0.006       | 0.000      | 0.011      |             | 0.019  | 0.673f          |
| _340739_ (net)                                                                                                                   | 1      |             |            |            | 0.000       |        |                 |
| _400453_:A (BUF_X8)                                                                                                              |        | 0.007       | 0.000      | 0.011      |             | 0.000  | 0.673f          |
| _400453_:Z (BUF_X8)                                                                                                              |        | 0.028       | 0.000      | 0.007      |             | 0.029  | 0.703f          |
| _340740_ (net)                                                                                                                   | 3      |             |            |            | 0.000       |        |                 |
| _400454_:A (BUF_X16)                                                                                                             |        | 0.012       | 0.000      | 0.007      |             | 0.000  | 0.703f          |
| _400454_:Z (BUF_X16)                                                                                                             |        | 0.055       | 0.000      | 0.007      |             | 0.028  | 0.731f          |
| _340741_ (net)                                                                                                                   | 10     |             |            |            | 0.000       |        |                 |
| _613589_:A (BUF_X8)                                                                                                              |        | 0.007       | 0.000      | 0.007      |             | 0.000  | 0.731f          |
| _613589_:Z (BUF_X8)                                                                                                              |        | 0.030       | 0.000      | 0.008      |             | 0.028  | 0.759f          |
| _180347_ (net)                                                                                                                   | 10     |             |            |            | 0.000       |        |                 |
| _625962_:A (BUF_X4)                                                                                                              |        | 0.003       | 0.000      | 0.008      |             | 0.000  | 0.759f          |
| _625962_:Z (BUF_X4)                                                                                                              |        | 0.016       | 0.000      | 0.008      |             | 0.028  | 0.787f          |
| _191477_ (net)                                                                                                                   | 10     |             |            |            | 0.000       |        |                 |
| _625965_:A (AOI211_X1)                                                                                                           |        | 0.002       | 0.000      | 0.008      |             | 0.000  | 0.787f          |
| _625965_:ZN (AOI211_X1)                                                                                                          |        | 0.001       | 0.000      | 0.032      |             | 0.049  | 0.836r          |
| u_systolic_array.pe_row[25].pe_col[26].u_pe_inst.pe_calculation_done_latch_$_OR__B_Y_$_ANDNOT__B_Y_$_OR__A_Y_$_ANDNOT__B_Y (net) | 1      |             |            |            | 0.000       |        |                 |
| _791916_:E (CLKGATE_X1)                                                                                                          |        | 0.001       | 0.000      | 0.032      |             | 0.000  | 0.836r          |
|                                                                                                                                  |        |             |            |            |             |        |                 |
| clk (port)                                                                                                                       |        | 5.867       | 0.000      | 0.000      |             | 0.000  | 0.000r          |
| clk (clock net)                                                                                                                  | 3690   |             |            |            | NA          |        |                 |
| _791916_:CK (CLKGATE_X1)                                                                                                         |        | 0.002       | 0.000      | 0.000      |             | 0.000  | 0.000r          |
| clock clk (rise edge)                                                                                                            |        |             |            |            |             | 10     | 10              |
| clock network delay (ideal)                                                                                                      |        |             |            |            |             | 0.000  | 10.000          |
| _791916_:CK (CLKGATE_X1)                                                                                                         |        |             |            |            |             |        | 10.000r         |
| library setup time                                                                                                               |        |             |            |            |             | -0.055 | 9.945           |
| clock reconvergence pessimism                                                                                                    |        |             |            |            |             | 0.000  | 9.945           |
|                                                                                                                                  |        |             |            |            |             |        |                 |
| path cell delay                                                                                                                  |        |             |            |            |             |        | 0.836(100.000%) |
| path net delay                                                                                                                   |        |             |            |            |             |        | 0.000(0.000%)   |
|                                                                                                                                  |        |             |            |            |             |        |                 |
| data require time                                                                                                                |        |             |            |            |             |        | 9.945           |
| data arrival time                                                                                                                |        |             |            |            |             |        | 0.836           |
| slack (MET)                                                                                                                      |        |             |            |            |             |        | 9.109           |
+----------------------------------------------------------------------------------------------------------------------------------+--------+-------------+------------+------------+-------------+--------+-----------------+
+-------------------------------------------------------------------------------------------------------------------------+--------+-------------+------------+------------+-------------+--------+-----------------+
| Point                                                                                                                   | Fanout | Capacitance | Resistance | Transition | Delta Delay | Incr   | Path            |
+-------------------------------------------------------------------------------------------------------------------------+--------+-------------+------------+------------+-------------+--------+-----------------+
| clk (port)                                                                                                              |        | 5.867       | 0.000      | 0.000      |             | 0.000  | 0.000r          |
| clk (clock net)                                                                                                         | 3690   |             |            |            | NA          |        |                 |
| _792760_:CK (CLKGATE_X1)                                                                                                |        | 0.002       | 0.000      | 0.000      |             | 0.000  | 0.000r          |
| _792760_:GCK (CLKGATE_X1)                                                                                               |        | 17.454      | 0.000      | 0.000      |             | 0.000  | 0.000r          |
| _355317_ (clock net)                                                                                                    | 17873  |             |            |            | NA          |        |                 |
| u_systolic_array.pe_row[9].pe_col[8].u_pe_inst.a_valid_for_output_reg_$_DFFE_PN0P__Q:CK (DFFR_X1)                       |        | 0.001       | 0.000      | 0.000      |             | 0.000  | 0.000r          |
| clock clk (rise edge)                                                                                                   |        |             |            |            |             | 0      | 0               |
| clock network delay (ideal)                                                                                             |        |             |            |            |             | 0.000  | 0.000           |
| u_systolic_array.pe_row[9].pe_col[8].u_pe_inst.a_valid_for_output_reg_$_DFFE_PN0P__Q:CK (DFFR_X1)                       |        | 0.001       | 0.000      | 0.000      |             | 0.000  | 0.000r          |
| u_systolic_array.pe_row[9].pe_col[8].u_pe_inst.a_valid_for_output_reg_$_DFFE_PN0P__Q:Q (DFFR_X1)                        |        | 0.001       | 0.000      | 0.007      |             | 0.085  | 0.085f          |
| u_systolic_array.a_valid_wires[749][0] (net)                                                                            | 1      |             |            |            | 0.000       |        |                 |
| u_systolic_array.pe_row[9].pe_col[9].u_pe_inst.inputs_that_produced_a_b_regs_were_valid_reg_$_DFFE_PN0P__Q:D (DFFR_X1)  |        | 0.001       | 0.000      | 0.007      |             | 0.000  | 0.085f          |
|                                                                                                                         |        |             |            |            |             |        |                 |
| clk (port)                                                                                                              |        | 5.867       | 0.000      | 0.000      |             | 0.000  | 0.000r          |
| clk (clock net)                                                                                                         | 3690   |             |            |            | NA          |        |                 |
| _792760_:CK (CLKGATE_X1)                                                                                                |        | 0.002       | 0.000      | 0.000      |             | 0.000  | 0.000r          |
| _792760_:GCK (CLKGATE_X1)                                                                                               |        | 17.454      | 0.000      | 0.000      |             | 0.000  | 0.000r          |
| _355317_ (clock net)                                                                                                    | 17873  |             |            |            | NA          |        |                 |
| u_systolic_array.pe_row[9].pe_col[9].u_pe_inst.inputs_that_produced_a_b_regs_were_valid_reg_$_DFFE_PN0P__Q:CK (DFFR_X1) |        | 0.001       | 0.000      | 0.000      |             | 0.000  | 0.000r          |
| clock clk (rise edge)                                                                                                   |        |             |            |            |             | 0      | 0               |
| clock network delay (ideal)                                                                                             |        |             |            |            |             | 0.000  | 0.000           |
| u_systolic_array.pe_row[9].pe_col[9].u_pe_inst.inputs_that_produced_a_b_regs_were_valid_reg_$_DFFE_PN0P__Q:CK (DFFR_X1) |        |             |            |            |             |        | 0.000r          |
| library hold time                                                                                                       |        |             |            |            |             | 0.003  | 0.003           |
| clock reconvergence pessimism                                                                                           |        |             |            |            |             | -0.000 | 0.003           |
|                                                                                                                         |        |             |            |            |             |        |                 |
| path cell delay                                                                                                         |        |             |            |            |             |        | 0.085(100.000%) |
| path net delay                                                                                                          |        |             |            |            |             |        | 0.000(0.000%)   |
|                                                                                                                         |        |             |            |            |             |        |                 |
| data require time                                                                                                       |        |             |            |            |             |        | 0.003           |
| data arrival time                                                                                                       |        |             |            |            |             |        | 0.085           |
| slack (MET)                                                                                                             |        |             |            |            |             |        | 0.082           |
+-------------------------------------------------------------------------------------------------------------------------+--------+-------------+------------+------------+-------------+--------+-----------------+
+---------------------------------------------------------------------------------------------------+--------+-------------+------------+------------+-------------+--------+-----------------+
| Point                                                                                             | Fanout | Capacitance | Resistance | Transition | Delta Delay | Incr   | Path            |
+---------------------------------------------------------------------------------------------------+--------+-------------+------------+------------+-------------+--------+-----------------+
| clk (port)                                                                                        |        | 5.867       | 0.000      | 0.000      |             | 0.000  | 0.000r          |
| clk (clock net)                                                                                   | 3690   |             |            |            | NA          |        |                 |
| _792760_:CK (CLKGATE_X1)                                                                          |        | 0.002       | 0.000      | 0.000      |             | 0.000  | 0.000r          |
| _792760_:GCK (CLKGATE_X1)                                                                         |        | 17.454      | 0.000      | 0.000      |             | 0.000  | 0.000r          |
| _355317_ (clock net)                                                                              | 17873  |             |            |            | NA          |        |                 |
| u_systolic_array.pe_row[8].pe_col[5].u_pe_inst.b_valid_for_output_reg_$_DFFE_PN0P__Q:CK (DFFR_X1) |        | 0.001       | 0.000      | 0.000      |             | 0.000  | 0.000r          |
| clock clk (rise edge)                                                                             |        |             |            |            |             | 0      | 0               |
| clock network delay (ideal)                                                                       |        |             |            |            |             | 0.000  | 0.000           |
| u_systolic_array.pe_row[8].pe_col[5].u_pe_inst.b_valid_for_output_reg_$_DFFE_PN0P__Q:CK (DFFR_X1) |        | 0.001       | 0.000      | 0.000      |             | 0.000  | 0.000r          |
| u_systolic_array.pe_row[8].pe_col[5].u_pe_inst.b_valid_for_output_reg_$_DFFE_PN0P__Q:Q (DFFR_X1)  |        | 0.002       | 0.000      | 0.007      |             | 0.085  | 0.085f          |
| u_systolic_array.a_valid_wires[881][0] (net)                                                      | 2      |             |            |            | 0.000       |        |                 |
| u_systolic_array.pe_row[9].pe_col[5].u_pe_inst.b_valid_for_output_reg_$_DFFE_PN0P__Q:D (DFFR_X1)  |        | 0.001       | 0.000      | 0.007      |             | 0.000  | 0.085f          |
|                                                                                                   |        |             |            |            |             |        |                 |
| clk (port)                                                                                        |        | 5.867       | 0.000      | 0.000      |             | 0.000  | 0.000r          |
| clk (clock net)                                                                                   | 3690   |             |            |            | NA          |        |                 |
| _792760_:CK (CLKGATE_X1)                                                                          |        | 0.002       | 0.000      | 0.000      |             | 0.000  | 0.000r          |
| _792760_:GCK (CLKGATE_X1)                                                                         |        | 17.454      | 0.000      | 0.000      |             | 0.000  | 0.000r          |
| _355317_ (clock net)                                                                              | 17873  |             |            |            | NA          |        |                 |
| u_systolic_array.pe_row[9].pe_col[5].u_pe_inst.b_valid_for_output_reg_$_DFFE_PN0P__Q:CK (DFFR_X1) |        | 0.001       | 0.000      | 0.000      |             | 0.000  | 0.000r          |
| clock clk (rise edge)                                                                             |        |             |            |            |             | 0      | 0               |
| clock network delay (ideal)                                                                       |        |             |            |            |             | 0.000  | 0.000           |
| u_systolic_array.pe_row[9].pe_col[5].u_pe_inst.b_valid_for_output_reg_$_DFFE_PN0P__Q:CK (DFFR_X1) |        |             |            |            |             |        | 0.000r          |
| library hold time                                                                                 |        |             |            |            |             | 0.003  | 0.003           |
| clock reconvergence pessimism                                                                     |        |             |            |            |             | -0.000 | 0.003           |
|                                                                                                   |        |             |            |            |             |        |                 |
| path cell delay                                                                                   |        |             |            |            |             |        | 0.085(100.000%) |
| path net delay                                                                                    |        |             |            |            |             |        | 0.000(0.000%)   |
|                                                                                                   |        |             |            |            |             |        |                 |
| data require time                                                                                 |        |             |            |            |             |        | 0.003           |
| data arrival time                                                                                 |        |             |            |            |             |        | 0.085           |
| slack (MET)                                                                                       |        |             |            |            |             |        | 0.082           |
+---------------------------------------------------------------------------------------------------+--------+-------------+------------+------------+-------------+--------+-----------------+
+---------------------------------------------------------------------------------------------------+--------+-------------+------------+------------+-------------+--------+-----------------+
| Point                                                                                             | Fanout | Capacitance | Resistance | Transition | Delta Delay | Incr   | Path            |
+---------------------------------------------------------------------------------------------------+--------+-------------+------------+------------+-------------+--------+-----------------+
| clk (port)                                                                                        |        | 5.867       | 0.000      | 0.000      |             | 0.000  | 0.000r          |
| clk (clock net)                                                                                   | 3690   |             |            |            | NA          |        |                 |
| _792760_:CK (CLKGATE_X1)                                                                          |        | 0.002       | 0.000      | 0.000      |             | 0.000  | 0.000r          |
| _792760_:GCK (CLKGATE_X1)                                                                         |        | 17.454      | 0.000      | 0.000      |             | 0.000  | 0.000r          |
| _355317_ (clock net)                                                                              | 17873  |             |            |            | NA          |        |                 |
| u_systolic_array.pe_row[7].pe_col[2].u_pe_inst.b_valid_for_output_reg_$_DFFE_PN0P__Q:CK (DFFR_X1) |        | 0.001       | 0.000      | 0.000      |             | 0.000  | 0.000r          |
| clock clk (rise edge)                                                                             |        |             |            |            |             | 0      | 0               |
| clock network delay (ideal)                                                                       |        |             |            |            |             | 0.000  | 0.000           |
| u_systolic_array.pe_row[7].pe_col[2].u_pe_inst.b_valid_for_output_reg_$_DFFE_PN0P__Q:CK (DFFR_X1) |        | 0.001       | 0.000      | 0.000      |             | 0.000  | 0.000r          |
| u_systolic_array.pe_row[7].pe_col[2].u_pe_inst.b_valid_for_output_reg_$_DFFE_PN0P__Q:Q (DFFR_X1)  |        | 0.002       | 0.000      | 0.007      |             | 0.085  | 0.085f          |
| u_systolic_array.a_valid_wires[981][0] (net)                                                      | 2      |             |            |            | 0.000       |        |                 |
| u_systolic_array.pe_row[8].pe_col[2].u_pe_inst.b_valid_for_output_reg_$_DFFE_PN0P__Q:D (DFFR_X1)  |        | 0.001       | 0.000      | 0.007      |             | 0.000  | 0.085f          |
|                                                                                                   |        |             |            |            |             |        |                 |
| clk (port)                                                                                        |        | 5.867       | 0.000      | 0.000      |             | 0.000  | 0.000r          |
| clk (clock net)                                                                                   | 3690   |             |            |            | NA          |        |                 |
| _792760_:CK (CLKGATE_X1)                                                                          |        | 0.002       | 0.000      | 0.000      |             | 0.000  | 0.000r          |
| _792760_:GCK (CLKGATE_X1)                                                                         |        | 17.454      | 0.000      | 0.000      |             | 0.000  | 0.000r          |
| _355317_ (clock net)                                                                              | 17873  |             |            |            | NA          |        |                 |
| u_systolic_array.pe_row[8].pe_col[2].u_pe_inst.b_valid_for_output_reg_$_DFFE_PN0P__Q:CK (DFFR_X1) |        | 0.001       | 0.000      | 0.000      |             | 0.000  | 0.000r          |
| clock clk (rise edge)                                                                             |        |             |            |            |             | 0      | 0               |
| clock network delay (ideal)                                                                       |        |             |            |            |             | 0.000  | 0.000           |
| u_systolic_array.pe_row[8].pe_col[2].u_pe_inst.b_valid_for_output_reg_$_DFFE_PN0P__Q:CK (DFFR_X1) |        |             |            |            |             |        | 0.000r          |
| library hold time                                                                                 |        |             |            |            |             | 0.003  | 0.003           |
| clock reconvergence pessimism                                                                     |        |             |            |            |             | -0.000 | 0.003           |
|                                                                                                   |        |             |            |            |             |        |                 |
| path cell delay                                                                                   |        |             |            |            |             |        | 0.085(100.000%) |
| path net delay                                                                                    |        |             |            |            |             |        | 0.000(0.000%)   |
|                                                                                                   |        |             |            |            |             |        |                 |
| data require time                                                                                 |        |             |            |            |             |        | 0.003           |
| data arrival time                                                                                 |        |             |            |            |             |        | 0.085           |
| slack (MET)                                                                                       |        |             |            |            |             |        | 0.082           |
+---------------------------------------------------------------------------------------------------+--------+-------------+------------+------------+-------------+--------+-----------------+
+----------------------------------------------------------------------------------------------------+--------+-------------+------------+------------+-------------+--------+-----------------+
| Point                                                                                              | Fanout | Capacitance | Resistance | Transition | Delta Delay | Incr   | Path            |
+----------------------------------------------------------------------------------------------------+--------+-------------+------------+------------+-------------+--------+-----------------+
| clk (port)                                                                                         |        | 5.867       | 0.000      | 0.000      |             | 0.000  | 0.000r          |
| clk (clock net)                                                                                    | 3690   |             |            |            | NA          |        |                 |
| _792760_:CK (CLKGATE_X1)                                                                           |        | 0.002       | 0.000      | 0.000      |             | 0.000  | 0.000r          |
| _792760_:GCK (CLKGATE_X1)                                                                          |        | 17.454      | 0.000      | 0.000      |             | 0.000  | 0.000r          |
| _355317_ (clock net)                                                                               | 17873  |             |            |            | NA          |        |                 |
| u_systolic_array.pe_row[7].pe_col[28].u_pe_inst.b_valid_for_output_reg_$_DFFE_PN0P__Q:CK (DFFR_X1) |        | 0.001       | 0.000      | 0.000      |             | 0.000  | 0.000r          |
| clock clk (rise edge)                                                                              |        |             |            |            |             | 0      | 0               |
| clock network delay (ideal)                                                                        |        |             |            |            |             | 0.000  | 0.000           |
| u_systolic_array.pe_row[7].pe_col[28].u_pe_inst.b_valid_for_output_reg_$_DFFE_PN0P__Q:CK (DFFR_X1) |        | 0.001       | 0.000      | 0.000      |             | 0.000  | 0.000r          |
| u_systolic_array.pe_row[7].pe_col[28].u_pe_inst.b_valid_for_output_reg_$_DFFE_PN0P__Q:Q (DFFR_X1)  |        | 0.002       | 0.000      | 0.007      |             | 0.085  | 0.085f          |
| u_systolic_array.a_valid_wires[123][0] (net)                                                       | 2      |             |            |            | 0.000       |        |                 |
| u_systolic_array.pe_row[8].pe_col[28].u_pe_inst.b_valid_for_output_reg_$_DFFE_PN0P__Q:D (DFFR_X1)  |        | 0.001       | 0.000      | 0.007      |             | 0.000  | 0.085f          |
|                                                                                                    |        |             |            |            |             |        |                 |
| clk (port)                                                                                         |        | 5.867       | 0.000      | 0.000      |             | 0.000  | 0.000r          |
| clk (clock net)                                                                                    | 3690   |             |            |            | NA          |        |                 |
| _792760_:CK (CLKGATE_X1)                                                                           |        | 0.002       | 0.000      | 0.000      |             | 0.000  | 0.000r          |
| _792760_:GCK (CLKGATE_X1)                                                                          |        | 17.454      | 0.000      | 0.000      |             | 0.000  | 0.000r          |
| _355317_ (clock net)                                                                               | 17873  |             |            |            | NA          |        |                 |
| u_systolic_array.pe_row[8].pe_col[28].u_pe_inst.b_valid_for_output_reg_$_DFFE_PN0P__Q:CK (DFFR_X1) |        | 0.001       | 0.000      | 0.000      |             | 0.000  | 0.000r          |
| clock clk (rise edge)                                                                              |        |             |            |            |             | 0      | 0               |
| clock network delay (ideal)                                                                        |        |             |            |            |             | 0.000  | 0.000           |
| u_systolic_array.pe_row[8].pe_col[28].u_pe_inst.b_valid_for_output_reg_$_DFFE_PN0P__Q:CK (DFFR_X1) |        |             |            |            |             |        | 0.000r          |
| library hold time                                                                                  |        |             |            |            |             | 0.003  | 0.003           |
| clock reconvergence pessimism                                                                      |        |             |            |            |             | -0.000 | 0.003           |
|                                                                                                    |        |             |            |            |             |        |                 |
| path cell delay                                                                                    |        |             |            |            |             |        | 0.085(100.000%) |
| path net delay                                                                                     |        |             |            |            |             |        | 0.000(0.000%)   |
|                                                                                                    |        |             |            |            |             |        |                 |
| data require time                                                                                  |        |             |            |            |             |        | 0.003           |
| data arrival time                                                                                  |        |             |            |            |             |        | 0.085           |
| slack (MET)                                                                                        |        |             |            |            |             |        | 0.082           |
+----------------------------------------------------------------------------------------------------+--------+-------------+------------+------------+-------------+--------+-----------------+
+----------------------------------------------------------------------------------------------------+--------+-------------+------------+------------+-------------+--------+-----------------+
| Point                                                                                              | Fanout | Capacitance | Resistance | Transition | Delta Delay | Incr   | Path            |
+----------------------------------------------------------------------------------------------------+--------+-------------+------------+------------+-------------+--------+-----------------+
| clk (port)                                                                                         |        | 5.867       | 0.000      | 0.000      |             | 0.000  | 0.000r          |
| clk (clock net)                                                                                    | 3690   |             |            |            | NA          |        |                 |
| _792760_:CK (CLKGATE_X1)                                                                           |        | 0.002       | 0.000      | 0.000      |             | 0.000  | 0.000r          |
| _792760_:GCK (CLKGATE_X1)                                                                          |        | 17.454      | 0.000      | 0.000      |             | 0.000  | 0.000r          |
| _355317_ (clock net)                                                                               | 17873  |             |            |            | NA          |        |                 |
| u_systolic_array.pe_row[8].pe_col[23].u_pe_inst.a_valid_for_output_reg_$_DFFE_PN0P__Q:CK (DFFR_X1) |        | 0.001       | 0.000      | 0.000      |             | 0.000  | 0.000r          |
| clock clk (rise edge)                                                                              |        |             |            |            |             | 0      | 0               |
| clock network delay (ideal)                                                                        |        |             |            |            |             | 0.000  | 0.000           |
| u_systolic_array.pe_row[8].pe_col[23].u_pe_inst.a_valid_for_output_reg_$_DFFE_PN0P__Q:CK (DFFR_X1) |        | 0.001       | 0.000      | 0.000      |             | 0.000  | 0.000r          |
| u_systolic_array.pe_row[8].pe_col[23].u_pe_inst.a_valid_for_output_reg_$_DFFE_PN0P__Q:Q (DFFR_X1)  |        | 0.002       | 0.000      | 0.007      |             | 0.085  | 0.085f          |
| u_systolic_array.a_valid_wires[767][0] (net)                                                       | 2      |             |            |            | 0.000       |        |                 |
| u_systolic_array.pe_row[8].pe_col[24].u_pe_inst.a_valid_for_output_reg_$_DFFE_PN0P__Q:D (DFFR_X1)  |        | 0.001       | 0.000      | 0.007      |             | 0.000  | 0.085f          |
|                                                                                                    |        |             |            |            |             |        |                 |
| clk (port)                                                                                         |        | 5.867       | 0.000      | 0.000      |             | 0.000  | 0.000r          |
| clk (clock net)                                                                                    | 3690   |             |            |            | NA          |        |                 |
| _792760_:CK (CLKGATE_X1)                                                                           |        | 0.002       | 0.000      | 0.000      |             | 0.000  | 0.000r          |
| _792760_:GCK (CLKGATE_X1)                                                                          |        | 17.454      | 0.000      | 0.000      |             | 0.000  | 0.000r          |
| _355317_ (clock net)                                                                               | 17873  |             |            |            | NA          |        |                 |
| u_systolic_array.pe_row[8].pe_col[24].u_pe_inst.a_valid_for_output_reg_$_DFFE_PN0P__Q:CK (DFFR_X1) |        | 0.001       | 0.000      | 0.000      |             | 0.000  | 0.000r          |
| clock clk (rise edge)                                                                              |        |             |            |            |             | 0      | 0               |
| clock network delay (ideal)                                                                        |        |             |            |            |             | 0.000  | 0.000           |
| u_systolic_array.pe_row[8].pe_col[24].u_pe_inst.a_valid_for_output_reg_$_DFFE_PN0P__Q:CK (DFFR_X1) |        |             |            |            |             |        | 0.000r          |
| library hold time                                                                                  |        |             |            |            |             | 0.003  | 0.003           |
| clock reconvergence pessimism                                                                      |        |             |            |            |             | -0.000 | 0.003           |
|                                                                                                    |        |             |            |            |             |        |                 |
| path cell delay                                                                                    |        |             |            |            |             |        | 0.085(100.000%) |
| path net delay                                                                                     |        |             |            |            |             |        | 0.000(0.000%)   |
|                                                                                                    |        |             |            |            |             |        |                 |
| data require time                                                                                  |        |             |            |            |             |        | 0.003           |
| data arrival time                                                                                  |        |             |            |            |             |        | 0.085           |
| slack (MET)                                                                                        |        |             |            |            |             |        | 0.082           |
+----------------------------------------------------------------------------------------------------+--------+-------------+------------+------------+-------------+--------+-----------------+
+----------------------------------------------------------------------------------------------------------------------------------+--------+-------------+------------+------------+-------------+--------+-----------------+
| Point                                                                                                                            | Fanout | Capacitance | Resistance | Transition | Delta Delay | Incr   | Path            |
+----------------------------------------------------------------------------------------------------------------------------------+--------+-------------+------------+------------+-------------+--------+-----------------+
| clk (port)                                                                                                                       |        | 5.867       | 0.000      | 0.000      |             | 0.000  | 0.000r          |
| clk (clock net)                                                                                                                  | 3690   |             |            |            | NA          |        |                 |
| _792758_:CK (CLKGATE_X1)                                                                                                         |        | 0.002       | 0.000      | 0.000      |             | 0.000  | 0.000r          |
| _792758_:GCK (CLKGATE_X1)                                                                                                        |        | 1.516       | 0.000      | 0.000      |             | 0.000  | 0.000r          |
| _355315_ (clock net)                                                                                                             | 1552   |             |            |            | NA          |        |                 |
| u_systolic_array.pe_row[18].pe_col[23].u_pe_inst.pe_calculation_done_latch_$_DFFE_PN0N__Q:CK (DFFR_X1)                           |        | 0.001       | 0.000      | 0.000      |             | 0.000  | 0.000r          |
| clock clk (rise edge)                                                                                                            |        |             |            |            |             | 0      | 0               |
| clock network delay (ideal)                                                                                                      |        |             |            |            |             | 0.000  | 0.000           |
| u_systolic_array.pe_row[18].pe_col[23].u_pe_inst.pe_calculation_done_latch_$_DFFE_PN0N__Q:CK (DFFR_X1)                           |        | 0.001       | 0.000      | 0.000      |             | 0.000  | 0.000r          |
| u_systolic_array.pe_row[18].pe_col[23].u_pe_inst.pe_calculation_done_latch_$_DFFE_PN0N__Q:QN (DFFR_X1)                           |        | 0.003       | 0.000      | 0.013      |             | 0.069  | 0.069r          |
| u_systolic_array.pe_row[18].pe_col[23].u_pe_inst.pe_calculation_done_latch_$_NOT__A_Y (net)                                      | 2      |             |            |            | 0.000       |        |                 |
| _534875_:A (INV_X1)                                                                                                              |        | 0.002       | 0.000      | 0.013      |             | 0.000  | 0.069r          |
| _534875_:ZN (INV_X1)                                                                                                             |        | 0.003       | 0.000      | 0.006      |             | 0.011  | 0.080f          |
| _109067_ (net)                                                                                                                   | 2      |             |            |            | 0.000       |        |                 |
| _534876_:C1 (AOI211_X1)                                                                                                          |        | 0.002       | 0.000      | 0.006      |             | 0.000  | 0.080f          |
| _534876_:ZN (AOI211_X1)                                                                                                          |        | 0.001       | 0.000      | 0.026      |             | 0.031  | 0.110r          |
| u_systolic_array.pe_row[18].pe_col[23].u_pe_inst.pe_calculation_done_latch_$_OR__B_Y_$_ANDNOT__B_Y_$_OR__A_Y_$_ANDNOT__B_Y (net) | 1      |             |            |            | 0.000       |        |                 |
| _792303_:E (CLKGATE_X1)                                                                                                          |        | 0.001       | 0.000      | 0.026      |             | 0.000  | 0.110r          |
|                                                                                                                                  |        |             |            |            |             |        |                 |
| clk (port)                                                                                                                       |        | 5.867       | 0.000      | 0.000      |             | 0.000  | 0.000r          |
| clk (clock net)                                                                                                                  | 3690   |             |            |            | NA          |        |                 |
| _792303_:CK (CLKGATE_X1)                                                                                                         |        | 0.002       | 0.000      | 0.000      |             | 0.000  | 0.000r          |
| clock clk (rise edge)                                                                                                            |        |             |            |            |             | 0      | 0               |
| clock network delay (ideal)                                                                                                      |        |             |            |            |             | 0.000  | 0.000           |
| _792303_:CK (CLKGATE_X1)                                                                                                         |        |             |            |            |             |        | 0.000r          |
| library hold time                                                                                                                |        |             |            |            |             | 0.001  | 0.001           |
| clock reconvergence pessimism                                                                                                    |        |             |            |            |             | -0.000 | 0.001           |
|                                                                                                                                  |        |             |            |            |             |        |                 |
| path cell delay                                                                                                                  |        |             |            |            |             |        | 0.110(100.000%) |
| path net delay                                                                                                                   |        |             |            |            |             |        | 0.000(0.000%)   |
|                                                                                                                                  |        |             |            |            |             |        |                 |
| data require time                                                                                                                |        |             |            |            |             |        | 0.001           |
| data arrival time                                                                                                                |        |             |            |            |             |        | 0.110           |
| slack (MET)                                                                                                                      |        |             |            |            |             |        | 0.109           |
+----------------------------------------------------------------------------------------------------------------------------------+--------+-------------+------------+------------+-------------+--------+-----------------+
+----------------------------------------------------------------------------------------------------------------------------------+--------+-------------+------------+------------+-------------+--------+-----------------+
| Point                                                                                                                            | Fanout | Capacitance | Resistance | Transition | Delta Delay | Incr   | Path            |
+----------------------------------------------------------------------------------------------------------------------------------+--------+-------------+------------+------------+-------------+--------+-----------------+
| clk (port)                                                                                                                       |        | 5.867       | 0.000      | 0.000      |             | 0.000  | 0.000r          |
| clk (clock net)                                                                                                                  | 3690   |             |            |            | NA          |        |                 |
| _792758_:CK (CLKGATE_X1)                                                                                                         |        | 0.002       | 0.000      | 0.000      |             | 0.000  | 0.000r          |
| _792758_:GCK (CLKGATE_X1)                                                                                                        |        | 1.516       | 0.000      | 0.000      |             | 0.000  | 0.000r          |
| _355315_ (clock net)                                                                                                             | 1552   |             |            |            | NA          |        |                 |
| u_systolic_array.pe_row[19].pe_col[25].u_pe_inst.pe_calculation_done_latch_$_DFFE_PN0N__Q:CK (DFFR_X1)                           |        | 0.001       | 0.000      | 0.000      |             | 0.000  | 0.000r          |
| clock clk (rise edge)                                                                                                            |        |             |            |            |             | 0      | 0               |
| clock network delay (ideal)                                                                                                      |        |             |            |            |             | 0.000  | 0.000           |
| u_systolic_array.pe_row[19].pe_col[25].u_pe_inst.pe_calculation_done_latch_$_DFFE_PN0N__Q:CK (DFFR_X1)                           |        | 0.001       | 0.000      | 0.000      |             | 0.000  | 0.000r          |
| u_systolic_array.pe_row[19].pe_col[25].u_pe_inst.pe_calculation_done_latch_$_DFFE_PN0N__Q:QN (DFFR_X1)                           |        | 0.003       | 0.000      | 0.013      |             | 0.069  | 0.069r          |
| u_systolic_array.pe_row[19].pe_col[25].u_pe_inst.pe_calculation_done_latch_$_NOT__A_Y (net)                                      | 2      |             |            |            | 0.000       |        |                 |
| _546298_:A (INV_X1)                                                                                                              |        | 0.002       | 0.000      | 0.013      |             | 0.000  | 0.069r          |
| _546298_:ZN (INV_X1)                                                                                                             |        | 0.003       | 0.000      | 0.006      |             | 0.011  | 0.080f          |
| _119392_ (net)                                                                                                                   | 2      |             |            |            | 0.000       |        |                 |
| _546299_:C1 (AOI211_X1)                                                                                                          |        | 0.002       | 0.000      | 0.006      |             | 0.000  | 0.080f          |
| _546299_:ZN (AOI211_X1)                                                                                                          |        | 0.001       | 0.000      | 0.026      |             | 0.031  | 0.110r          |
| u_systolic_array.pe_row[19].pe_col[25].u_pe_inst.pe_calculation_done_latch_$_OR__B_Y_$_ANDNOT__B_Y_$_OR__A_Y_$_ANDNOT__B_Y (net) | 1      |             |            |            | 0.000       |        |                 |
| _792253_:E (CLKGATE_X1)                                                                                                          |        | 0.001       | 0.000      | 0.026      |             | 0.000  | 0.110r          |
|                                                                                                                                  |        |             |            |            |             |        |                 |
| clk (port)                                                                                                                       |        | 5.867       | 0.000      | 0.000      |             | 0.000  | 0.000r          |
| clk (clock net)                                                                                                                  | 3690   |             |            |            | NA          |        |                 |
| _792253_:CK (CLKGATE_X1)                                                                                                         |        | 0.002       | 0.000      | 0.000      |             | 0.000  | 0.000r          |
| clock clk (rise edge)                                                                                                            |        |             |            |            |             | 0      | 0               |
| clock network delay (ideal)                                                                                                      |        |             |            |            |             | 0.000  | 0.000           |
| _792253_:CK (CLKGATE_X1)                                                                                                         |        |             |            |            |             |        | 0.000r          |
| library hold time                                                                                                                |        |             |            |            |             | 0.001  | 0.001           |
| clock reconvergence pessimism                                                                                                    |        |             |            |            |             | -0.000 | 0.001           |
|                                                                                                                                  |        |             |            |            |             |        |                 |
| path cell delay                                                                                                                  |        |             |            |            |             |        | 0.110(100.000%) |
| path net delay                                                                                                                   |        |             |            |            |             |        | 0.000(0.000%)   |
|                                                                                                                                  |        |             |            |            |             |        |                 |
| data require time                                                                                                                |        |             |            |            |             |        | 0.001           |
| data arrival time                                                                                                                |        |             |            |            |             |        | 0.110           |
| slack (MET)                                                                                                                      |        |             |            |            |             |        | 0.109           |
+----------------------------------------------------------------------------------------------------------------------------------+--------+-------------+------------+------------+-------------+--------+-----------------+
+-------------------------------------------------------------------------------------------------------------------------+--------+-------------+------------+------------+-------------+--------+-----------------+
| Point                                                                                                                   | Fanout | Capacitance | Resistance | Transition | Delta Delay | Incr   | Path            |
+-------------------------------------------------------------------------------------------------------------------------+--------+-------------+------------+------------+-------------+--------+-----------------+
| clk (port)                                                                                                              |        | 5.867       | 0.000      | 0.000      |             | 0.000  | 0.000r          |
| clk (clock net)                                                                                                         | 3690   |             |            |            | NA          |        |                 |
| _792758_:CK (CLKGATE_X1)                                                                                                |        | 0.002       | 0.000      | 0.000      |             | 0.000  | 0.000r          |
| _792758_:GCK (CLKGATE_X1)                                                                                               |        | 1.516       | 0.000      | 0.000      |             | 0.000  | 0.000r          |
| _355315_ (clock net)                                                                                                    | 1552   |             |            |            | NA          |        |                 |
| u_systolic_array.pe_row[15].pe_col[24].u_pe_inst.pe_calculation_done_latch_$_DFFE_PN0N__Q:CK (DFFR_X1)                  |        | 0.001       | 0.000      | 0.000      |             | 0.000  | 0.000r          |
| clock clk (rise edge)                                                                                                   |        |             |            |            |             | 0      | 0               |
| clock network delay (ideal)                                                                                             |        |             |            |            |             | 0.000  | 0.000           |
| u_systolic_array.pe_row[15].pe_col[24].u_pe_inst.pe_calculation_done_latch_$_DFFE_PN0N__Q:CK (DFFR_X1)                  |        | 0.001       | 0.000      | 0.000      |             | 0.000  | 0.000r          |
| u_systolic_array.pe_row[15].pe_col[24].u_pe_inst.pe_calculation_done_latch_$_DFFE_PN0N__Q:QN (DFFR_X1)                  |        | 0.003       | 0.000      | 0.013      |             | 0.069  | 0.069r          |
| u_systolic_array.pe_row[15].pe_col[24].u_pe_inst.pe_calculation_done_latch_$_NOT__A_Y (net)                             | 2      |             |            |            | 0.000       |        |                 |
| _500695_:A (INV_X1)                                                                                                     |        | 0.002       | 0.000      | 0.013      |             | 0.000  | 0.069r          |
| _500695_:ZN (INV_X1)                                                                                                    |        | 0.003       | 0.000      | 0.006      |             | 0.011  | 0.080f          |
| _078214_ (net)                                                                                                          | 2      |             |            |            | 0.000       |        |                 |
| _500696_:C1 (AOI211_X1)                                                                                                 |        | 0.002       | 0.000      | 0.006      |             | 0.000  | 0.080f          |
| _500696_:ZN (AOI211_X1)                                                                                                 |        | 0.001       | 0.000      | 0.026      |             | 0.031  | 0.110r          |
| u_systolic_array.pe_row[15].pe_col[24].u_pe_inst.pe_calculation_done_latch_$_NOT__A_Y_$_ANDNOT__B_Y_$_ANDNOT__B_Y (net) | 1      |             |            |            | 0.000       |        |                 |
| _792446_:E (CLKGATE_X1)                                                                                                 |        | 0.001       | 0.000      | 0.026      |             | 0.000  | 0.110r          |
|                                                                                                                         |        |             |            |            |             |        |                 |
| clk (port)                                                                                                              |        | 5.867       | 0.000      | 0.000      |             | 0.000  | 0.000r          |
| clk (clock net)                                                                                                         | 3690   |             |            |            | NA          |        |                 |
| _792446_:CK (CLKGATE_X1)                                                                                                |        | 0.002       | 0.000      | 0.000      |             | 0.000  | 0.000r          |
| clock clk (rise edge)                                                                                                   |        |             |            |            |             | 0      | 0               |
| clock network delay (ideal)                                                                                             |        |             |            |            |             | 0.000  | 0.000           |
| _792446_:CK (CLKGATE_X1)                                                                                                |        |             |            |            |             |        | 0.000r          |
| library hold time                                                                                                       |        |             |            |            |             | 0.001  | 0.001           |
| clock reconvergence pessimism                                                                                           |        |             |            |            |             | -0.000 | 0.001           |
|                                                                                                                         |        |             |            |            |             |        |                 |
| path cell delay                                                                                                         |        |             |            |            |             |        | 0.110(100.000%) |
| path net delay                                                                                                          |        |             |            |            |             |        | 0.000(0.000%)   |
|                                                                                                                         |        |             |            |            |             |        |                 |
| data require time                                                                                                       |        |             |            |            |             |        | 0.001           |
| data arrival time                                                                                                       |        |             |            |            |             |        | 0.110           |
| slack (MET)                                                                                                             |        |             |            |            |             |        | 0.109           |
+-------------------------------------------------------------------------------------------------------------------------+--------+-------------+------------+------------+-------------+--------+-----------------+
+----------------------------------------------------------------------------------------------------------------------------------+--------+-------------+------------+------------+-------------+--------+-----------------+
| Point                                                                                                                            | Fanout | Capacitance | Resistance | Transition | Delta Delay | Incr   | Path            |
+----------------------------------------------------------------------------------------------------------------------------------+--------+-------------+------------+------------+-------------+--------+-----------------+
| clk (port)                                                                                                                       |        | 5.867       | 0.000      | 0.000      |             | 0.000  | 0.000r          |
| clk (clock net)                                                                                                                  | 3690   |             |            |            | NA          |        |                 |
| _792758_:CK (CLKGATE_X1)                                                                                                         |        | 0.002       | 0.000      | 0.000      |             | 0.000  | 0.000r          |
| _792758_:GCK (CLKGATE_X1)                                                                                                        |        | 1.516       | 0.000      | 0.000      |             | 0.000  | 0.000r          |
| _355315_ (clock net)                                                                                                             | 1552   |             |            |            | NA          |        |                 |
| u_systolic_array.pe_row[25].pe_col[18].u_pe_inst.pe_calculation_done_latch_$_DFFE_PN0N__Q:CK (DFFR_X1)                           |        | 0.001       | 0.000      | 0.000      |             | 0.000  | 0.000r          |
| clock clk (rise edge)                                                                                                            |        |             |            |            |             | 0      | 0               |
| clock network delay (ideal)                                                                                                      |        |             |            |            |             | 0.000  | 0.000           |
| u_systolic_array.pe_row[25].pe_col[18].u_pe_inst.pe_calculation_done_latch_$_DFFE_PN0N__Q:CK (DFFR_X1)                           |        | 0.001       | 0.000      | 0.000      |             | 0.000  | 0.000r          |
| u_systolic_array.pe_row[25].pe_col[18].u_pe_inst.pe_calculation_done_latch_$_DFFE_PN0N__Q:QN (DFFR_X1)                           |        | 0.003       | 0.000      | 0.013      |             | 0.069  | 0.069r          |
| u_systolic_array.pe_row[25].pe_col[18].u_pe_inst.pe_calculation_done_latch_$_NOT__A_Y (net)                                      | 2      |             |            |            | 0.000       |        |                 |
| _625004_:A (INV_X1)                                                                                                              |        | 0.002       | 0.000      | 0.013      |             | 0.000  | 0.069r          |
| _625004_:ZN (INV_X1)                                                                                                             |        | 0.003       | 0.000      | 0.006      |             | 0.011  | 0.080f          |
| _190662_ (net)                                                                                                                   | 2      |             |            |            | 0.000       |        |                 |
| _625005_:C1 (AOI211_X1)                                                                                                          |        | 0.002       | 0.000      | 0.006      |             | 0.000  | 0.080f          |
| _625005_:ZN (AOI211_X1)                                                                                                          |        | 0.001       | 0.000      | 0.026      |             | 0.031  | 0.110r          |
| u_systolic_array.pe_row[25].pe_col[18].u_pe_inst.pe_calculation_done_latch_$_OR__B_Y_$_ANDNOT__B_Y_$_OR__A_Y_$_ANDNOT__B_Y (net) | 1      |             |            |            | 0.000       |        |                 |
| _791926_:E (CLKGATE_X1)                                                                                                          |        | 0.001       | 0.000      | 0.026      |             | 0.000  | 0.110r          |
|                                                                                                                                  |        |             |            |            |             |        |                 |
| clk (port)                                                                                                                       |        | 5.867       | 0.000      | 0.000      |             | 0.000  | 0.000r          |
| clk (clock net)                                                                                                                  | 3690   |             |            |            | NA          |        |                 |
| _791926_:CK (CLKGATE_X1)                                                                                                         |        | 0.002       | 0.000      | 0.000      |             | 0.000  | 0.000r          |
| clock clk (rise edge)                                                                                                            |        |             |            |            |             | 0      | 0               |
| clock network delay (ideal)                                                                                                      |        |             |            |            |             | 0.000  | 0.000           |
| _791926_:CK (CLKGATE_X1)                                                                                                         |        |             |            |            |             |        | 0.000r          |
| library hold time                                                                                                                |        |             |            |            |             | 0.001  | 0.001           |
| clock reconvergence pessimism                                                                                                    |        |             |            |            |             | -0.000 | 0.001           |
|                                                                                                                                  |        |             |            |            |             |        |                 |
| path cell delay                                                                                                                  |        |             |            |            |             |        | 0.110(100.000%) |
| path net delay                                                                                                                   |        |             |            |            |             |        | 0.000(0.000%)   |
|                                                                                                                                  |        |             |            |            |             |        |                 |
| data require time                                                                                                                |        |             |            |            |             |        | 0.001           |
| data arrival time                                                                                                                |        |             |            |            |             |        | 0.110           |
| slack (MET)                                                                                                                      |        |             |            |            |             |        | 0.109           |
+----------------------------------------------------------------------------------------------------------------------------------+--------+-------------+------------+------------+-------------+--------+-----------------+
+----------------------------------------------------------------------------------------------------------------------------------+--------+-------------+------------+------------+-------------+--------+-----------------+
| Point                                                                                                                            | Fanout | Capacitance | Resistance | Transition | Delta Delay | Incr   | Path            |
+----------------------------------------------------------------------------------------------------------------------------------+--------+-------------+------------+------------+-------------+--------+-----------------+
| clk (port)                                                                                                                       |        | 5.867       | 0.000      | 0.000      |             | 0.000  | 0.000r          |
| clk (clock net)                                                                                                                  | 3690   |             |            |            | NA          |        |                 |
| _792758_:CK (CLKGATE_X1)                                                                                                         |        | 0.002       | 0.000      | 0.000      |             | 0.000  | 0.000r          |
| _792758_:GCK (CLKGATE_X1)                                                                                                        |        | 1.516       | 0.000      | 0.000      |             | 0.000  | 0.000r          |
| _355315_ (clock net)                                                                                                             | 1552   |             |            |            | NA          |        |                 |
| u_systolic_array.pe_row[25].pe_col[26].u_pe_inst.pe_calculation_done_latch_$_DFFE_PN0N__Q:CK (DFFR_X1)                           |        | 0.001       | 0.000      | 0.000      |             | 0.000  | 0.000r          |
| clock clk (rise edge)                                                                                                            |        |             |            |            |             | 0      | 0               |
| clock network delay (ideal)                                                                                                      |        |             |            |            |             | 0.000  | 0.000           |
| u_systolic_array.pe_row[25].pe_col[26].u_pe_inst.pe_calculation_done_latch_$_DFFE_PN0N__Q:CK (DFFR_X1)                           |        | 0.001       | 0.000      | 0.000      |             | 0.000  | 0.000r          |
| u_systolic_array.pe_row[25].pe_col[26].u_pe_inst.pe_calculation_done_latch_$_DFFE_PN0N__Q:QN (DFFR_X1)                           |        | 0.003       | 0.000      | 0.013      |             | 0.069  | 0.069r          |
| u_systolic_array.pe_row[25].pe_col[26].u_pe_inst.pe_calculation_done_latch_$_NOT__A_Y (net)                                      | 2      |             |            |            | 0.000       |        |                 |
| _625964_:A (INV_X1)                                                                                                              |        | 0.002       | 0.000      | 0.013      |             | 0.000  | 0.069r          |
| _625964_:ZN (INV_X1)                                                                                                             |        | 0.003       | 0.000      | 0.006      |             | 0.011  | 0.080f          |
| _191479_ (net)                                                                                                                   | 2      |             |            |            | 0.000       |        |                 |
| _625965_:C1 (AOI211_X1)                                                                                                          |        | 0.002       | 0.000      | 0.006      |             | 0.000  | 0.080f          |
| _625965_:ZN (AOI211_X1)                                                                                                          |        | 0.001       | 0.000      | 0.026      |             | 0.031  | 0.110r          |
| u_systolic_array.pe_row[25].pe_col[26].u_pe_inst.pe_calculation_done_latch_$_OR__B_Y_$_ANDNOT__B_Y_$_OR__A_Y_$_ANDNOT__B_Y (net) | 1      |             |            |            | 0.000       |        |                 |
| _791916_:E (CLKGATE_X1)                                                                                                          |        | 0.001       | 0.000      | 0.026      |             | 0.000  | 0.110r          |
|                                                                                                                                  |        |             |            |            |             |        |                 |
| clk (port)                                                                                                                       |        | 5.867       | 0.000      | 0.000      |             | 0.000  | 0.000r          |
| clk (clock net)                                                                                                                  | 3690   |             |            |            | NA          |        |                 |
| _791916_:CK (CLKGATE_X1)                                                                                                         |        | 0.002       | 0.000      | 0.000      |             | 0.000  | 0.000r          |
| clock clk (rise edge)                                                                                                            |        |             |            |            |             | 0      | 0               |
| clock network delay (ideal)                                                                                                      |        |             |            |            |             | 0.000  | 0.000           |
| _791916_:CK (CLKGATE_X1)                                                                                                         |        |             |            |            |             |        | 0.000r          |
| library hold time                                                                                                                |        |             |            |            |             | 0.001  | 0.001           |
| clock reconvergence pessimism                                                                                                    |        |             |            |            |             | -0.000 | 0.001           |
|                                                                                                                                  |        |             |            |            |             |        |                 |
| path cell delay                                                                                                                  |        |             |            |            |             |        | 0.110(100.000%) |
| path net delay                                                                                                                   |        |             |            |            |             |        | 0.000(0.000%)   |
|                                                                                                                                  |        |             |            |            |             |        |                 |
| data require time                                                                                                                |        |             |            |            |             |        | 0.001           |
| data arrival time                                                                                                                |        |             |            |            |             |        | 0.110           |
| slack (MET)                                                                                                                      |        |             |            |            |             |        | 0.109           |
+----------------------------------------------------------------------------------------------------------------------------------+--------+-------------+------------+------------+-------------+--------+-----------------+
